EpIntrinsicRew/step,EpLenMean,EpRew/step,EpThisIter,EpTotalRewMean,EpisodesSoFar,MaxIntrinsicRew,TimeElapsed,TimestepsSoFar,entloss,entropy,ev_tdlam_before,meankl,optimgain,surrgain
0.0,60.23529411764706,-15.706951245855668,17,-593.1193293955465,17,0.0,22.683051824569702,1024,0.0,1.6087372,9.965896606445312e-05,0.00066900393,0.011339594,0.011339594
0.0,60.23529411764706,-15.87505847291573,17,-592.1304190138985,34,0.0,45.3361177444458,2048,0.0,1.6078873,-0.00043845176696777344,0.00073261734,0.0119310655,0.0119310655
0.0,58.275,-15.332482360303107,20,-580.7182648498765,54,0.0,68.36097025871277,3072,0.0,1.60695,-0.0003917217254638672,0.0007065134,0.012207041,0.012207041
0.0,56.825,-14.348095079736296,17,-579.9748577794865,71,0.0,89.53762006759644,4096,0.0,1.6053064,0.00024020671844482422,0.0006851865,0.011400615,0.011400615
0.0,58.925,-13.90099712048181,16,-580.1875725564414,87,0.0,110.1534640789032,5120,0.0,1.6039332,-0.0006287097930908203,0.0007484508,0.013472835,0.013472835
0.0,65.95,-12.059841172436595,16,-583.9936729554499,103,0.0,131.8982937335968,6144,0.0,1.6025195,0.00010097026824951172,0.0007860622,0.012601364,0.012601364
0.0,62.925,-12.910903339842935,16,-582.4775110620127,119,0.0,154.7778034210205,7168,0.0,1.5993407,-0.00023412704467773438,0.0007637782,0.010544661,0.010544661
0.0,57.75,-14.045501076190451,18,-579.3203049782214,137,0.0,175.33513617515564,8192,0.0,1.5964913,-0.0005018711090087891,0.00083408185,0.013938652,0.013938652
0.0,58.725,-13.216612574963232,16,-579.3573973831092,153,0.0,196.04873824119568,9216,0.0,1.595809,0.00029724836349487305,0.0007950305,0.013405816,0.013405816
0.0,73.65,-12.383730957513247,9,-586.9341088190052,162,0.0,218.72568607330322,10240,0.0,1.5937798,0.0003496408462524414,0.00072625553,0.013012208,0.013012208
0.0,84.05,-11.31705742485562,12,-577.2324122198061,174,0.0,240.30692982673645,11264,0.0,1.5914853,-0.0011500120162963867,0.0008071546,0.011377824,0.011377824
0.0,89.725,-11.544385623805667,13,-582.6963129559629,187,0.0,260.7528922557831,12288,0.0,1.5889003,-0.0005091428756713867,0.00076442596,0.011939085,0.011939085
0.0,80.075,-12.2081005693125,14,-592.0162838130151,201,0.0,281.3620729446411,13312,0.0,1.5860174,-0.00041294097900390625,0.00081253704,0.012085501,0.012085501
0.0,82.775,-11.865148832481916,12,-593.0681294914399,213,0.0,301.8318362236023,14336,0.0,1.588819,-0.0002636909484863281,0.00070456474,0.011114871,0.011114871
0.0,80.65,-11.151223719002504,11,-589.419079463235,224,0.0,322.42375779151917,15360,0.0,1.5817357,-0.0006277561187744141,0.000822744,0.012148795,0.012148795
0.0,86.225,-10.058507669579004,11,-591.256806271845,235,0.0,343.11900806427,16384,0.0,1.5804982,0.0013114213943481445,0.00080781576,0.012359956,0.012359956
0.0,104.1,-8.691625529075221,5,-585.0564930411713,240,0.0,363.7138569355011,17408,0.0,1.5772307,0.0002791285514831543,0.0007811878,0.011602759,0.011602759
0.0,113.325,-8.096422744695078,9,-574.4312282031418,249,0.0,384.0445086956024,18432,0.0,1.5751388,-0.0011830329895019531,0.0008287794,0.010777203,0.010777203
0.0,123.1,-7.312212367039384,7,-548.8381301757045,256,0.0,404.8446624279022,19456,0.0,1.5666614,-0.0012669563293457031,0.0007731917,0.011436333,0.011436333
0.0,120.325,-8.344349047434807,12,-535.3099501625169,268,0.0,425.4873046875,20480,0.0,1.5677581,0.0015391111373901367,0.00078579714,0.011231005,0.011231005
0.0,128.0,-8.322605332633149,7,-509.4548131523785,275,0.0,446.3621642589569,21504,0.0,1.563699,-0.0005909204483032227,0.00073997484,0.01209753,0.01209753
0.0,105.85,-9.88792583742172,12,-515.281513364274,287,0.0,467.69314551353455,22528,0.0,1.5632439,-0.00299835205078125,0.0008299946,0.012666231,0.012666231
0.0,100.95,-9.842967017301996,10,-528.1833531755705,297,0.0,488.99062991142273,23552,0.0,1.5543715,-0.0006417036056518555,0.00077643036,0.011281513,0.011281513
0.0,106.85,-9.274345755887504,7,-514.6000873802184,304,0.0,511.5443308353424,24576,0.0,1.5564706,0.0007745027542114258,0.00083871617,0.012729811,0.012729811
0.0,120.5,-8.382265775371163,5,-505.7729327870822,309,0.0,532.3848700523376,25600,0.0,1.5519476,0.0003669857978820801,0.0007665503,0.014427472,0.014427472
0.0,123.9,-7.320899790439498,9,-522.0982757598946,318,0.0,552.8528387546539,26624,0.0,1.5541762,0.0027156472206115723,0.0008776325,0.012452824,0.012452824
0.0,120.5,-7.898649354232805,10,-534.437164446512,328,0.0,573.291538476944,27648,0.0,1.5618799,-0.00023996829986572266,0.0007991836,0.011711887,0.011711887
0.0,131.3,-7.218453634751427,7,-495.03185359298516,335,0.0,594.1710765361786,28672,0.0,1.5605515,-0.00048220157623291016,0.0008768354,0.011398397,0.011398397
0.0,140.925,-6.689530791646698,6,-469.9409741512958,341,0.0,614.8804404735565,29696,0.0,1.5541449,-0.008342146873474121,0.00082826626,0.012541436,0.012541436
0.0,122.525,-7.816149630016989,9,-491.7272008036518,350,0.0,635.7232210636139,30720,0.0,1.5471731,-0.0011228322982788086,0.00080280064,0.013653366,0.013653366
0.0,128.125,-7.563080581256756,7,-463.5482551732879,357,0.0,656.7557661533356,31744,0.0,1.5567883,-0.00036728382110595703,0.00076380116,0.010885165,0.010885165
0.0,148.4,-6.511612035761454,5,-458.46787859746036,362,0.0,677.2312119007111,32768,0.0,1.5487359,-0.0022001266479492188,0.00082991587,0.011170726,0.011170726
0.0,151.675,-6.209521245361314,8,-445.15626454844676,370,0.0,698.1295034885406,33792,0.0,1.5515101,-4.9114227294921875e-05,0.00077610696,0.01119676,0.01119676
0.0,153.6,-6.346272472723,5,-475.6516960180546,375,0.0,719.0785360336304,34816,0.0,1.5571172,-9.5367431640625e-07,0.00087753753,0.011879761,0.011879761
0.0,141.65,-7.3070506933463335,9,-499.00760338188775,384,0.0,742.1200437545776,35840,0.0,1.560375,0.00017499923706054688,0.0007712789,0.013679949,0.013679949
0.0,155.475,-6.3727779902636374,5,-474.4522602394287,389,0.0,762.7559900283813,36864,0.0,1.5456895,-0.0004532337188720703,0.00082813785,0.015813984,0.015813984
0.0,169.75,-6.066484122693676,4,-450.92780921423457,393,0.0,783.1822328567505,37888,0.0,1.5581689,0.0005646347999572754,0.00080290344,0.010926862,0.010926862
0.0,153.6,-6.887125467318844,9,-474.5701157650945,402,0.0,803.7820041179657,38912,0.0,1.5480025,-0.0003542900085449219,0.0008157047,0.012777844,0.012777844
0.0,148.375,-7.642150760204023,9,-457.51634874744104,411,0.0,824.4542376995087,39936,0.0,1.5496416,-0.0009031295776367188,0.0008015855,0.014324339,0.014324339
0.0,149.6,-7.604630704703408,5,-429.16887069189454,416,0.0,844.5906584262848,40960,0.0,1.5435814,-0.0006135702133178711,0.00077384885,0.012239426,0.012239426
0.0,161.65,-6.960623466033953,5,-421.2104555938369,421,0.0,865.6707234382629,41984,0.0,1.5520037,-0.000255584716796875,0.0008004517,0.0117966775,0.0117966775
0.0,166.625,-6.136182036252379,6,-425.6422908593069,427,0.0,886.3338994979858,43008,0.0,1.5335643,0.0001842975616455078,0.0008943744,0.014339395,0.014339395
0.0,152.775,-6.536476673736075,7,-464.9541272948976,434,0.0,906.9754178524017,44032,0.0,1.5461122,0.0001627206802368164,0.0008281878,0.01259514,0.01259514
0.0,157.1,-6.341394973887571,6,-436.15548228271217,440,0.0,927.7069239616394,45056,0.0,1.5465854,-0.00035011768341064453,0.000804113,0.013991243,0.013991243
0.0,175.125,-5.24018137196189,5,-429.6954056193252,445,0.0,948.5396463871002,46080,0.0,1.5315758,0.0005195736885070801,0.0008885247,0.011216033,0.011216033
0.0,179.2,-4.435638813219079,6,-431.89497134275297,451,0.0,969.1538639068604,47104,0.0,1.5371171,0.00021767616271972656,0.000846704,0.01155717,0.01155717
0.0,168.025,-4.946119390758929,7,-439.7931469157091,458,0.0,989.8941354751587,48128,0.0,1.5128789,-0.0024175643920898438,0.0007962757,0.015921079,0.015921079
0.0,166.875,-4.781310827964766,5,-424.04924947191466,463,0.0,1010.7369074821472,49152,0.0,1.54279,0.00045222043991088867,0.0008901947,0.01022172,0.01022172
0.0,168.65,-5.133439703802183,6,-394.37940172574434,469,0.0,1031.3788199424744,50176,0.0,1.5297344,0.00010418891906738281,0.0008435739,0.011944449,0.011944449
0.0,178.55,-4.55694453138306,6,-382.99911746399687,475,0.0,1052.1345798969269,51200,0.0,1.5148623,-0.00025665760040283203,0.0007905903,0.009922777,0.009922777
0.0,171.7,-4.7395597744367794,6,-393.536118796783,481,0.0,1072.7892351150513,52224,0.0,1.5021377,0.0063277482986450195,0.00087629294,0.011155513,0.011155513
0.0,179.2,-4.5321721656079195,4,-352.71129492675334,485,0.0,1093.2090392112732,53248,0.0,1.5308275,-0.004633903503417969,0.0008291111,0.012805967,0.012805967
0.0,180.35,-4.173174393124279,5,-322.6924083377564,490,0.0,1114.2816462516785,54272,0.0,1.5354154,-0.00012040138244628906,0.00093293126,0.012597841,0.012597841
0.0,189.95,-3.7366280598286408,6,-312.9556438825233,496,0.0,1135.7519624233246,55296,0.0,1.53152,-2.3245811462402344e-05,0.00079828955,0.012309895,0.012309895
0.0,186.025,-3.611303371390767,6,-327.43662257192426,502,0.0,1158.9978501796722,56320,0.0,1.5253669,-0.00046813488006591797,0.0008224286,0.011601169,0.011601169
0.0,186.85,-3.2168261762620864,5,-342.8259780136101,507,0.0,1180.2181060314178,57344,0.0,1.5341967,0.00026929378509521484,0.0007666687,0.011005499,0.011005499
0.0,193.175,-2.8851196006838604,5,-330.9228195886575,512,0.0,1201.1284787654877,58368,0.0,1.5321894,-0.0007838010787963867,0.0008709512,0.013873992,0.013873992
0.0,202.9,-2.38339346639872,4,-321.37746278642663,516,0.0,1221.7069840431213,59392,0.0,1.538322,-2.4557113647460938e-05,0.0009777372,0.012592866,0.012592866
0.0,197.3,-2.948150986001282,6,-334.7930481751035,522,0.0,1242.4290442466736,60416,0.0,1.526503,-0.0006095170974731445,0.00084913324,0.01713386,0.01713386
0.0,197.3,-3.0870554049761814,4,-365.49031614641353,526,0.0,1263.2064406871796,61440,0.0,1.53108,0.00012040138244628906,0.0008434132,0.012114659,0.012114659
0.0,193.3,-3.9027104058907236,6,-379.1974417273923,532,0.0,1283.6396579742432,62464,0.0,1.5303153,-5.733966827392578e-05,0.0007818383,0.012823618,0.012823618
0.0,204.8,-3.4508323726754737,4,-354.4940209045979,536,0.0,1304.1505961418152,63488,0.0,1.5268457,-0.0030002593994140625,0.0008536584,0.010360529,0.010360529
0.0,190.675,-4.194520022808042,8,-362.181713698718,544,0.0,1325.0708951950073,64512,0.0,1.5230159,-0.0006144046783447266,0.00085394166,0.012392176,0.012392176
0.0,194.3,-4.056841591245357,5,-349.282507047678,549,0.0,1345.852813243866,65536,0.0,1.5397551,0.00012320280075073242,0.00078999874,0.008571543,0.008571543
0.0,192.825,-4.1973399264766345,5,-348.54326440874667,554,0.0,1366.3399603366852,66560,0.0,1.5332446,-5.698204040527344e-05,0.0008277636,0.013772856,0.013772856
0.0,185.75,-4.587383382392291,5,-359.2812492695016,559,0.0,1386.86781167984,67584,0.0,1.5319471,-9.059906005859375e-05,0.0008424907,0.012644354,0.012644354
0.0,190.7,-4.0267656395164195,5,-345.79411063797204,564,0.0,1407.5352959632874,68608,0.0,1.524446,0.00020498037338256836,0.00084868155,0.010682356,0.010682356
0.0,185.425,-3.833361758294182,6,-358.3923614915283,570,0.0,1428.2439486980438,69632,0.0,1.5227563,-7.37905502319336e-05,0.00082620454,0.011305938,0.011305938
0.0,179.2,-5.015711200240595,6,-384.63381938313563,576,0.0,1448.7878818511963,70656,0.0,1.5121617,-0.007120013236999512,0.0009688353,0.017814077,0.017814077
0.0,181.875,-5.023120352203451,6,-356.39394588613965,582,0.0,1469.317792892456,71680,0.0,1.5332185,-0.0003376007080078125,0.00087953534,0.011238526,0.011238526
0.0,184.3,-5.032649842349829,5,-356.07570171025606,587,0.0,1489.8005821704865,72704,0.0,1.4880137,0.011880040168762207,0.0009579398,0.01159203,0.01159203
0.0,195.7,-4.6493259134076785,4,-331.6299735211988,591,0.0,1510.42116355896,73728,0.0,1.5157962,-0.0026797056198120117,0.0009499776,0.012402542,0.012402542
0.0,192.05,-4.837127693481265,5,-329.94241347586757,596,0.0,1531.714842557907,74752,0.0,1.5259527,-0.0006636381149291992,0.00091368967,0.013662717,0.013662717
0.0,197.3,-4.513758842866672,4,-332.51812419320595,600,0.0,1554.9908571243286,75776,0.0,1.5091455,-0.0007909536361694336,0.00091790175,0.013345769,0.013345769
0.0,204.8,-4.2871294522267345,4,-306.98320734065163,604,0.0,1576.7275848388672,76800,0.0,1.5145352,-0.0029206275939941406,0.00089366373,0.009263153,0.009263153
0.0,205.525,-4.125979657038212,5,-275.98228599437317,609,0.0,1597.3084189891815,77824,0.0,1.509938,0.00010067224502563477,0.0008784344,0.01078361,0.01078361
0.0,211.275,-3.1430905128255313,6,-294.91925602848653,615,0.0,1617.8310434818268,78848,0.0,1.522949,9.965896606445312e-05,0.000838815,0.01192965,0.01192965
0.0,206.425,-2.54972308753186,6,-307.2946725620353,621,0.0,1638.4167201519012,79872,0.0,1.501817,-4.7087669372558594e-05,0.00085406355,0.014183343,0.014183343
0.0,204.8,-2.788254452048692,6,-324.5918580458983,627,0.0,1658.9552495479584,80896,0.0,1.5040679,-0.0002568960189819336,0.000818599,0.012010878,0.012010878
0.0,195.675,-3.2923729799053327,6,-349.84646965791796,633,0.0,1679.600435256958,81920,0.0,1.4935579,-0.00013959407806396484,0.00083532365,0.013243496,0.013243496
0.0,200.575,-3.120955792655132,4,-321.8676973821973,637,0.0,1700.1034832000732,82944,0.0,1.5041915,-0.0009614229202270508,0.0009664498,0.011554649,0.011554649
0.0,182.3,-4.119333888436772,6,-357.6248980584292,643,0.0,1720.3675858974457,83968,0.0,1.4880743,-0.00022661685943603516,0.00086233666,0.0116267465,0.0116267465
0.0,182.05,-4.121770314750814,5,-343.409488777479,648,0.0,1741.203607559204,84992,0.0,1.5026321,-0.0002802610397338867,0.00080169376,0.013010556,0.013010556
0.0,189.95,-3.8533699518983218,4,-300.90936636545575,652,0.0,1761.7346458435059,86016,0.0,1.50599,-0.0007909536361694336,0.0008498677,0.012806368,0.012806368
0.0,197.3,-3.5331075741363582,4,-303.87311094229864,656,0.0,1782.3281939029694,87040,0.0,1.5158107,-0.0002340078353881836,0.0008209151,0.012467164,0.012467164
0.0,204.8,-3.501190885718505,5,-277.97289966630797,661,0.0,1803.0764832496643,88064,0.0,1.49669,-0.00013828277587890625,0.00085039425,0.013571514,0.013571514
0.0,212.925,-3.121041580180802,4,-250.36525699451903,665,0.0,1823.2227659225464,89088,0.0,1.5055134,9.894371032714844e-06,0.00083605276,0.0069346665,0.0069346665
0.0,214.4,-3.060467792872802,5,-265.6585426579239,670,0.0,1843.8161225318909,90112,0.0,1.5091317,-0.00013756752014160156,0.0008575158,0.013206788,0.013206788
0.0,215.4,-2.8101844607471826,5,-250.78506998590402,675,0.0,1864.341639995575,91136,0.0,1.4817493,-0.000693202018737793,0.0008637131,0.015751923,0.015751923
0.0,208.9,-2.812374804679058,7,-262.3447926056304,682,0.0,1884.860681772232,92160,0.0,1.4994252,-5.960464477539062e-07,0.0008282472,0.010582945,0.010582945
0.0,204.8,-3.1149108234888114,6,-291.1324233346944,688,0.0,1905.8275611400604,93184,0.0,1.4929647,-2.9802322387695312e-06,0.00089335727,0.014046798,0.014046798
0.0,197.3,-3.3252703313674337,5,-318.07206595465306,693,0.0,1926.231853723526,94208,0.0,1.4881614,-0.00010132789611816406,0.00085114967,0.01120525,0.01120525
0.0,179.2,-3.823248647810223,8,-368.46203189906737,701,0.0,1947.0579054355621,95232,0.0,1.4721522,0.0006942152976989746,0.0008790686,0.014424598,0.014424598
0.0,179.2,-3.841612601107245,4,-368.6229399921327,705,0.0,1967.172777891159,96256,0.0,1.4867749,2.872943878173828e-05,0.00076076575,0.013103231,0.013103231
0.0,171.7,-4.033902209395369,6,-364.33573284656063,711,0.0,1987.9563086032867,97280,0.0,1.4840913,-0.00011563301086425781,0.0009151987,0.012735523,0.012735523
0.0,178.475,-3.682892079868344,5,-351.91091159561813,716,0.0,2008.8492364883423,98304,0.0,1.4664588,-0.00018584728240966797,0.00078703376,0.010828462,0.010828462
0.0,180.425,-3.608349772795704,5,-338.4146634562601,721,0.0,2029.5376806259155,99328,0.0,1.4900616,5.143880844116211e-05,0.00082180736,0.014332758,0.014332758
0.0,182.25,-3.745792565730963,5,-338.0145563279,726,0.0,2049.598771572113,100352,0.0,1.4683846,-3.0159950256347656e-05,0.0008236868,0.012825077,0.012825077
0.0,182.55,-3.6941582469745624,6,-338.4784024986727,732,0.0,2070.5358741283417,101376,0.0,1.4787459,-3.4570693969726562e-06,0.0008663158,0.011766223,0.011766223
0.0,191.75,-3.266705600999125,5,-298.71032351880547,737,0.0,2091.4863431453705,102400,0.0,1.4842448,-0.00011622905731201172,0.000830703,0.0130467005,0.0130467005
0.0,186.475,-4.785304081806836,7,-324.92844896124586,744,0.0,2112.0440726280212,103424,0.0,1.4784247,-0.001970648765563965,0.0008632788,0.014603715,0.014603715
0.0,186.875,-4.55266294876438,5,-325.4660796516923,749,0.0,2132.6431078910828,104448,0.0,1.4780138,-0.00018084049224853516,0.00083717983,0.010071024,0.010071024
0.0,189.8,-4.6471598060943355,4,-341.25433824696364,753,0.0,2153.771085500717,105472,0.0,1.4708617,5.030632019042969e-05,0.0007994892,0.008460447,0.008460447
0.0,197.3,-4.432391288899273,4,-345.81479670161923,757,0.0,2174.6981008052826,106496,0.0,1.4801066,4.559755325317383e-05,0.0008905262,0.010802744,0.010802744
0.0,204.8,-4.0928132298403215,4,-334.36001699761937,761,0.0,2195.244990348816,107520,0.0,1.4773779,-0.00011277198791503906,0.0007588215,0.0065952092,0.0065952092
0.0,209.65,-3.6879820615474204,4,-321.55215201377894,765,0.0,2218.744074344635,108544,0.0,1.4829476,-0.00010466575622558594,0.0008618734,0.011953111,0.011953111
0.0,207.025,-3.990156733615778,5,-320.0814794108188,770,0.0,2241.5155317783356,109568,0.0,1.4730515,-0.00010633468627929688,0.0007402941,0.009998473,0.009998473
0.0,219.9,-3.7548232437407973,4,-325.8006033494447,774,0.0,2264.5752415657043,110592,0.0,1.4531945,1.710653305053711e-05,0.00093224616,0.013070568,0.013070568
0.0,229.55,-3.4306950683891477,4,-330.39677474221577,778,0.0,2285.1000385284424,111616,0.0,1.4692911,-0.0001119375228881836,0.0009017121,0.009346625,0.009346625
0.0,239.975,-1.9034963244147562,4,-305.568934656958,782,0.0,2305.3735752105713,112640,0.0,1.4603622,0.00014787912368774414,0.0008957492,0.008736395,0.008736395
0.0,246.425,-1.6697829925571857,4,-278.4777150949577,786,0.0,2327.2238461971283,113664,0.0,1.476388,-0.0016373395919799805,0.00084988127,0.011206146,0.011206146
0.0,248.5,-1.575529883701063,4,-264.785492735059,790,0.0,2349.8030574321747,114688,0.0,1.4836817,-0.0009092092514038086,0.0008230166,0.009868091,0.009868091
0.0,242.9,-1.624507103906889,5,-262.4344781868805,795,0.0,2370.467660665512,115712,0.0,1.4638109,-3.4332275390625e-05,0.0008690106,0.011244468,0.011244468
0.0,235.475,-1.6963479144144173,5,-273.7574482078527,800,0.0,2391.1500005722046,116736,0.0,1.486498,2.676248550415039e-05,0.00081697083,0.009014224,0.009014224
0.0,235.2,-1.6350664362857656,4,-259.6241740176739,804,0.0,2411.8181726932526,117760,0.0,1.4612874,0.0002974867820739746,0.0008846971,0.012188768,0.012188768
0.0,239.975,-1.2650285963881007,4,-245.9239375791858,808,0.0,2432.5675909519196,118784,0.0,1.4636372,0.0010838508605957031,0.00083900726,0.011593845,0.011593845
0.0,230.4,-1.5579078710114125,6,-241.38650021485836,814,0.0,2453.3235590457916,119808,0.0,1.472501,-6.461143493652344e-05,0.0009155766,0.011186983,0.011186983
0.0,222.9,-1.78043102417972,5,-252.30110540031484,819,0.0,2473.8030869960785,120832,0.0,1.479553,-2.396106719970703e-05,0.00078882097,0.0123647135,0.0123647135
0.0,207.9,-2.1824731676196807,6,-275.7747855402328,825,0.0,2494.4302871227264,121856,0.0,1.4585288,-1.609325408935547e-05,0.00084014103,0.013111252,0.013111252
0.0,204.8,-2.532149091644805,5,-304.0686281184943,830,0.0,2515.1879618167877,122880,0.0,1.4242911,-5.459785461425781e-05,0.00085431023,0.013838198,0.013838198
0.0,204.8,-2.559793463419725,5,-303.3936042899354,835,0.0,2535.785020828247,123904,0.0,1.4552419,-5.936622619628906e-05,0.0008566079,0.011870422,0.011870422
0.0,204.8,-2.5636527923567276,5,-287.8266106750228,840,0.0,2556.4610595703125,124928,0.0,1.4447674,-6.67572021484375e-05,0.0008677696,0.011995418,0.011995418
0.0,204.8,-2.5596743736758043,4,-286.4177104904197,844,0.0,2577.1607160568237,125952,0.0,1.4324892,-0.0015385150909423828,0.00089762197,0.014329899,0.014329899
0.0,200.8,-2.847235884803532,5,-300.0499012177139,849,0.0,2597.5592799186707,126976,0.0,1.4370782,-7.939338684082031e-05,0.0008601665,0.016038658,0.016038658
0.0,208.025,-2.4846700911462407,4,-302.8941588500935,853,0.0,2618.466843366623,128000,0.0,1.4464906,-3.2782554626464844e-05,0.0008683653,0.0105221085,0.0105221085
0.0,210.3,-2.2857840609275915,5,-287.7425200022966,858,0.0,2639.2640659809113,129024,0.0,1.431953,5.543231964111328e-06,0.000852218,0.012994234,0.012994234
0.0,212.15,-2.2392766839880047,4,-287.7772663436941,862,0.0,2659.6959071159363,130048,0.0,1.429842,-1.1920928955078125e-07,0.0009130901,0.008406755,0.008406755
0.0,223.25,-1.9032888631098508,4,-262.52208275335397,866,0.0,2680.217140197754,131072,0.0,1.4370053,4.750490188598633e-05,0.00093753845,0.01256405,0.01256405
0.0,230.4,-1.6830671272104492,4,-266.15266924499423,870,0.0,2701.227083683014,132096,0.0,1.4521754,1.895427703857422e-05,0.0008693725,0.010062147,0.010062147
0.0,234.55,-1.4307169065394718,4,-236.1868966416667,874,0.0,2721.592762231827,133120,0.0,1.4090899,-0.0011260509490966797,0.0009065013,0.011951903,0.011951903
0.0,230.95,-1.7043629011431016,5,-249.9820816499749,879,0.0,2741.804833173752,134144,0.0,1.452965,-2.276897430419922e-05,0.0008369245,0.016253104,0.016253104
0.0,230.4,-1.9092300440109167,5,-278.5123259642377,884,0.0,2762.458470106125,135168,0.0,1.4215165,-0.0002237558364868164,0.0009056545,0.014735099,0.014735099
0.0,230.4,-1.8133311474853222,5,-292.3165251732648,889,0.0,2782.8259251117706,136192,0.0,1.4050591,-5.7220458984375e-05,0.0008567169,0.014324052,0.014324052
0.0,222.9,-2.160696645326863,5,-287.5232796336862,894,0.0,2803.477148771286,137216,0.0,1.3630078,-4.0531158447265625e-05,0.00084537955,0.013292077,0.013292077
0.0,230.4,-2.0250596972280364,4,-277.04890457069223,898,0.0,2824.3622691631317,138240,0.0,1.4308285,-0.0005919933319091797,0.0009793155,0.012347049,0.012347049
0.0,215.4,-2.8812900971926028,6,-299.1955585644269,904,0.0,2844.856716632843,139264,0.0,1.3611395,1.6510486602783203e-05,0.000873314,0.013004823,0.013004823
0.0,217.95,-2.748465277502002,4,-268.8517557971102,908,0.0,2865.4249296188354,140288,0.0,1.3709192,-0.0003095865249633789,0.00084879424,0.01305145,0.01305145
0.0,204.8,-3.595334896369409,6,-307.86901445239516,914,0.0,2886.2142112255096,141312,0.0,1.3555032,-2.7060508728027344e-05,0.0008687674,0.010406114,0.010406114
0.0,210.45,-3.1750635367550544,4,-279.93811720646335,918,0.0,2907.477091550827,142336,0.0,1.399694,-0.00024628639221191406,0.000891628,0.011996828,0.011996828
0.0,206.25,-3.2108236216954373,5,-262.62215463019385,923,0.0,2930.5879366397858,143360,0.0,1.3737912,-6.9141387939453125e-06,0.00094720325,0.013406955,0.013406955
0.0,204.8,-3.4964258715880083,6,-258.9441165229504,929,0.0,2953.589437484741,144384,0.0,1.3069842,3.0994415283203125e-06,0.00082754536,0.008040776,0.008040776
0.0,211.95,-3.0202970251349996,4,-233.66707076965508,933,0.0,2974.187692642212,145408,0.0,1.3965704,-0.0006753206253051758,0.0008691912,0.010724213,0.010724213
0.0,207.9,-3.0193823176789913,4,-231.16496572155626,937,0.0,2995.082778453827,146432,0.0,1.3881487,-0.0007818937301635742,0.0008614693,0.012034108,0.012034108
0.0,208.675,-3.1460775149937334,6,-214.89512765162016,943,0.0,3015.966835975647,147456,0.0,1.3478382,9.417533874511719e-06,0.0007883485,0.018017601,0.018017601
0.0,207.9,-3.1495863637863746,4,-215.01167956211847,947,0.0,3038.5104665756226,148480,0.0,1.3347404,-0.00045800209045410156,0.0008305096,0.012140148,0.012140148
0.0,210.075,-3.0520944100537823,5,-214.584862427863,952,0.0,3059.472790956497,149504,0.0,1.3741764,-6.091594696044922e-05,0.0008327144,0.0135984095,0.0135984095
0.0,207.9,-2.759304942997074,5,-213.15975828479048,957,0.0,3080.3906321525574,150528,0.0,1.3513763,4.1544437408447266e-05,0.00086935004,0.011404162,0.011404162
0.0,206.4,-2.8002269500707713,5,-227.76140512478202,962,0.0,3101.0599851608276,151552,0.0,1.3590397,-4.029273986816406e-05,0.0009350531,0.013082113,0.013082113
0.0,214.5,-2.391409917010974,4,-216.7904278697939,966,0.0,3121.665375471115,152576,0.0,1.4219491,-0.00044858455657958984,0.00092162105,0.010597386,0.010597386
0.0,222.9,-2.2182810943187556,4,-190.23457965211523,970,0.0,3142.113648414612,153600,0.0,1.3611774,-0.0006163120269775391,0.0008786094,0.011634771,0.011634771
0.0,222.9,-2.2752018151347997,4,-203.53360478008705,974,0.0,3162.9271924495697,154624,0.0,1.3415034,-2.300739288330078e-05,0.0008651506,0.009340111,0.009340111
0.0,222.9,-2.2701092324084415,4,-202.1922669510015,978,0.0,3183.434677362442,155648,0.0,1.3937445,-0.004366397857666016,0.00088231976,0.01140473,0.01140473
0.0,230.4,-1.4495959767501152,5,-188.61359285427207,983,0.0,3204.4556379318237,156672,0.0,1.3086246,4.827976226806641e-06,0.0009723406,0.013563916,0.013563916
0.0,226.2,-1.5723985301201933,5,-187.34356248511781,988,0.0,3225.140004634857,157696,0.0,1.3520424,-1.8477439880371094e-05,0.0008081926,0.011724418,0.011724418
0.0,230.4,-1.4448749809214174,4,-188.72236599801664,992,0.0,3245.7431316375732,158720,0.0,1.3428771,-1.2278556823730469e-05,0.00091430167,0.010421101,0.010421101
0.0,231.3,-1.2738624110839214,4,-172.807217056329,996,0.0,3266.479255914688,159744,0.0,1.3863765,0.002423524856567383,0.0009296058,0.011118467,0.011118467
0.0,235.3,-1.3823370167252438,5,-175.04972665466238,1001,0.0,3287.213628053665,160768,0.0,1.3767376,-1.7881393432617188e-05,0.0008760545,0.011829797,0.011829797
0.0,233.5,-1.4442488194732046,4,-189.4181149479021,1005,0.0,3308.050495862961,161792,0.0,1.3573895,1.817941665649414e-05,0.0009037545,0.0104835145,0.0104835145
0.0,230.4,-1.648558285226395,5,-204.1163426633771,1010,0.0,3328.690210580826,162816,0.0,1.3891608,-7.724761962890625e-05,0.0008320132,0.011557224,0.011557224
0.0,222.9,-1.7482950951524618,5,-200.0752615610267,1015,0.0,3349.4448738098145,163840,0.0,1.361838,-3.0994415283203125e-05,0.0008340651,0.012324702,0.012324702
0.0,221.45,-1.8311799254255177,5,-213.91476250966963,1020,0.0,3370.05992937088,164864,0.0,1.3526385,0.001282036304473877,0.00087680155,0.012714114,0.012714114
0.0,213.6,-2.153589340724749,6,-244.05276659128967,1026,0.0,3390.6343014240265,165888,0.0,1.3697381,-1.621246337890625e-05,0.0009601603,0.012110565,0.012110565
0.0,218.875,-2.0542132346479023,4,-229.31306833131003,1030,0.0,3411.131350040436,166912,0.0,1.3378229,0.002278745174407959,0.00095690123,0.01152458,0.01152458
0.0,207.9,-2.342419651205978,5,-255.83024094688682,1035,0.0,3432.167620420456,167936,0.0,1.3701676,-3.540515899658203e-05,0.00088076934,0.01203263,0.01203263
0.0,217.575,-1.94144288365531,4,-227.7636740119662,1039,0.0,3455.0037834644318,168960,0.0,1.3768681,-0.0006440877914428711,0.00091746316,0.010919271,0.010919271
0.0,215.4,-2.000156317063997,4,-242.88693665352008,1043,0.0,3477.8882014751434,169984,0.0,1.3714232,-3.540515899658203e-05,0.0008876183,0.011622051,0.011622051
0.0,221.025,-1.826491920959409,4,-229.78536371437394,1047,0.0,3501.290751218796,171008,0.0,1.3474216,-2.849102020263672e-05,0.0008639305,0.015339181,0.015339181
0.0,222.9,-1.8959253979576758,4,-246.8475909576179,1051,0.0,3522.0022671222687,172032,0.0,1.3727018,-5.125999450683594e-06,0.0009134503,0.009528983,0.009528983
0.0,222.9,-2.3224755567624995,5,-262.79451628543563,1056,0.0,3542.891364097595,173056,0.0,1.3154178,-3.254413604736328e-05,0.00085836486,0.01712818,0.01712818
0.0,230.4,-1.9760897893511118,4,-234.79087253795228,1060,0.0,3563.2742416858673,174080,0.0,1.3546863,-0.0006426572799682617,0.00079392426,0.011366619,0.011366619
0.0,234.125,-1.6281925497790357,4,-203.99783942281636,1064,0.0,3584.4445312023163,175104,0.0,1.277627,0.07706546783447266,0.0009174163,0.010281572,0.010281572
0.0,241.0,-1.4513600157630124,4,-193.16117817408247,1068,0.0,3607.4852781295776,176128,0.0,1.3694503,-0.0004508495330810547,0.0008993929,0.01030332,0.01030332
0.0,242.85,-1.3101434932412506,5,-176.68209162203743,1073,0.0,3628.2156386375427,177152,0.0,1.3358259,-5.4717063903808594e-05,0.0008456122,0.012940498,0.012940498
0.0,241.0,-1.315131575117109,4,-177.99689973520248,1077,0.0,3649.2151262760162,178176,0.0,1.3911369,-0.00034737586975097656,0.0008999021,0.009962866,0.009962866
0.0,234.125,-1.3870993774366636,5,-173.1201696431478,1082,0.0,3669.7561423778534,179200,0.0,1.3626351,2.110004425048828e-05,0.0007378253,0.015184559,0.015184559
0.0,230.4,-1.4124006324212008,5,-171.09532560805692,1087,0.0,3690.472365140915,180224,0.0,1.3443788,-4.482269287109375e-05,0.00097606925,0.011275988,0.011275988
0.0,230.4,-1.342589462074924,4,-153.92777172563143,1091,0.0,3711.1788601875305,181248,0.0,1.3232691,-0.000527501106262207,0.0008763878,0.012690535,0.012690535
0.0,233.025,-0.7549030321892418,4,-125.77199025892449,1095,0.0,3732.087949991226,182272,0.0,1.2937859,-0.00021445751190185547,0.0009223671,0.01034029,0.01034029
0.0,230.4,-1.0043561681893498,5,-172.7562754583834,1100,0.0,3752.708057641983,183296,0.0,1.3513672,-4.410743713378906e-05,0.0008906919,0.012706537,0.012706537
0.0,222.9,-1.4931559026318255,5,-202.51648145287618,1105,0.0,3773.371197462082,184320,0.0,1.3419819,-1.5854835510253906e-05,0.00083949696,0.011407074,0.011407074
0.0,215.4,-2.0344698464867443,5,-229.34760827678724,1110,0.0,3793.9327867031097,185344,0.0,1.3590068,-3.933906555175781e-05,0.00087602774,0.019299889,0.019299889
0.0,222.9,-1.9852601273767836,4,-231.38605247967408,1114,0.0,3814.3965554237366,186368,0.0,1.3175402,5.543231964111328e-06,0.00092103536,0.01047034,0.01047034
0.0,222.9,-1.9782611803517653,4,-228.96897142617394,1118,0.0,3834.970803976059,187392,0.0,1.340143,-0.0004074573516845703,0.0008594459,0.011359497,0.011359497
0.0,230.4,-1.839048090531745,4,-215.6140453667821,1122,0.0,3855.7621688842773,188416,0.0,1.3087904,-0.018707990646362305,0.0008983589,0.011652781,0.011652781
0.0,230.525,-1.7086315479193654,4,-198.66191160297052,1126,0.0,3876.4679248332977,189440,0.0,1.3056788,-7.665157318115234e-05,0.00083623716,0.009771511,0.009771511
0.0,230.4,-2.009069320942234,5,-228.68134703483344,1131,0.0,3897.1508605480194,190464,0.0,1.285812,-3.254413604736328e-05,0.00082792307,0.010491543,0.010491543
0.0,222.9,-2.297721777398915,5,-241.0694730219544,1136,0.0,3918.191376686096,191488,0.0,1.3090143,-2.47955322265625e-05,0.00095687166,0.012214298,0.012214298
0.0,230.4,-2.04148262865588,4,-194.4694008392516,1140,0.0,3939.1133646965027,192512,0.0,1.307763,-0.0003458261489868164,0.0008461501,0.01108516,0.01108516
0.0,232.775,-1.5579376920428243,4,-164.0231653502668,1144,0.0,3959.9747490882874,193536,0.0,1.3122413,-0.0007026195526123047,0.00088679197,0.012675435,0.012675435
0.0,237.325,-1.1599270769723784,5,-149.0297867683936,1149,0.0,3980.762220144272,194560,0.0,1.3104806,-9.5367431640625e-07,0.0008996355,0.0120339,0.0120339
0.0,237.375,-1.054631040268886,4,-133.9237426722106,1153,0.0,4001.4922437667847,195584,0.0,1.3175586,-0.0003006458282470703,0.00082909164,0.011324719,0.011324719
0.0,233.5,-1.0514223818358825,4,-131.75444957518926,1157,0.0,4022.6391077041626,196608,0.0,1.3247261,7.867813110351562e-06,0.0008905366,0.011441285,0.011441285
0.0,230.4,-1.1960793799779572,5,-148.53615202846737,1162,0.0,4045.7853038311005,197632,0.0,1.2510499,0.001545250415802002,0.00084634835,0.012928636,0.012928636
0.0,223.2,-1.4484172065821554,5,-161.70776749313308,1167,0.0,4069.0584671497345,198656,0.0,1.2884228,-1.2636184692382812e-05,0.0008907233,0.011700422,0.011700422
0.0,230.4,-1.1973535874390446,4,-148.0940803436959,1171,0.0,4089.623293399811,199680,0.0,1.32608,-0.00014197826385498047,0.0008352323,0.012169179,0.012169179
0.0,230.4,-1.1433764385920058,5,-162.593165355978,1176,0.0,4110.4140520095825,200704,0.0,1.2493658,-6.67572021484375e-06,0.000863904,0.012412041,0.012412041
0.0,222.9,-1.3673258839157634,5,-174.91718916852466,1181,0.0,4130.966882228851,201728,0.0,1.2722476,0.0010036230087280273,0.0008638195,0.012223055,0.012223055
0.0,222.9,-1.4610669113940538,4,-190.08085505872674,1185,0.0,4151.656654119492,202752,0.0,1.2387437,6.556510925292969e-06,0.00080291636,0.011632549,0.011632549
0.0,222.9,-1.6700155090395974,5,-204.2763680150492,1190,0.0,4172.558932065964,203776,0.0,1.2967787,7.152557373046875e-07,0.00074723904,0.012174295,0.012174295
0.0,207.9,-2.5952689319187505,6,-245.10449190812832,1196,0.0,4193.460850477219,204800,0.0,1.2914125,-2.1576881408691406e-05,0.0007749407,0.013244886,0.013244886
0.0,204.8,-2.8947276741930468,6,-271.9118201875016,1202,0.0,4214.35534620285,205824,0.0,1.282295,-0.00010728836059570312,0.0008807961,0.013573969,0.013573969
0.0,204.8,-2.8812658880970905,5,-272.8586930404652,1207,0.0,4235.142471790314,206848,0.0,1.2465467,-4.5299530029296875e-06,0.0008570072,0.010517413,0.010517413
0.0,204.8,-2.9368997422852887,4,-289.0024004467041,1211,0.0,4255.969046831131,207872,0.0,1.2679304,2.86102294921875e-06,0.00086851604,0.014083085,0.014083085
0.0,208.85,-2.8318095492386948,4,-292.0361166141355,1215,0.0,4277.511437892914,208896,0.0,1.2635944,-1.3589859008789062e-05,0.00089766504,0.011201513,0.011201513
0.0,213.7,-2.607047983831326,4,-278.18873848728555,1219,0.0,4301.078154563904,209920,0.0,1.2317839,-0.0005706548690795898,0.0008870287,0.012945684,0.012945684
0.0,211.4,-2.642317243477158,5,-276.12490604599554,1224,0.0,4324.132665872574,210944,0.0,1.2891102,-2.5033950805664062e-06,0.0009133168,0.013220884,0.013220884
0.0,213.85,-2.3941154012954096,4,-261.29825910384994,1228,0.0,4344.758812665939,211968,0.0,1.2660207,-6.520748138427734e-05,0.0008490472,0.010160591,0.010160591
0.0,214.875,-1.7228242208447078,5,-265.7780668854617,1233,0.0,4364.939436912537,212992,0.0,1.0542835,4.172325134277344e-07,0.0008430666,0.011006105,0.011006105
0.0,226.55,-1.4128879923462696,4,-222.862699900295,1237,0.0,4385.787754058838,214016,0.0,1.26507,-0.00018715858459472656,0.0007876173,0.013162959,0.013162959
0.0,222.9,-1.4001139724885967,6,-236.5561035584757,1243,0.0,4406.4565443992615,215040,0.0,1.1591897,-1.2755393981933594e-05,0.0009251607,0.012701646,0.012701646
0.0,222.9,-1.389250385211596,5,-249.7179547268166,1248,0.0,4427.357706308365,216064,0.0,1.2029245,7.748603820800781e-07,0.00083777006,0.012804713,0.012804713
0.0,225.25,-1.2597725722545057,4,-219.4258042797329,1252,0.0,4448.030330896378,217088,0.0,1.1637597,-0.00027811527252197266,0.0008655323,0.011014619,0.011014619
0.0,215.4,-2.030059954173923,5,-230.51917928423228,1257,0.0,4468.7735249996185,218112,0.0,1.2554295,-1.2040138244628906e-05,0.0008394747,0.014895302,0.014895302
0.0,215.4,-2.0973171471441754,4,-246.9022150782651,1261,0.0,4489.495890855789,219136,0.0,1.1026609,0.0005970001220703125,0.0008086144,0.013180865,0.013180865
0.0,215.4,-2.133786478000091,5,-265.19706859716825,1266,0.0,4510.287490129471,220160,0.0,0.93899095,1.0013580322265625e-05,0.00084631937,0.009665756,0.009665756
0.0,210.0,-2.446970609072036,5,-261.21640838183356,1271,0.0,4531.424501419067,221184,0.0,1.3174124,-0.00012564659118652344,0.0009110194,0.01931915,0.01931915
0.0,204.8,-2.793542977532728,6,-290.38170572374383,1277,0.0,4554.406125307083,222208,0.0,1.2177153,0.002484261989593506,0.00088363804,0.01619387,0.01619387
0.0,205.25,-3.3412965339436633,5,-260.9944494667827,1282,0.0,4575.197419643402,223232,0.0,1.0648847,-1.2993812561035156e-05,0.0008040265,0.025138613,0.025138613
0.0,209.825,-3.2246480283059946,4,-231.92415430204952,1286,0.0,4596.449422836304,224256,0.0,1.2954471,-0.005043745040893555,0.0009195886,0.012101327,0.012101327
0.0,207.9,-3.1866809097889512,5,-231.77777364813147,1291,0.0,4617.162393093109,225280,0.0,1.151962,-3.5762786865234375e-07,0.0008886375,0.008967246,0.008967246
0.0,218.725,-2.359304140639881,4,-204.57914241659608,1295,0.0,4637.82886838913,226304,0.0,1.2773603,-0.00012791156768798828,0.0008774927,0.011305886,0.011305886
0.0,216.925,-2.391956570812151,4,-202.72163029156957,1299,0.0,4658.544807434082,227328,0.0,1.2893957,-0.013880252838134766,0.00097622385,0.014750481,0.014750481
0.0,212.55,-2.3665397733862705,5,-185.08015707931702,1304,0.0,4679.214876413345,228352,0.0,1.2490748,-1.2636184692382812e-05,0.0008253533,0.011301091,0.011301091
0.0,214.45,-2.4163865353741487,5,-185.56538499426378,1309,0.0,4702.739709854126,229376,0.0,1.2068931,-1.704692840576172e-05,0.00078403077,0.015239868,0.015239868
0.0,211.15,-2.5043989089010807,5,-184.50399434399566,1314,0.0,4726.00395989418,230400,0.0,1.2625698,-1.0609626770019531e-05,0.0008184283,0.0110546425,0.0110546425
0.0,229.975,-1.3060661471813761,4,-148.52239288673033,1318,0.0,4749.37579703331,231424,0.0,1.0987667,-8.463859558105469e-06,0.0008378166,0.010788479,0.010788479
0.0,222.9,-1.5469310231756457,5,-192.77298338964684,1323,0.0,4770.329575538635,232448,0.0,1.1669825,8.285045623779297e-06,0.00090559275,0.0127824955,0.0127824955
0.0,222.9,-1.546684735662851,4,-192.6239654309158,1327,0.0,4790.898947477341,233472,0.0,1.2657197,-7.82012939453125e-05,0.0009143258,0.0112029845,0.0112029845
0.0,230.4,-1.4750381349991675,4,-193.94461160371196,1331,0.0,4812.7175142765045,234496,0.0,1.2372752,8.046627044677734e-06,0.00082264614,0.009607722,0.009607722
0.0,222.9,-1.6111404559669444,5,-208.30253758127157,1336,0.0,4833.315898895264,235520,0.0,1.0409739,-7.987022399902344e-06,0.0007448909,0.012966833,0.012966833
0.0,227.575,-1.3794724762357533,4,-180.25720376147606,1340,0.0,4854.128633022308,236544,0.0,1.3123324,-0.00021564960479736328,0.00080939266,0.010140918,0.010140918
0.0,230.4,-1.3779954741789162,4,-180.5595830335795,1344,0.0,4874.663336515427,237568,0.0,1.2200949,-3.135204315185547e-05,0.00089371856,0.010462038,0.010462038
0.0,232.65,-0.9368886201304758,4,-166.61374137378348,1348,0.0,4895.381970405579,238592,0.0,1.1455969,-3.9577484130859375e-05,0.0008410658,0.011694407,0.011694407
0.0,231.3,-0.9651418623924781,5,-180.39434159824887,1353,0.0,4915.862875699997,239616,0.0,1.2451214,-5.364418029785156e-06,0.0008755137,0.012615146,0.012615146
0.0,233.5,-0.9544752758975065,4,-178.43167231261455,1357,0.0,4936.11634016037,240640,0.0,1.2006453,-0.000118255615234375,0.00084486115,0.0102842795,0.0102842795
0.0,238.275,-0.7671809791456117,4,-146.77091023914696,1361,0.0,4956.662025213242,241664,0.0,1.1927035,-0.0003179311752319336,0.00086594117,0.011228893,0.011228893
0.0,233.5,-0.9969005531362288,5,-146.9481407504353,1366,0.0,4976.9420421123505,242688,0.0,1.1243362,-8.344650268554688e-07,0.0008082811,0.012422196,0.012422196
0.0,234.65,-0.9870728527147528,4,-146.49657689381576,1370,0.0,4999.088972568512,243712,0.0,1.0994165,4.029273986816406e-05,0.00087635225,0.010623681,0.010623681
0.0,238.1,-0.8575598596322698,4,-132.9243532748883,1374,0.0,5022.312052249908,244736,0.0,1.1020032,-0.00025713443756103516,0.0008401005,0.009823332,0.009823332
0.0,241.0,-0.8628493902763263,4,-134.68579459660333,1378,0.0,5045.426328420639,245760,0.0,1.062882,-0.00010764598846435547,0.0009071559,0.011489604,0.011489604
0.0,241.0,-0.8614226802952419,4,-134.56645357986525,1382,0.0,5066.519511461258,246784,0.0,1.1503943,-0.0001550912857055664,0.0008881333,0.010047883,0.010047883
0.0,241.0,-0.8602642137804335,4,-134.2596090101793,1386,0.0,5087.08850479126,247808,0.0,1.2610728,-0.00010085105895996094,0.00094503304,0.010589865,0.010589865
0.0,245.375,-0.7353367291078696,4,-119.93996222042374,1390,0.0,5107.576338291168,248832,0.0,1.1670464,-2.2530555725097656e-05,0.00087155297,0.0111326715,0.0111326715
0.0,248.5,-0.6541745960671945,4,-107.46101655614049,1394,0.0,5128.199081897736,249856,0.0,1.0835727,-2.9206275939941406e-05,0.00089653744,0.010587863,0.010587863
0.0,248.5,-0.657130164163,4,-108.06093944360683,1398,0.0,5148.99555516243,250880,0.0,1.083158,-2.2172927856445312e-05,0.0008632408,0.009811405,0.009811405
0.0,248.5,-0.6561061242803904,4,-108.43899200892892,1402,0.0,5169.483704805374,251904,0.0,1.0922434,-3.170967102050781e-05,0.0008974772,0.009944418,0.009944418
0.0,256.0,-0.36171957988487924,4,-94.10352474181173,1406,0.0,5190.582577466965,252928,0.0,1.0728447,-0.00014448165893554688,0.0008294073,0.009726566,0.009726566
0.0,256.0,-0.3799626917266225,4,-92.66331254454487,1410,0.0,5211.286785364151,253952,0.0,1.1550004,-1.3589859008789062e-05,0.0008458528,0.010547689,0.010547689
0.0,256.0,-0.4307481877911631,4,-105.79423377344611,1414,0.0,5231.9717609882355,254976,0.0,1.2402847,-3.6954879760742188e-06,0.00083844305,0.008794452,0.008794452
0.0,256.0,-0.42306675869011523,4,-103.82141653792696,1418,0.0,5252.644177913666,256000,0.0,1.2249503,-7.224082946777344e-05,0.0008291564,0.012109416,0.012109416
0.0,256.0,-0.42057373594727804,4,-103.19303856979141,1422,0.0,5273.66418838501,257024,0.0,1.1235534,-0.00022542476654052734,0.00084321597,0.012063946,0.012063946
0.0,256.0,-0.4182895942770317,4,-102.73030406712913,1426,0.0,5293.636845111847,258048,0.0,1.2324026,-0.00010013580322265625,0.00081133435,0.011057968,0.011057968
0.0,256.0,-0.48882475049184143,4,-116.26465029024973,1430,0.0,5315.470277786255,259072,0.0,1.1969932,2.086162567138672e-06,0.0008010349,0.012417865,0.012417865
0.0,256.0,-0.48355900465769236,4,-114.70448018274901,1434,0.0,5337.085167884827,260096,0.0,1.1428788,-0.000179290771484375,0.00082088757,0.012915123,0.012915123
0.0,248.5,-0.6089896720728589,5,-125.93520637559168,1439,0.0,5358.133866071701,261120,0.0,1.072768,-9.059906005859375e-06,0.0009270067,0.014459402,0.014459402
0.0,248.5,-0.6050524780428713,4,-124.63803457315126,1443,0.0,5379.215941429138,262144,0.0,1.0490708,-6.651878356933594e-05,0.00092105044,0.011355144,0.011355144
0.0,241.0,-0.7666592102129209,5,-138.22081756238913,1448,0.0,5399.911924362183,263168,0.0,1.1124004,-1.3947486877441406e-05,0.0008733846,0.011806203,0.011806203
0.0,230.4,-1.2489604043408653,6,-134.96007774495916,1454,0.0,5420.689746141434,264192,0.0,1.0627443,-6.318092346191406e-06,0.00087644154,0.010842443,0.010842443
0.0,230.4,-1.2503059132586887,4,-135.02119270866518,1458,0.0,5441.256614923477,265216,0.0,1.2559202,-0.00014102458953857422,0.0009260592,0.010066112,0.010066112
0.0,230.4,-1.252371186869165,4,-135.59383311122275,1462,0.0,5461.65421962738,266240,0.0,1.0784571,-0.0001264810562133789,0.00084667484,0.009670532,0.009670532
0.0,222.9,-1.4074548020287174,5,-148.43597435263854,1467,0.0,5482.193115234375,267264,0.0,0.9893882,-8.344650268554688e-07,0.0009226712,0.016790202,0.016790202
0.0,222.9,-1.4093237456115577,4,-148.41251889285553,1471,0.0,5504.491170883179,268288,0.0,0.9873023,-8.344650268554688e-06,0.0008812712,0.012324488,0.012324488
0.0,227.475,-1.2789083050772299,4,-134.2388464336331,1475,0.0,5527.820421934128,269312,0.0,1.05397,-0.00013339519500732422,0.00085191836,0.009791635,0.009791635
0.0,230.4,-1.2701707861373457,4,-134.1593058119363,1479,0.0,5550.940582275391,270336,0.0,1.1492255,-0.0001964569091796875,0.00080590096,0.009640906,0.009640906
0.0,230.4,-1.2697781544197704,4,-134.35136389357734,1483,0.0,5573.737002849579,271360,0.0,1.1212189,-9.846687316894531e-05,0.0008991906,0.011139605,0.011139605
0.0,231.05,-1.1077283396422088,4,-117.54496306677338,1487,0.0,5596.12406873703,272384,0.0,1.1825519,-0.0036073923110961914,0.0009049569,0.010539956,0.010539956
0.0,231.8,-1.0205961869062783,5,-118.70871006363987,1492,0.0,5617.133607387543,273408,0.0,1.1309172,-8.344650268554688e-07,0.0008388099,0.009833277,0.009833277
0.0,241.0,-0.6209033797216217,4,-106.64114617051537,1496,0.0,5637.65087890625,274432,0.0,1.2108922,-0.00019097328186035156,0.0009057768,0.0110828625,0.0110828625
0.0,241.0,-0.6185613816384758,4,-106.14055911033441,1500,0.0,5658.263241529465,275456,0.0,1.0987589,6.67572021484375e-06,0.0008349832,0.010016302,0.010016302
0.0,241.0,-0.6779851121092207,4,-119.79120785758764,1504,0.0,5678.958344697952,276480,0.0,0.9920709,-0.003249526023864746,0.0010199586,0.018616203,0.018616203
0.0,243.6,-0.6232953008586395,5,-104.03021517590469,1509,0.0,5699.512237787247,277504,0.0,1.1440864,-1.1682510375976562e-05,0.0009503004,0.012180978,0.012180978
0.0,241.0,-0.6271320742416403,4,-104.23330423427032,1513,0.0,5720.1771121025085,278528,0.0,0.99186474,0.0019177794456481934,0.00088739727,0.012202833,0.012202833
0.0,241.0,-0.6258179858907486,4,-104.45730963460251,1517,0.0,5740.488539934158,279552,0.0,1.0686394,-2.86102294921875e-05,0.0008635075,0.010990193,0.010990193
0.0,241.0,-0.6844118461898158,4,-121.03292307350651,1521,0.0,5760.92742228508,280576,0.0,0.99967384,1.9073486328125e-06,0.0009330071,0.011497481,0.011497481
0.0,241.0,-0.6896628155595784,4,-121.36603281745883,1525,0.0,5781.528646707535,281600,0.0,1.0723382,-2.5987625122070312e-05,0.00087876426,0.012610473,0.012610473
0.0,238.2,-0.7628772231563637,5,-120.9285892978849,1530,0.0,5801.957108974457,282624,0.0,1.1120958,-2.7418136596679688e-06,0.0008873336,0.011705884,0.011705884
0.0,233.5,-0.9298583522905476,5,-134.8224243567669,1535,0.0,5822.966234445572,283648,0.0,0.9705777,-9.5367431640625e-07,0.0009349892,0.009899855,0.009899855
0.0,233.5,-0.9306872521168298,4,-134.92727527511246,1539,0.0,5846.6420912742615,284672,0.0,1.1718698,-0.0001493692398071289,0.0008030023,0.009540731,0.009540731
0.0,230.4,-1.093756351538757,5,-148.69882479962916,1544,0.0,5869.797844409943,285696,0.0,0.9744215,0.00035071372985839844,0.00091688335,0.010416063,0.010416063
0.0,222.9,-1.8943776896745443,6,-177.9233162974937,1550,0.0,5892.780532121658,286720,0.0,1.1303787,0.0005197525024414062,0.00090147706,0.009869858,0.009869858
0.0,222.9,-1.8887710955233132,4,-176.45745393834065,1554,0.0,5916.360476732254,287744,0.0,1.1450338,-2.5510787963867188e-05,0.0008805541,0.010715502,0.010715502
0.0,222.9,-1.8960072565663872,4,-178.1826879449658,1558,0.0,5939.249988794327,288768,0.0,0.8852713,0.00012886524200439453,0.0009826676,0.009854155,0.009854155
0.0,222.9,-1.845449545716913,4,-163.19545987922348,1562,0.0,5962.281173467636,289792,0.0,1.140372,-9.036064147949219e-05,0.0008097798,0.011017329,0.011017329
0.0,221.1,-1.9429397845018817,5,-190.15916104776338,1567,0.0,5984.2494015693665,290816,0.0,0.96875715,-0.0006453990936279297,0.0008632259,0.012363718,0.012363718
0.0,222.9,-1.9450407554772853,4,-190.7162534394603,1571,0.0,6004.766515254974,291840,0.0,0.97917044,-7.748603820800781e-05,0.0008630447,0.011499122,0.011499122
0.0,222.9,-1.96178938254074,5,-190.00299258513363,1576,0.0,6025.078036308289,292864,0.0,1.1479261,-3.0994415283203125e-06,0.00065035117,0.009445844,0.009445844
0.0,226.95,-1.9135633276304653,4,-190.5465166697979,1580,0.0,6045.67481637001,293888,0.0,1.1453751,-3.24249267578125e-05,0.00091597496,0.012325553,0.012325553
0.0,230.4,-1.8486556739849487,4,-190.9918834147108,1584,0.0,6066.523468017578,294912,0.0,1.0229928,6.9141387939453125e-06,0.0007956959,0.009724363,0.009724363
0.0,244.275,-0.9460216586912263,4,-164.09273461634024,1588,0.0,6087.320667743683,295936,0.0,0.7837003,-6.67572021484375e-06,0.00072493986,0.018442916,0.018442916
0.0,241.0,-1.0641078278157756,4,-178.18495828180926,1592,0.0,6108.013919353485,296960,0.0,1.0011897,-2.6464462280273438e-05,0.0008296552,0.011972757,0.011972757
0.0,241.0,-1.064899635592915,4,-178.75010212644264,1596,0.0,6128.56659078598,297984,0.0,1.09782,-8.106231689453125e-05,0.00086860324,0.00999877,0.00999877
0.0,233.5,-1.3292141863159315,5,-205.57188351666287,1601,0.0,6149.328357696533,299008,0.0,0.61744153,-1.1920928955078125e-07,0.00075631024,0.009212127,0.009212127
0.0,235.9,-1.4384870746011413,5,-175.5790746987675,1606,0.0,6170.132029056549,300032,0.0,1.1439407,-1.6689300537109375e-06,0.0009137773,0.026276708,0.026276708
0.0,233.5,-1.4416868857174845,4,-175.63558355743373,1610,0.0,6190.793119907379,301056,0.0,0.9542059,-1.1801719665527344e-05,0.0008231658,0.010708288,0.010708288
0.0,231.475,-1.6851601212604386,5,-175.77053060399408,1615,0.0,6211.418617725372,302080,0.0,0.7844448,5.364418029785156e-07,0.0008359629,0.014798539,0.014798539
0.0,234.925,-1.6278919819895268,4,-163.5070598040918,1619,0.0,6232.040902376175,303104,0.0,0.97158074,-7.712841033935547e-05,0.0009260608,0.009382303,0.009382303
0.0,234.675,-1.5778009699988043,4,-150.85241637285043,1623,0.0,6253.1754014492035,304128,0.0,0.81122303,-0.00010204315185546875,0.0009386493,0.010466929,0.010466929
0.0,236.2,-1.5118053397042857,4,-139.32887639281654,1627,0.0,6273.830419063568,305152,0.0,1.0383468,-0.00011479854583740234,0.0008903002,0.01041396,0.01041396
0.0,237.875,-1.4914265407755685,4,-139.02061591965509,1631,0.0,6294.592552661896,306176,0.0,0.7650734,7.665157318115234e-05,0.0009406653,0.0075760037,0.0075760037
0.0,233.5,-1.4955299962571065,4,-139.2154666706403,1635,0.0,6315.176843881607,307200,0.0,0.84409785,-0.00010013580322265625,0.0008593608,0.009763321,0.009763321
0.0,241.175,-1.2260114827822686,4,-110.94400402529527,1639,0.0,6335.564728498459,308224,0.0,1.0811698,-9.870529174804688e-05,0.0008755857,0.008164808,0.008164808
0.0,241.0,-1.2301099631852719,4,-111.88127318252214,1643,0.0,6357.478519678116,309248,0.0,0.7442018,-0.00015652179718017578,0.00087713625,0.011678461,0.011678461
0.0,248.5,-0.859548726992917,4,-114.5585126709547,1647,0.0,6377.877254486084,310272,0.0,0.9609398,1.0728836059570312e-06,0.00093187316,0.007908174,0.007908174
0.0,248.5,-0.8663617619029169,4,-116.74784435449294,1651,0.0,6398.369515657425,311296,0.0,0.69232666,0.00017058849334716797,0.0009288414,0.010654709,0.010654709
0.0,256.0,-0.4970724983316458,4,-118.32700752760172,1655,0.0,6419.073785305023,312320,0.0,1.0892774,-2.5033950805664062e-06,0.00090221525,0.011899652,0.011899652
0.0,256.0,-0.4915549885783962,4,-116.41829776854692,1659,0.0,6439.6609489917755,313344,0.0,0.9908977,0.0031888484954833984,0.000941412,0.0107911695,0.0107911695
0.0,256.0,-0.4804594490088746,4,-113.4331753701736,1663,0.0,6460.075332164764,314368,0.0,0.8999736,0.0010793805122375488,0.00086407806,0.009312865,0.009312865
0.0,256.0,-0.4752441298708142,4,-111.80209182636311,1667,0.0,6480.588603258133,315392,0.0,1.1139112,-1.8715858459472656e-05,0.0008746883,0.014243263,0.014243263
0.0,256.0,-0.3718796984271396,4,-96.09191889451039,1671,0.0,6501.406311750412,316416,0.0,1.0129784,-0.014211535453796387,0.0009366372,0.010287009,0.010287009
0.0,248.5,-0.5320133963800241,5,-107.94904568855861,1676,0.0,6521.855774879456,317440,0.0,0.91822237,-1.7881393432617188e-06,0.0009027915,0.009894369,0.009894369
0.0,241.0,-1.0184714393405883,5,-134.92611021622483,1681,0.0,6542.502371549606,318464,0.0,0.8576994,-1.430511474609375e-05,0.00091303315,0.01626745,0.01626745
0.0,241.8,-0.9622085582911619,4,-120.35644962151318,1685,0.0,6563.411136388779,319488,0.0,0.78767014,-4.184246063232422e-05,0.00092486315,0.011630471,0.011630471
0.0,233.5,-1.3068271940708087,5,-145.1428176497149,1690,0.0,6583.809965133667,320512,0.0,1.1215692,-4.410743713378906e-06,0.0007744194,0.009744327,0.009744327
0.0,234.55,-1.2416007783148224,4,-128.46698959393729,1694,0.0,6604.4162673950195,321536,0.0,1.0933334,-0.00020647048950195312,0.00089614314,0.009380393,0.009380393
0.0,233.5,-1.3054576538586686,4,-142.9552409106299,1698,0.0,6625.043293237686,322560,0.0,0.79258066,4.0411949157714844e-05,0.0009495396,0.010024252,0.010024252
0.0,233.5,-1.3873916381238194,4,-158.85532885574227,1702,0.0,6646.984539747238,323584,0.0,0.95641434,-0.0010974407196044922,0.0013079554,0.02138478,0.02138478
0.0,222.9,-1.9732450087947335,6,-199.82481260948492,1708,0.0,6667.5303428173065,324608,0.0,1.0111902,-2.5033950805664062e-06,0.0007646294,0.011504134,0.011504134
0.0,228.125,-1.8811282815479082,4,-201.6439269063988,1712,0.0,6688.310426235199,325632,0.0,0.8947171,1.0132789611816406e-06,0.00093908585,0.0064078253,0.0064078253
0.0,230.4,-1.88392014705847,4,-203.74871718870682,1716,0.0,6708.696964740753,326656,0.0,0.99253273,-6.270408630371094e-05,0.00089353253,0.011338116,0.011338116
0.0,237.175,-1.3930438303796062,4,-175.2266428186663,1720,0.0,6729.154831647873,327680,0.0,1.1927025,-8.296966552734375e-05,0.00086487876,0.009821194,0.009821194
0.0,233.5,-1.3948576196643725,4,-174.8063962736684,1724,0.0,6749.66756772995,328704,0.0,0.8422719,-2.4437904357910156e-05,0.0008352932,0.008011588,0.008011588
0.0,239.75,-1.0943329074700707,4,-160.7073450116995,1728,0.0,6770.423372268677,329728,0.0,0.8420363,0.0010187625885009766,0.0011865975,0.02146919,0.02146919
0.0,241.0,-1.0386152773020663,4,-147.29320989710703,1732,0.0,6790.734571695328,330752,0.0,1.112293,-6.389617919921875e-05,0.00084385765,0.008493858,0.008493858
0.0,241.0,-1.037752912574026,4,-147.2202823312785,1736,0.0,6811.622279644012,331776,0.0,0.8834189,0.0005379915237426758,0.00090954144,0.008063976,0.008063976
0.0,243.875,-0.8930810153857923,4,-118.46938156392557,1740,0.0,6834.991950511932,332800,0.0,1.1553235,-6.937980651855469e-05,0.0008936661,0.008529533,0.008529533
0.0,247.15,-0.6189619274722773,4,-104.6246260301958,1744,0.0,6858.159157037735,333824,0.0,1.0431871,-5.412101745605469e-05,0.00092083967,0.009472209,0.009472209
0.0,248.5,-0.45305635094406604,5,-90.56653475286082,1749,0.0,6879.056246042252,334848,0.0,0.7766118,-5.0067901611328125e-06,0.0009634797,0.0088732755,0.0088732755
0.0,241.0,-0.5164686349131105,5,-89.54126826343916,1754,0.0,6899.459037780762,335872,0.0,0.81859076,-6.67572021484375e-06,0.00073586067,0.005247892,0.005247892
0.0,241.0,-0.6089999873858145,4,-102.39095273689045,1758,0.0,6920.083115339279,336896,0.0,1.0422791,6.139278411865234e-06,0.0008941947,0.013657676,0.013657676
0.0,241.0,-0.605435136324185,4,-101.62267120382137,1762,0.0,6940.452886343002,337920,0.0,0.75026095,-3.528594970703125e-05,0.00088054774,0.00936919,0.00936919
0.0,241.0,-0.6036467013809995,4,-101.43959184080856,1766,0.0,6961.849408626556,338944,0.0,1.0868568,-9.071826934814453e-05,0.00089999544,0.009509225,0.009509225
0.0,233.5,-0.7604423177119619,5,-113.7797787311265,1771,0.0,6983.261902809143,339968,0.0,0.93059075,-2.384185791015625e-07,0.000881225,0.009738571,0.009738571
0.0,230.4,-1.1732515686354148,5,-128.9060859453062,1776,0.0,7003.852124929428,340992,0.0,0.64550906,-8.344650268554688e-07,0.0007682188,0.019157812,0.019157812
0.0,230.4,-1.2534464331907493,4,-144.8106394938423,1780,0.0,7024.369466304779,342016,0.0,0.9045691,-2.6226043701171875e-06,0.0009721761,0.010803284,0.010803284
0.0,230.4,-1.2533295993683307,4,-144.14657792609097,1784,0.0,7044.868960142136,343040,0.0,0.92438865,-2.6702880859375e-05,0.00093438744,0.012370183,0.012370183
0.0,230.975,-1.105519274670884,4,-129.33253580156932,1788,0.0,7065.229282855988,344064,0.0,0.5912427,-3.325939178466797e-05,0.0006321599,0.008406317,0.008406317
0.0,230.4,-1.4628950648764807,6,-158.58291521365896,1794,0.0,7085.788122653961,345088,0.0,0.7837368,1.6033649444580078e-05,0.0011912326,0.009228164,0.009228164
0.0,222.9,-1.527194298974435,5,-170.05574866862565,1799,0.0,7106.3905210494995,346112,0.0,1.0100795,-2.86102294921875e-06,0.00092709257,0.011762699,0.011762699
0.0,222.9,-1.526402339551679,4,-169.66890974950144,1803,0.0,7127.023483276367,347136,0.0,1.0140563,-0.00010502338409423828,0.0009219915,0.008866768,0.008866768
0.0,228.05,-1.465160445012884,4,-169.19374628028012,1807,0.0,7147.626890659332,348160,0.0,1.039171,-7.486343383789062e-05,0.000911611,0.015778406,0.015778406
0.0,230.4,-1.465193615121899,4,-169.82189862924858,1811,0.0,7168.376351118088,349184,0.0,0.95593244,-5.424022674560547e-05,0.0010073152,0.014127889,0.014127889
0.0,230.4,-1.365640116680463,5,-198.77783173685543,1816,0.0,7188.916185617447,350208,0.0,0.98511255,-2.5033950805664062e-06,0.0009680843,0.009272188,0.009272188
0.0,230.4,-1.28989512539387,4,-183.49860411102432,1820,0.0,7209.221543550491,351232,0.0,0.8988419,6.556510925292969e-07,0.0011234471,0.012846829,0.012846829
0.0,222.9,-1.7067130781225621,5,-214.23792305240787,1825,0.0,7229.917655467987,352256,0.0,0.7316078,5.125999450683594e-06,0.0007025857,0.011490814,0.011490814
0.0,228.975,-1.5180645073677657,4,-214.4552896087236,1829,0.0,7252.289949655533,353280,0.0,1.05157,1.4901161193847656e-06,0.00089355244,0.008792145,0.008792145
0.0,230.4,-1.7104316397872015,5,-201.47291831146313,1834,0.0,7275.034888267517,354304,0.0,0.91619575,-7.557868957519531e-05,0.0009125076,0.012688178,0.012688178
0.0,230.4,-1.8090782188868169,5,-187.72657025083691,1839,0.0,7298.238403558731,355328,0.0,0.8630807,4.76837158203125e-07,0.00078291784,0.0061548627,0.0061548627
0.0,230.4,-1.9346149484926674,4,-204.1040182541267,1843,0.0,7320.968276977539,356352,0.0,0.83622015,-1.5497207641601562e-06,0.0009299599,0.012231805,0.012231805
0.0,230.4,-1.8881036286066923,4,-206.34141987139265,1847,0.0,7343.5210173130035,357376,0.0,0.76737547,1.6689300537109375e-06,0.0009188914,0.0114058,0.0114058
0.0,230.4,-1.945553492670269,4,-222.16960686589,1851,0.0,7366.3782160282135,358400,0.0,0.88260037,-7.62939453125e-06,0.000645078,0.012348261,0.012348261
0.0,230.4,-1.7977270566810546,5,-209.03284386006263,1856,0.0,7388.2469601631165,359424,0.0,0.89241123,-0.04804527759552002,0.0009910199,0.010397991,0.010397991
0.0,222.9,-2.410091082305435,5,-235.88220558678103,1861,0.0,7408.756180763245,360448,0.0,0.79518765,-2.9802322387695312e-06,0.00093457464,0.010632668,0.010632668
0.0,230.4,-1.9978383724453714,4,-207.23106647968066,1865,0.0,7429.512375116348,361472,0.0,1.1294047,-1.621246337890625e-05,0.0010601319,0.010310317,0.010310317
0.0,222.0,-2.2392659926767875,6,-203.88117681493264,1871,0.0,7450.01256108284,362496,0.0,1.0573418,1.2516975402832031e-06,0.00082659593,0.012840306,0.012840306
0.0,222.9,-2.2373366735171407,4,-204.09321358155537,1875,0.0,7472.705779790878,363520,0.0,0.89447,-4.1365623474121094e-05,0.00086631527,0.008894002,0.008894002
0.0,222.9,-2.2701033623674705,5,-218.8492562266444,1880,0.0,7495.663543701172,364544,0.0,0.9678393,-0.002456068992614746,0.0009783553,0.014055248,0.014055248
0.0,223.125,-2.0957801876219353,4,-188.19229546873942,1884,0.0,7518.95475769043,365568,0.0,0.74551344,-2.8133392333984375e-05,0.0008241645,0.008227667,0.008227667
0.0,222.9,-2.1835689789486423,4,-202.06776346878107,1888,0.0,7540.430978059769,366592,0.0,0.69334954,-6.198883056640625e-06,0.00078709587,0.007058976,0.007058976
0.0,216.425,-2.396559360239275,5,-198.4677220764365,1893,0.0,7561.3396599292755,367616,0.0,0.8849181,-3.0994415283203125e-06,0.00092459435,0.010876314,0.010876314
0.0,219.8,-2.4500449600607155,5,-198.1353219315492,1898,0.0,7581.944586753845,368640,0.0,0.9087796,1.4901161193847656e-06,0.0008465495,0.010303682,0.010303682
0.0,215.4,-2.1093615274830513,5,-196.003214634485,1903,0.0,7602.343492507935,369664,0.0,0.8097997,1.1920928955078125e-07,0.00083762076,0.013995706,0.013995706
0.0,215.4,-2.1062568043703305,4,-195.17502423675796,1907,0.0,7623.107652425766,370688,0.0,0.9899224,-5.0067901611328125e-05,0.000882588,0.01132668,0.01132668
0.0,222.9,-1.5792605323744557,5,-197.95874192989356,1912,0.0,7643.828616857529,371712,0.0,0.93404186,-9.071826934814453e-05,0.0008360819,0.012414999,0.012414999
0.0,222.9,-1.6244798544033998,4,-210.9149808137303,1916,0.0,7664.772077083588,372736,0.0,1.0860275,-0.03911018371582031,0.0008295101,0.014034074,0.014034074
0.0,230.4,-1.3923486536228218,4,-197.54329102385387,1920,0.0,7685.649717569351,373760,0.0,0.59981114,0.0,0.0004810976,0.0058244416,0.0058244416
0.0,222.9,-1.6081109638835513,5,-224.26381334285924,1925,0.0,7705.883780002594,374784,0.0,0.94088507,1.3113021850585938e-06,0.0009045017,0.007810479,0.007810479
0.0,228.275,-1.3419473628790244,4,-195.1719938808938,1929,0.0,7726.453942060471,375808,0.0,1.0019243,1.6391277313232422e-05,0.0009125174,0.009321331,0.009321331
0.0,222.9,-1.5341267222223192,5,-209.73073312594852,1934,0.0,7746.848973989487,376832,0.0,1.0162604,-0.0019545555114746094,0.0009974043,0.0113008,0.0113008
0.0,230.4,-1.2583600319080788,4,-181.2969363547731,1938,0.0,7767.498995304108,377856,0.0,1.1465179,-5.5789947509765625e-05,0.0008922883,0.012566876,0.012566876
0.0,230.4,-1.237742095537381,5,-180.74170817329122,1943,0.0,7788.509879350662,378880,0.0,0.5823142,1.430511474609375e-06,0.00093360705,0.012494036,0.012494036
0.0,230.4,-1.2409036950138375,4,-181.71941417639079,1947,0.0,7808.703494548798,379904,0.0,0.949731,-2.181529998779297e-05,0.0008503002,0.007992762,0.007992762
0.0,232.825,-1.1522739106746263,4,-181.8266489374581,1951,0.0,7829.5112998485565,380928,0.0,0.94667506,6.794929504394531e-06,0.0009143002,0.0076612374,0.0076612374
0.0,233.825,-1.099982128540346,4,-167.36179869488598,1955,0.0,7850.118932962418,381952,0.0,0.9560213,-4.8995018005371094e-05,0.0008885284,0.010177869,0.010177869
0.0,235.45,-1.0930813565010533,4,-168.38562294745526,1959,0.0,7870.828305006027,382976,0.0,1.1040313,-0.048736572265625,0.0008511036,0.010728062,0.010728062
0.0,233.4,-1.1989622121229329,5,-168.63033428608426,1964,0.0,7891.691087961197,384000,0.0,0.92022246,1.7881393432617188e-06,0.00073167286,0.010160544,0.010160544
0.0,233.5,-1.2015062524623643,4,-169.17109142412818,1968,0.0,7914.092638015747,385024,0.0,1.0884125,-7.56978988647461e-05,0.00088347826,0.010894378,0.010894378
0.0,244.125,-0.8498645605596504,4,-139.90282674933408,1972,0.0,7937.382058382034,386048,0.0,0.9084131,3.910064697265625e-05,0.00092589523,0.008060035,0.008060035
0.0,233.5,-1.1466258534098592,5,-196.91460391566835,1977,0.0,7959.837835550308,387072,0.0,0.8739567,-0.0004698038101196289,0.001094634,0.015222883,0.015222883
0.0,238.4,-1.0560445450252924,4,-198.50895965406713,1981,0.0,7981.919654369354,388096,0.0,1.0672916,-1.3113021850585938e-06,0.0008309898,0.009565693,0.009565693
0.0,233.5,-1.1790297513094559,5,-211.87476351223663,1986,0.0,8002.432421684265,389120,0.0,0.66892767,0.0018228888511657715,0.0009939984,0.00677603,0.00677603
0.0,235.95,-1.198042321902849,4,-212.199477911126,1990,0.0,8023.219948291779,390144,0.0,0.9260471,8.106231689453125e-06,0.00094319903,0.012017122,0.012017122
0.0,233.5,-1.3319750413380025,4,-241.73325777545065,1994,0.0,8043.8578362464905,391168,0.0,0.78144455,-6.222724914550781e-05,0.0010206077,0.0137136355,0.0137136355
0.0,234.425,-1.2726803092442491,4,-226.16034980150442,1998,0.0,8064.746904373169,392192,0.0,0.82814324,-9.09566879272461e-05,0.00087162934,0.008467244,0.008467244
0.0,241.925,-0.9509706445412901,4,-198.35647922711922,2002,0.0,8085.066419124603,393216,0.0,1.0379624,-2.7179718017578125e-05,0.00090303854,0.008297509,0.008297509
0.0,233.5,-1.1284116515005629,5,-226.62449882710112,2007,0.0,8105.683210134506,394240,0.0,0.8653477,2.384185791015625e-07,0.000928292,0.008241725,0.008241725
0.0,233.5,-1.2133785770762238,4,-242.85507672059398,2011,0.0,8126.48160982132,395264,0.0,0.6362715,-8.58306884765625e-06,0.00073930074,0.0081679635,0.0081679635
0.0,238.05,-1.0264770105954255,4,-199.90587380466587,2015,0.0,8146.783054828644,396288,0.0,0.94333345,2.6166439056396484e-05,0.0009306604,0.0069975737,0.0069975737
0.0,233.85,-1.0390566206723075,5,-182.509525257682,2020,0.0,8167.661863088608,397312,0.0,0.60708714,-3.4570693969726562e-06,0.00091005326,0.005791516,0.005791516
0.0,238.0,-0.9150225589876957,4,-168.20767223649315,2024,0.0,8188.291608572006,398336,0.0,0.8390875,-6.520748138427734e-05,0.0008773624,0.0077035655,0.0077035655
0.0,242.1,-0.8534802098819094,4,-153.41447914082073,2028,0.0,8208.906641244888,399360,0.0,0.7578043,-4.601478576660156e-05,0.0008894847,0.010487356,0.010487356
0.0,236.975,-0.978646895580605,5,-151.87245891166452,2033,0.0,8229.31878066063,400384,0.0,0.80310225,-1.6689300537109375e-06,0.00083614665,0.010259244,0.010259244
0.0,230.4,-1.11042560015749,5,-166.7052929278175,2038,0.0,8250.0427069664,401408,0.0,0.7755846,-1.430511474609375e-06,0.00094011513,0.009339074,0.009339074
0.0,230.4,-1.1008563828377151,4,-164.93878274266132,2042,0.0,8270.749002218246,402432,0.0,0.87862384,-2.0503997802734375e-05,0.00091483595,0.010077072,0.010077072
0.0,232.625,-0.9211999620351021,4,-134.98135717078202,2046,0.0,8291.300075531006,403456,0.0,0.57033885,-7.367134094238281e-05,0.000841443,0.01220089,0.01220089
0.0,230.4,-1.0376068558259885,5,-151.4039278255144,2051,0.0,8311.857735395432,404480,0.0,0.74839306,8.344650268554688e-07,0.00091966323,0.010352451,0.010352451
0.0,230.4,-1.1850509558880047,4,-181.388423199561,2055,0.0,8334.562800168991,405504,0.0,0.6128464,-2.86102294921875e-06,0.00095209805,0.008605401,0.008605401
0.0,231.425,-1.006060094775932,4,-167.1658969102245,2059,0.0,8355.000390291214,406528,0.0,0.66167724,7.891654968261719e-05,0.0009217706,0.008695666,0.008695666
0.0,233.5,-1.0644931369800203,4,-184.85770714531844,2063,0.0,8375.527432203293,407552,0.0,0.79547715,-0.018052339553833008,0.0009101787,0.011558582,0.011558582
0.0,230.4,-1.6312517335284422,5,-215.91073059424585,2068,0.0,8396.436493635178,408576,0.0,0.92941594,6.079673767089844e-06,0.00072228746,0.009662421,0.009662421
0.0,237.025,-1.3961030614411962,4,-187.3802475563895,2072,0.0,8419.289578676224,409600,0.0,1.0239453,-1.0251998901367188e-05,0.00090257835,0.008644883,0.008644883
0.0,238.15,-1.257492492849798,4,-170.3523680771091,2076,0.0,8442.428696870804,410624,0.0,1.0268749,-4.589557647705078e-05,0.0009250117,0.008887295,0.008887295
0.0,241.0,-1.310934233080566,4,-185.11893839214832,2080,0.0,8465.725908041,411648,0.0,0.639648,-0.005362749099731445,0.0007203444,0.014919113,0.014919113
0.0,230.4,-2.0034042229192233,6,-229.4126001936109,2086,0.0,8488.524621248245,412672,0.0,1.0805459,-0.0025464296340942383,0.0007873307,0.010057425,0.010057425
0.0,230.4,-1.9605168130858506,5,-212.5975266088657,2091,0.0,8511.837669372559,413696,0.0,0.8822641,2.7418136596679688e-06,0.0008087829,0.010073325,0.010073325
0.0,222.9,-2.1213885519472444,5,-211.2726265161923,2096,0.0,8533.719442605972,414720,0.0,0.9592078,-2.9802322387695312e-06,0.00093251956,0.009583555,0.009583555
0.0,222.9,-2.1189740847100906,4,-210.5636628044993,2100,0.0,8554.317466497421,415744,0.0,0.84961504,2.1457672119140625e-06,0.0008911648,0.008454561,0.008454561
0.0,225.5,-2.064504815124663,4,-194.32338479831662,2104,0.0,8574.726937532425,416768,0.0,1.048287,1.1920928955078125e-07,0.0012871516,0.013956139,0.013956139
0.0,222.9,-1.8035969995457646,5,-207.4844850957797,2109,0.0,8594.904606580734,417792,0.0,0.6967467,-0.0023767948150634766,0.00090794876,0.013092289,0.013092289
0.0,222.9,-1.7857276226632188,4,-209.52333229887049,2113,0.0,8615.31806921959,418816,0.0,0.78688973,1.7285346984863281e-06,0.00092474755,0.005173332,0.005173332
0.0,223.5,-1.8134155501564653,4,-209.98401316222856,2117,0.0,8635.81279015541,419840,0.0,0.54453826,-4.887580871582031e-06,0.0008484552,0.00913504,0.00913504
0.0,222.9,-1.8213068576177178,4,-211.74570841579126,2121,0.0,8657.011833906174,420864,0.0,0.9228145,-3.421306610107422e-05,0.0008820869,0.011009014,0.011009014
0.0,230.4,-1.299930638893062,5,-197.5039322412779,2126,0.0,8678.384129524231,421888,0.0,0.79392815,-0.014727592468261719,0.0010369561,0.008115002,0.008115002
0.0,231.075,-1.149806779116372,4,-183.7793670106067,2130,0.0,8700.713232755661,422912,0.0,0.66886485,0.00015538930892944336,0.0008800998,0.010004642,0.010004642
0.0,235.6,-1.0594460139965303,5,-168.4357171810446,2135,0.0,8723.775414705276,423936,0.0,0.63487357,9.5367431640625e-07,0.00095179543,0.014179498,0.014179498
0.0,233.5,-1.1443520225710366,4,-183.22562539634154,2139,0.0,8746.922105789185,424960,0.0,0.36253875,-4.410743713378906e-06,0.0009387827,0.008932714,0.008932714
0.0,230.4,-1.231864823293356,5,-197.4020116924218,2144,0.0,8768.077504396439,425984,0.0,0.71932185,2.1338462829589844e-05,0.00090073893,0.013121041,0.013121041
0.0,231.65,-1.0679418245030812,4,-182.55911831266457,2148,0.0,8788.526740789413,427008,0.0,0.68083084,-6.830692291259766e-05,0.0007511888,0.0066224015,0.0066224015
0.0,236.325,-1.0664853790353708,4,-181.15805331555467,2152,0.0,8809.300657272339,428032,0.0,0.68735635,-1.0967254638671875e-05,0.00072639127,0.0066715237,0.0066715237
0.0,230.4,-1.1406030150663646,5,-195.08174678714596,2157,0.0,8829.86891913414,429056,0.0,0.7909443,2.8014183044433594e-06,0.0008805321,0.010074403,0.010074403
0.0,227.175,-1.2832101925947481,5,-209.19033478195715,2162,0.0,8850.556190013885,430080,0.0,0.6730653,-3.933906555175781e-05,0.0009557743,0.010353655,0.010353655
0.0,230.4,-1.3527890180171496,4,-223.45274208691998,2166,0.0,8871.490090847015,431104,0.0,0.7243779,-1.3113021850585938e-06,0.0009535253,0.008763135,0.008763135
0.0,222.9,-1.885528135544724,5,-236.1975623278632,2171,0.0,8892.301972866058,432128,0.0,0.6473466,-1.537799835205078e-05,0.0010310209,0.022397704,0.022397704
0.0,230.4,-1.7635583774525165,4,-237.704574003378,2175,0.0,8912.96051955223,433152,0.0,0.72612643,-3.6954879760742188e-06,0.001002471,0.0070112674,0.0070112674
0.0,230.4,-1.677088750353342,4,-222.28770759562286,2179,0.0,8933.628888130188,434176,0.0,0.7719431,-0.00013649463653564453,0.0008697488,0.008673396,0.008673396
0.0,231.425,-1.5081938624762112,4,-191.95395336747112,2183,0.0,8953.505827903748,435200,0.0,0.89309746,2.396106719970703e-05,0.0008906233,0.011197002,0.011197002
0.0,235.275,-1.4448725631401278,4,-178.03474996256173,2187,0.0,8974.10934972763,436224,0.0,0.7178684,-7.62939453125e-06,0.0008430051,0.007998247,0.007998247
0.0,236.65,-1.480190712095506,4,-194.23472738885914,2191,0.0,8994.49687075615,437248,0.0,0.86473715,3.6954879760742188e-06,0.00096103403,0.013714774,0.013714774
0.0,230.475,-1.6395425276509439,5,-180.632074652762,2196,0.0,9014.721143722534,438272,0.0,0.835683,-1.9073486328125e-06,0.0008705169,0.0048497627,0.0048497627
0.0,238.775,-1.4711364236510378,4,-167.14445759609902,2200,0.0,9035.43463897705,439296,0.0,0.5002047,-4.38690185546875e-05,0.00051788974,0.005422298,0.005422298
0.0,242.4,-1.3153083007469442,4,-137.38706263134685,2204,0.0,9056.448766469955,440320,0.0,0.6066114,-0.00013530254364013672,0.00085276936,0.009284789,0.009284789
0.0,240.3,-0.975054068994552,5,-137.99501264722633,2209,0.0,9076.793267726898,441344,0.0,0.6450685,1.7285346984863281e-06,0.00096750027,0.012769808,0.012769808
0.0,222.9,-1.7029258577272557,7,-194.83396524579,2216,0.0,9097.572541952133,442368,0.0,0.80920064,1.430511474609375e-06,0.0009585116,0.010200322,0.010200322
0.0,222.9,-1.6987528520352424,4,-193.59495977376156,2220,0.0,9118.250811815262,443392,0.0,0.74585545,0.00011444091796875,0.0009310211,0.008265635,0.008265635
0.0,215.4,-2.0206042779956452,5,-237.43246076687802,2225,0.0,9139.011825084686,444416,0.0,0.73123956,-2.9087066650390625e-05,0.00088435924,0.011609208,0.011609208
0.0,204.8,-2.49682244403531,6,-234.4759187845806,2231,0.0,9160.111333847046,445440,0.0,0.6743907,2.9802322387695312e-06,0.0008905082,0.011012001,0.011012001
0.0,204.8,-2.5682302245808004,5,-248.51369207163197,2236,0.0,9180.758216619492,446464,0.0,0.76730514,4.5299530029296875e-06,0.00093331607,0.012870061,0.012870061
0.0,197.3,-2.7246891929529347,5,-275.6859826622972,2241,0.0,9201.390075206757,447488,0.0,0.6329925,1.9073486328125e-06,0.00068938825,0.010277234,0.010277234
0.0,196.675,-2.8429079399991246,5,-291.010704613177,2246,0.0,9222.003593206406,448512,0.0,1.0419214,-1.0728836059570312e-06,0.0008965857,0.00825569,0.00825569
0.0,197.8,-3.043873698155017,5,-289.9645908573837,2251,0.0,9242.632016897202,449536,0.0,0.65541387,4.172325134277344e-07,0.0010223265,0.016382813,0.016382813
0.0,204.8,-2.8576399304351825,5,-290.5247164214628,2256,0.0,9263.192162036896,450560,0.0,0.59530354,-1.5497207641601562e-06,0.00083548087,0.012833106,0.012833106
0.0,202.75,-3.2086459404375596,5,-304.74488806440894,2261,0.0,9284.195855617523,451584,0.0,0.72622466,-2.1457672119140625e-06,0.00090005866,0.010766139,0.010766139
0.0,197.3,-3.291273128876844,5,-304.3306391756839,2266,0.0,9304.94083070755,452608,0.0,0.89689064,8.344650268554688e-07,0.00084324856,0.008834471,0.008834471
0.0,204.8,-2.907217092353495,5,-290.8519213327179,2271,0.0,9325.62704706192,453632,0.0,0.6140174,-8.821487426757812e-06,0.0010207908,0.0064354427,0.0064354427
0.0,211.35,-2.584314411373195,4,-275.69345384478726,2275,0.0,9346.655022382736,454656,0.0,0.7321749,-6.794929504394531e-05,0.0010253957,0.009876389,0.009876389
0.0,205.875,-2.6872324461732697,5,-261.5153690317049,2280,0.0,9367.234942913055,455680,0.0,0.6857809,-2.9802322387695312e-06,0.0010640182,0.01231436,0.01231436
0.0,219.525,-2.3200096326333592,4,-220.95749064057128,2284,0.0,9387.654080152512,456704,0.0,0.7148012,-4.220008850097656e-05,0.00087710214,0.0062650517,0.0062650517
0.0,212.075,-2.4373200793986656,6,-236.0446911749476,2290,0.0,9408.307817459106,457728,0.0,0.84659755,5.364418029785156e-07,0.0009827616,0.014767227,0.014767227
0.0,213.225,-2.374155891348645,4,-236.37627504181864,2294,0.0,9428.879217386246,458752,0.0,0.69767356,2.86102294921875e-06,0.0008888667,0.010705231,0.010705231
0.0,222.075,-1.709231822780221,4,-208.82463295555712,2298,0.0,9449.276792287827,459776,0.0,0.9735104,-4.673004150390625e-05,0.00096172735,0.010421516,0.010421516
0.0,220.375,-1.783421839495939,5,-208.23753102153546,2303,0.0,9470.179850101471,460800,0.0,0.86923563,-1.5497207641601562e-06,0.0010043676,0.009556169,0.009556169
0.0,228.65,-1.5658349674927496,4,-196.21458190051433,2307,0.0,9490.452201366425,461824,0.0,0.5644356,4.5299530029296875e-06,0.0008748177,0.012795914,0.012795914
0.0,230.4,-1.571044004555049,4,-197.86040818510853,2311,0.0,9511.377483844757,462848,0.0,0.81015563,-1.6927719116210938e-05,0.0009442767,0.009028975,0.009028975
0.0,222.9,-1.8104527143579372,5,-227.11743374364505,2316,0.0,9532.028883934021,463872,0.0,0.65385795,-3.5762786865234375e-07,0.0007572421,0.010007891,0.010007891
0.0,230.4,-1.6085522414225566,4,-228.15513059039523,2320,0.0,9552.524616718292,464896,0.0,0.67787313,-2.6226043701171875e-06,0.00096381805,0.009449351,0.009449351
0.0,222.9,-1.9133515299649262,5,-255.5529575164146,2325,0.0,9573.15591263771,465920,0.0,1.0078623,6.556510925292969e-07,0.000874416,0.009933248,0.009933248
0.0,230.625,-1.338561066117308,4,-211.02299747292508,2329,0.0,9594.315880775452,466944,0.0,0.8481787,-3.075599670410156e-05,0.0009804158,0.012366351,0.012366351
0.0,230.4,-1.3669596316521033,5,-199.97970837420857,2334,0.0,9615.418728113174,467968,0.0,0.7398299,-1.2278556823730469e-05,0.0009367897,0.012669938,0.012669938
0.0,230.4,-1.3687500488076818,4,-199.95451006553782,2338,0.0,9635.806069374084,468992,0.0,0.8290845,-4.2438507080078125e-05,0.0008556753,0.0076699476,0.0076699476
0.0,233.625,-1.0596688416603648,4,-170.89091155488398,2342,0.0,9656.141239881516,470016,0.0,0.898286,-1.0728836059570312e-05,0.00097086374,0.011025059,0.011025059
0.0,230.4,-1.1292468667819606,5,-169.57425605403716,2347,0.0,9676.776945114136,471040,0.0,0.84096086,-1.7881393432617188e-06,0.0009094484,0.011529541,0.011529541
0.0,222.9,-1.3224616325860272,5,-184.81098935459676,2352,0.0,9697.646719455719,472064,0.0,0.43029892,-6.9141387939453125e-06,0.0007056891,0.0090169385,0.0090169385
0.0,222.9,-1.253100836940611,5,-155.755132431317,2357,0.0,9718.33069229126,473088,0.0,0.6676696,-6.67572021484375e-06,0.0009646855,0.013363877,0.013363877
0.0,217.85,-1.4516009950276112,6,-140.27876559209398,2363,0.0,9738.886735916138,474112,0.0,0.5530828,-9.179115295410156e-06,0.0009667196,0.012984296,0.012984296
0.0,215.4,-1.4499086754177577,4,-139.41786658398462,2367,0.0,9759.74100613594,475136,0.0,1.0334942,-7.271766662597656e-05,0.0008792003,0.00908469,0.00908469
0.0,215.4,-1.4519785621554893,4,-139.3505112140001,2371,0.0,9780.585657596588,476160,0.0,0.8245977,7.152557373046875e-07,0.0009007908,0.011136068,0.011136068
0.0,222.9,-1.3219301573846716,4,-124.60818262158803,2375,0.0,9801.203633069992,477184,0.0,0.7566735,8.71419906616211e-05,0.00093345385,0.010262167,0.010262167
0.0,207.9,-1.7549663403927345,6,-164.97922672702,2381,0.0,9823.204102754593,478208,0.0,0.78703934,-2.0265579223632812e-06,0.00082430616,0.011262919,0.011262919
0.0,204.975,-1.8689981016258606,5,-193.54255687650806,2386,0.0,9846.475149393082,479232,0.0,0.6178484,-4.649162292480469e-06,0.00084780983,0.0073970417,0.0073970417
0.0,205.9,-1.8222647028019423,5,-191.63873056079424,2391,0.0,9869.441183328629,480256,0.0,0.7209978,-2.384185791015625e-07,0.00092978025,0.007180002,0.007180002
0.0,206.25,-2.1436157745009776,5,-190.2401062539971,2396,0.0,9892.982611894608,481280,0.0,0.6954863,-9.5367431640625e-06,0.0009593356,0.013231759,0.013231759
0.0,205.05,-2.3973474437924374,6,-218.9276447878231,2402,0.0,9915.482450962067,482304,0.0,0.64358264,-1.2874603271484375e-05,0.0009183035,0.0129712,0.0129712
0.0,204.8,-2.5772757314067873,5,-249.3001966697634,2407,0.0,9936.148797273636,483328,0.0,0.6041673,-1.1682510375976562e-05,0.00088084786,0.00832665,0.00832665
0.0,197.3,-2.9007346731364687,5,-277.3026172775614,2412,0.0,9956.673279047012,484352,0.0,0.69951993,1.8477439880371094e-06,0.0009648011,0.012610907,0.012610907
0.0,197.3,-3.0059816681187757,4,-307.1223625505907,2416,0.0,9977.404934167862,485376,0.0,0.76187557,3.5762786865234375e-07,0.00088651606,0.00948292,0.00948292
0.0,205.4,-2.635808977477654,4,-280.17910582528623,2420,0.0,9997.782271623611,486400,0.0,0.74835503,-1.2755393981933594e-05,0.0009953044,0.012535835,0.012535835
0.0,212.1,-2.493090264953363,4,-251.0431706379868,2424,0.0,10018.71059679985,487424,0.0,0.70840794,-1.2755393981933594e-05,0.00094114395,0.010371666,0.010371666
0.0,220.325,-2.2371741818525686,4,-221.4602375447443,2428,0.0,10039.329293966293,488448,0.0,0.6023042,-2.014636993408203e-05,0.0008114969,0.009847429,0.009847429
0.0,222.9,-2.237471787851522,4,-222.85455980600364,2432,0.0,10060.11782836914,489472,0.0,1.0135152,-1.7762184143066406e-05,0.0009154489,0.007146267,0.007146267
0.0,230.4,-1.684126208093049,4,-209.94599559133235,2436,0.0,10081.000109910965,490496,0.0,0.9449364,2.193450927734375e-05,0.00092892896,0.008699552,0.008699552
0.0,238.275,-1.2419108950068303,4,-180.85688988655605,2440,0.0,10101.89881157875,491520,0.0,0.61360836,-4.76837158203125e-07,0.0008268746,0.0044034747,0.0044034747
0.0,236.825,-1.1835738325895473,5,-164.34409337835473,2445,0.0,10123.82143330574,492544,0.0,0.67888665,2.980232238769531e-07,0.00090314937,0.021731969,0.021731969
0.0,245.7,-1.065865359322341,4,-153.38118088439813,2449,0.0,10144.366948366165,493568,0.0,0.6172215,-2.86102294921875e-06,0.00081535825,0.009607223,0.009607223
0.0,249.3,-0.8986789796335282,4,-138.13815304700344,2453,0.0,10164.937318325043,494592,0.0,0.8533132,-6.4373016357421875e-06,0.0010605267,0.006003067,0.006003067
0.0,242.625,-1.0067592932775202,5,-121.67673827427697,2458,0.0,10185.888176441193,495616,0.0,0.8078725,1.1920928955078125e-06,0.00091884646,0.0049886703,0.0049886703
0.0,241.0,-1.0110527712086466,4,-122.61827718835582,2462,0.0,10206.524684667587,496640,0.0,0.78120184,-4.279613494873047e-05,0.00091375137,0.0078779925,0.0078779925
0.0,241.0,-1.0657476964619237,4,-137.99148021450165,2466,0.0,10227.606362342834,497664,0.0,0.8220313,-9.894371032714844e-06,0.0009359326,0.00920842,0.00920842
0.0,230.4,-1.6837008015660035,6,-165.609837079407,2472,0.0,10248.352867126465,498688,0.0,0.8700472,-4.76837158203125e-06,0.0010795206,0.009184875,0.009184875
0.0,222.9,-1.8168745261062043,5,-179.50203301072563,2477,0.0,10269.427632808685,499712,0.0,0.7636199,1.8477439880371094e-06,0.000836602,0.009092457,0.009092457
0.0,229.325,-1.4045724720110164,4,-151.94690291213612,2481,0.0,10291.60390329361,500736,0.0,0.7869035,4.5359134674072266e-05,0.00094634574,0.0106492415,0.0106492415
