#{"t_start": 1565376180.1980972, "env_id": "highway-continuous-v0"}
r,l,t
-609.231499,36,2.852884
-682.198102,63,4.194188
-718.438003,29,5.447518
-741.069853,31,6.187645
-709.493903,46,7.329339
-797.607246,53,8.623946
-744.005077,35,9.45177
-662.359557,40,10.413732
-607.730304,31,11.151643
-671.02872,48,12.35063
-629.956237,122,15.588771
-725.864032,53,16.949947
-647.191163,38,17.884096
-703.966918,28,18.547836
-683.188675,70,20.19358
-660.98065,55,21.543185
-677.335932,108,24.161324
-677.294875,49,25.312566
-840.306421,203,29.984666
-645.277555,59,31.361999
-649.328146,24,31.925845
-634.961834,27,32.556985
-665.810717,39,33.468908
-639.552905,17,33.872783
-667.073306,38,34.756152
-677.055668,26,35.371816
-666.039749,25,35.969531
-720.251891,61,37.408679
-662.526431,41,38.354394
-665.714994,44,39.370904
-669.150801,28,40.022225
-644.016405,25,40.610602
-698.427541,37,41.483136
-645.531348,35,42.294466
-658.023375,23,42.834574
-637.869161,37,43.697665
-654.012216,27,44.331654
-658.828605,44,45.357709
-682.219092,54,46.617069
-758.655703,44,47.636684
-694.220224,38,48.525791
-656.184879,49,49.684022
-657.973836,20,50.158129
-632.583198,29,50.850817
-647.136143,18,51.276661
-654.034926,34,52.064888
-742.728774,36,52.904779
-648.877153,33,53.673169
-620.789716,55,54.93837
-706.283695,35,55.751933
-932.069914,143,59.119341
-641.769305,34,59.914255
-689.213372,51,61.108952
-718.10491,52,62.319286
-646.932506,41,63.272079
-610.503049,30,63.970331
-656.461169,45,65.015891
-682.575145,24,65.580333
-668.001496,39,66.489422
-650.289481,35,67.31748
-609.678817,35,68.139235
-645.992541,18,68.563919
-660.912505,30,69.275209
-683.138827,56,70.591025
-645.52781,35,71.404881
-724.413141,91,73.565732
-619.513778,53,74.837418
-669.143628,60,76.239224
-652.347557,46,77.3066
-652.995393,54,78.560987
-724.618554,46,79.659606
-649.417281,19,80.10543
-630.96086,62,81.526808
-864.160243,99,83.887306
-657.8277,31,84.611565
-651.22027,26,85.225389
-653.814636,51,86.42064
-639.039162,16,86.808334
-620.347852,70,88.447997
-649.060676,24,89.012537
-678.191758,53,90.236129
-631.714065,21,90.72775
-633.878061,27,91.356213
-647.423741,46,92.435407
-651.968721,74,94.207669
-740.497527,37,95.066178
-637.531312,34,95.859309
-645.979556,32,96.600225
-647.564709,53,97.8424
-640.292081,31,98.583655
-641.838024,26,99.200237
-635.313737,23,99.742272
-701.5282,29,100.449211
-642.780291,26,101.062266
-663.870244,79,102.920849
-648.150365,37,103.789865
-649.20991,28,104.486053
-653.397694,62,105.920303
-634.664142,33,106.690903
-637.642038,32,107.477194
-655.677391,18,107.903018
-704.556261,35,108.717113
-658.113155,20,109.193894
-707.191654,60,110.61179
-695.879146,29,111.289904
-646.543467,17,111.700095
-608.120393,30,112.397882
-647.930898,17,112.798805
-845.025908,69,114.422554
-648.213179,61,115.840329
-637.814176,37,116.704655
-652.113486,28,117.362331
-694.150703,33,118.146492
-648.542131,60,119.555734
-634.91106,38,120.443784
-674.072142,22,120.962965
-639.434687,29,121.638181
-618.308984,46,122.734701
-805.801385,84,124.725692
-656.200846,54,126.066211
-658.343436,56,127.402439
-659.530121,20,127.871332
-642.978163,27,128.501736
-809.324063,60,129.886809
-650.651706,20,130.353278
-648.641653,34,131.148501
-657.460788,21,131.648092
-645.706236,17,132.055994
-639.728156,53,133.331264
-645.950089,18,133.769952
-638.07072,27,134.40231
-644.910208,29,135.078584
-723.109931,70,136.77324
-638.321318,29,137.451121
-643.847451,26,138.059621
-650.52949,29,138.737442
-758.577352,42,139.74626
-658.862222,23,140.290588
-657.148811,71,141.984183
-669.852465,38,142.879498
-748.119897,139,146.145308
-638.557474,16,146.525632
-734.485455,75,148.303391
-650.383691,41,149.266633
-668.745782,52,150.51367
-675.485971,24,151.076397
-640.168443,37,151.943191
-669.442465,47,153.060015
-712.462825,50,154.240127
-829.528952,90,156.34094
-667.553219,28,157.002108
-632.833335,22,157.521292
-655.672529,43,158.519362
-631.734962,43,159.524152
-623.331003,62,161.001646
-677.554237,54,162.293197
-640.772243,34,163.098791
-656.572165,27,163.732656
-639.726158,15,164.092544
-656.571029,44,165.13324
-659.433046,20,165.620115
-703.993861,27,166.257099
-692.956096,35,167.102427
-679.469941,43,168.219477
-646.784659,35,169.198222
-653.437936,67,170.77188
-648.921865,16,171.161678
-639.817704,35,172.050285
-628.058202,34,172.881624
-623.451206,20,173.373621
-651.172013,33,174.224169
-623.472745,25,174.818001
-623.169276,25,175.408263
-635.543877,29,176.092735
-629.691711,21,176.593748
-636.642862,15,177.032165
-629.901415,36,178.11157
-634.628897,30,178.822856
-641.322204,15,179.177434
-640.305346,17,179.586693
-638.814368,32,180.339741
-644.631141,31,181.291427
-635.270845,30,182.092435
-635.318309,31,182.828178
-638.753602,16,183.207736
-626.978939,27,183.843818
-646.723867,23,184.461968
-638.281622,37,185.534682
-653.540609,27,186.187299
-641.853441,43,187.199054
-640.32752,90,189.645698
-652.610967,66,191.200471
-640.933261,109,194.087508
-638.138269,32,194.897238
-685.395945,51,196.133084
-132.043279,300,203.902203
-161.326766,300,211.603134
-638.994803,99,214.243471
-821.413203,297,222.063465
-702.478728,235,228.040587
-675.649022,183,232.993123
-269.279007,300,240.719309
-149.525352,300,248.602415
-129.692716,300,256.815497
-131.487471,300,264.782849
-166.611079,300,272.621469
-110.008056,300,280.42115
-145.685684,300,288.230818
-138.800047,300,296.030139
-109.942943,300,303.738713
-143.008846,300,311.420353
-132.71082,300,318.998712
-725.899706,247,324.980372
-703.083797,183,329.764374
-646.008234,90,332.108216
-175.248841,300,339.665129
-204.692819,300,347.243531
-109.073608,300,355.063952
-170.462601,300,362.856526
-112.765943,300,370.238015
-625.721426,65,371.994929
-183.313155,300,379.586576
-134.636094,300,386.949277
-162.622031,300,394.491866
-629.994955,62,396.18884
-158.622541,300,403.762542
-137.643721,300,411.164261
-160.513864,300,418.748071
-156.557266,300,426.315965
-612.563075,37,427.207419
-109.609411,300,434.915951
-135.427147,300,442.915381
-167.147349,300,450.3443
-191.944466,300,457.919168
-151.58945,300,465.526731
-125.483992,300,472.967668
-140.0398,300,480.269811
-156.031395,300,487.569683
-124.55264,300,494.735393
-159.669585,300,502.193934
-166.345166,300,509.445136
-737.150437,266,516.175542
-147.629044,300,523.96875
-143.435131,300,531.521222
-228.887565,300,539.114979
-411.57725,300,546.71885
-118.135122,300,554.038132
-116.826482,300,561.484313
-613.383079,44,562.517131
-117.140344,300,570.049138
-105.929107,300,577.751451
-645.837819,134,581.107992
-174.160128,300,588.72822
-612.643049,37,589.598449
-137.101503,300,597.150995
-144.187786,300,604.802982
-648.564207,300,612.264938
-400.591914,300,619.906681
-574.448238,300,627.468424
-236.710697,300,634.973418
-310.969176,300,642.455866
-129.594019,300,649.698494
-613.730693,38,650.616761
-149.824252,300,657.904369
-158.314361,300,665.524869
-171.725576,300,673.147018
-678.981204,191,678.163054
-640.132712,104,680.877194
-145.471953,300,688.524626
-149.050778,300,696.174885
-124.664774,300,703.877178
-144.458121,300,711.428591
-141.946953,300,718.980216
-140.275534,300,726.57637
-163.457322,300,733.601341
-175.507789,300,740.709286
-149.535118,300,748.448497
-140.414948,300,755.602021
-164.744349,300,762.842934
-612.465048,31,763.568068
-154.95062,300,770.512159
-145.078721,300,777.725847
-621.88821,84,779.639191
-618.796004,62,781.059405
-155.457166,300,788.066965
-129.805419,300,795.067816
-644.649608,80,796.920511
-144.529029,300,804.04041
-139.761177,300,811.258751
-132.683964,300,818.355201
-117.876116,300,825.653337
-158.42718,300,832.895333
-128.455294,300,840.517894
-139.103537,300,847.660013
-150.612508,300,855.051287
-632.756146,87,857.23836
-173.913971,300,864.866623
-144.391594,300,872.41765
-150.194663,300,880.084145
-159.867978,300,887.864066
-126.556801,300,895.514824
-148.699766,300,902.941979
-168.612331,300,910.287539
-193.887446,300,918.041906
-614.901921,75,919.854144
-155.973305,300,927.539135
-154.569037,300,935.279754
-763.919023,300,942.726203
-154.183054,300,950.167398
-111.381357,300,957.896805
-112.276086,300,965.532263
-143.675513,300,972.772323
-142.382532,300,980.073499
-139.57696,300,987.549957
-394.49634,300,995.051567
-686.389358,174,999.569095
-149.08323,300,1007.111787
-139.383502,300,1014.589635
-150.971405,300,1022.321521
-160.979831,300,1029.697009
-174.507024,300,1037.437829
-163.511237,300,1044.953153
-89.89803,300,1052.479959
-305.223323,300,1059.953273
-139.411154,300,1067.541892
-623.561115,63,1069.008896
-124.492697,300,1076.571189
-144.348383,300,1084.158882
-1058.983675,300,1091.789794
-167.336421,300,1099.289
-122.480329,300,1106.897482
-139.416812,300,1114.02077
-618.535259,54,1115.338506
-138.22725,300,1122.729705
-151.954971,300,1130.33895
-608.888127,29,1131.008603
-1070.594578,300,1138.453692
-326.120699,300,1145.644192
-343.819968,300,1152.448849
-699.095121,217,1157.533378
-246.15659,300,1164.494254
-635.129817,102,1166.889162
-1595.378914,300,1173.919182
-611.445782,27,1174.586413
-690.289568,86,1176.611727
-272.833658,300,1183.206247
-158.112229,300,1190.474991
-290.97605,300,1197.777119
-141.679962,300,1205.378603
-609.927152,33,1206.167437
-245.029478,300,1214.123152
-833.509849,77,1216.017613
-141.298726,300,1223.532409
-293.343333,300,1231.194267
-154.999847,300,1238.725299
-598.913502,300,1246.465788
-123.489011,300,1254.185109
-803.518525,208,1259.458089
-631.852445,79,1261.563895
-159.546419,300,1269.049209
-132.721564,300,1276.334988
-129.6355,300,1284.262246
-150.988168,300,1291.927543
-611.076966,27,1292.549622
-164.941423,300,1299.90734
-143.333733,300,1307.572756
-143.165671,300,1314.88219
-629.446877,74,1316.845845
-253.473267,300,1324.719061
-636.828726,75,1326.612644
-555.404607,300,1333.945081
-196.51543,300,1341.091473
-125.57046,300,1348.633794
-174.793265,300,1356.401262
-268.735672,300,1363.841481
-144.368876,300,1371.503513
-158.893234,300,1379.020328
-294.994288,300,1386.471484
-152.522019,300,1393.670141
-145.674176,300,1401.591955
-423.145167,300,1409.993408
-635.771145,131,1413.307054
-434.531341,300,1421.077014
-104.560933,300,1428.672201
-128.329378,300,1436.186206
-1304.013305,236,1442.272591
-761.445679,300,1449.989785
-636.256255,72,1451.710754
-99.958588,300,1459.274051
-165.883613,300,1467.082705
-151.457765,300,1474.49142
-91.21201,300,1482.049948
-521.01728,300,1489.71763
-100.607158,300,1497.151409
-120.998772,300,1504.905238
-134.286232,300,1512.830268
-635.668516,115,1515.713862
-146.034961,300,1523.235712
-113.655438,300,1531.109016
-147.294087,300,1538.447294
-131.129908,300,1546.291188
-731.515172,230,1552.127803
-619.13816,63,1553.671041
-97.393256,300,1561.666108
-133.30007,300,1569.727029
-409.446521,300,1577.261672
-111.023947,300,1585.181544
-436.309826,300,1592.688155
-115.18401,300,1600.269416
-695.231695,276,1607.570103
-620.409168,79,1609.742914
-155.253308,300,1617.531846
-621.40757,61,1618.981824
-672.745412,215,1624.686879
-107.446381,300,1632.276462
-145.660393,300,1640.105051
-153.625521,300,1647.759527
-680.180056,170,1651.966541
-667.093546,166,1655.922029
-699.533826,300,1663.148528
-545.264536,300,1670.366457
-504.115438,300,1677.743104
-703.540124,240,1683.595927
-628.049303,100,1685.983315
-99.894649,300,1693.021269
-88.949658,300,1700.138597
-104.522159,300,1707.293025
-115.481576,300,1714.334725
-125.725349,300,1721.462196
-630.768429,84,1723.497253
-203.53626,300,1730.675061
-131.109328,300,1737.72183
-126.536135,300,1744.820073
-240.413341,300,1751.881711
-93.387493,300,1758.999835
-164.986733,300,1766.266099
-153.1852,300,1773.400812
-130.505719,300,1780.845951
-127.915788,300,1787.763563
-92.606382,300,1794.902558
-146.208743,300,1802.130961
-128.029068,300,1809.148754
-613.157594,38,1810.038446
-634.029817,102,1812.450047
-619.39041,75,1814.186341
-110.814768,300,1821.173148
-635.421437,89,1823.243714
-122.519789,300,1830.595033
-187.486366,300,1837.921387
-115.723362,300,1845.032182
-689.182028,173,1849.5644
-685.783935,190,1854.083687
-120.020412,300,1861.186277
-152.660169,300,1868.654457
-143.791964,300,1875.894829
-95.481541,300,1883.082517
-637.209859,130,1886.209355
-625.516447,60,1887.638155
-128.421961,300,1895.227971
-654.576831,138,1898.606441
-132.338379,300,1906.370086
-615.77652,47,1907.501503
-795.240492,257,1913.944147
-164.564306,300,1921.215184
-164.232018,300,1928.709455
-120.404601,300,1936.104704
-152.173205,300,1943.450606
-693.662557,283,1950.638799
-617.417196,47,1951.767668
-691.858027,214,1956.914721
-620.919279,53,1958.205461
-163.770096,300,1965.407333
-111.36293,300,1972.694671
-722.270487,267,1979.215458
-119.436882,300,1986.375156
-695.764096,215,1991.648696
-134.58164,300,1998.936566
-127.287445,300,2006.505116
-125.103072,300,2013.800029
-617.856999,44,2014.867787
-613.175511,35,2015.677181
-111.719312,300,2023.013584
-164.043014,300,2030.435338
-208.724088,300,2037.769878
-669.341297,50,2038.999778
-122.991676,300,2046.233356
-650.403557,154,2049.999479
-134.387392,300,2057.235255
-138.601084,300,2064.480731
-636.077242,80,2066.374015
-118.345637,300,2073.53056
-141.156043,300,2080.717411
-121.04339,300,2088.072825
-139.900808,300,2095.365649
-153.548941,300,2102.570064
-117.089164,300,2110.068059
-648.258064,157,2113.801793
-829.041492,300,2121.025031
-97.978552,300,2128.019679
-628.984993,80,2129.861728
-649.324247,131,2132.95833
-143.96035,300,2140.252043
-139.762572,300,2147.351046
-134.758375,300,2154.491677
-119.646802,300,2161.512681
-625.618359,74,2163.246207
-137.833064,300,2170.781945
-144.287324,300,2178.076834
-615.980138,52,2179.322175
-673.276957,258,2185.590297
-669.371027,172,2189.875361
-161.234904,300,2197.202054
-266.600429,300,2204.592237
-146.434765,300,2211.713379
-110.094972,300,2218.834132
-89.97972,300,2226.401141
-633.485522,69,2228.091867
-106.276529,300,2235.481104
-176.300796,300,2243.063141
-103.157499,300,2250.736361
-375.839566,300,2258.560234
-108.79885,300,2266.210315
-117.503184,300,2274.25207
-634.885755,98,2276.752308
-144.129585,300,2284.75046
-141.4989,300,2292.590464
-246.504326,300,2300.400733
-617.502087,43,2301.513814
-138.093875,300,2309.21556
-127.051543,300,2317.016493
-222.120244,300,2324.87077
-268.87654,300,2332.710309
-96.686531,300,2340.492763
-384.470863,300,2348.272611
-280.473638,300,2356.006185
-627.630125,99,2358.554734
-633.374335,113,2361.554808
-652.427958,136,2365.083304
-695.893656,197,2370.251604
-640.138347,106,2372.910004
-583.314717,300,2380.853894
-624.267595,56,2382.202965
-609.322183,31,2383.122401
-118.322652,300,2390.851464
-161.20731,300,2398.745507
-114.17413,300,2406.315203
-119.630782,300,2413.876383
-1042.159862,258,2420.308213
-677.3935,217,2425.854986
-258.980181,300,2433.675142
-169.896687,300,2441.427171
-635.035531,97,2443.97776
-151.786181,300,2451.663951
-140.190128,300,2459.795408
-625.529681,57,2461.176127
-245.442072,300,2468.866505
-615.694741,43,2470.100563
-147.587985,300,2477.907722
-630.470153,83,2480.1521
-708.352409,282,2487.35247
-691.864903,196,2492.329523
-182.001637,300,2499.870454
-629.833521,72,2501.750305
-179.283646,300,2509.37276
-129.055004,300,2517.20127
-646.627025,216,2522.931616
-122.472956,300,2530.507896
-677.513183,92,2532.977201
-115.185865,300,2540.929838
-138.534395,300,2548.790815
-142.00151,300,2556.232558
-257.697529,300,2563.903114
-652.109023,194,2568.70565
-152.859526,300,2576.473775
-649.136778,132,2579.986527
-258.995357,300,2587.805705
-118.894506,300,2595.484037
-122.435276,300,2602.816928
-107.141191,300,2610.039944
-148.954463,300,2617.240192
-131.603358,300,2624.306587
-430.835693,300,2631.505467
-265.430536,300,2638.702151
-434.1083,300,2645.870425
-123.1725,300,2653.103394
-126.413082,300,2660.311322
-280.20745,300,2667.354532
-125.233661,300,2674.531963
-196.496978,300,2681.728726
-334.108184,300,2688.913866
-606.790628,39,2689.841892
-226.148195,300,2697.300364
-147.424931,300,2704.835703
-124.159678,300,2712.455396
-130.728648,300,2719.706497
-109.974079,300,2726.894525
-116.880875,300,2734.120324
-618.875756,62,2735.624311
-684.31177,228,2741.052544
-110.58656,300,2748.507264
-163.856878,300,2755.788403
-374.834249,300,2763.173035
-235.711471,300,2770.367458
-679.386796,173,2774.598966
-137.187566,300,2781.830473
-285.969407,300,2789.219489
-150.171615,300,2796.524326
-637.45461,104,2799.054136
-794.715485,280,2805.910565
-215.313775,300,2813.29562
-616.467648,48,2814.444173
-144.688472,300,2821.751232
-786.514782,182,2826.17056
-132.000749,300,2833.420734
-177.264829,300,2840.942515
-149.056497,300,2848.363784
-106.153987,300,2855.658941
-191.328694,300,2862.928693
-539.219905,300,2870.327379
-738.673894,114,2873.049362
-910.586117,300,2880.692539
-121.463525,300,2888.057196
-127.230711,300,2895.376784
-622.815627,74,2897.227121
-130.592587,300,2904.72997
-122.239231,300,2912.178734
-751.894672,277,2918.848649
-615.515492,44,2919.915246
-142.769546,300,2927.297458
-693.334806,58,2928.679797
-118.090695,300,2935.837107
-182.859048,300,2943.277445
-674.770788,267,2950.048489
-816.746129,267,2956.919063
-623.024511,96,2959.289503
-95.76581,300,2966.702381
-609.543828,36,2967.560465
-88.774319,300,2974.942276
-125.684948,300,2982.236745
-83.458056,300,2989.434334
-115.400241,300,2996.555356
-621.022588,79,2998.462991
-853.753956,260,3004.903098
-707.721209,289,3011.846345
-128.065313,300,3018.95462
-80.930216,300,3026.293368
-86.182903,300,3033.621374
-77.034343,300,3040.706651
-354.126988,300,3048.053641
-217.527898,300,3055.097499
-73.302707,300,3062.301347
-121.992814,300,3069.781133
-295.055577,300,3076.800011
-89.871691,300,3083.765611
-116.89308,300,3090.898766
-201.874474,300,3098.160218
-124.011119,300,3105.443678
-115.618896,300,3112.551772
-615.306201,49,3113.735629
-845.151397,300,3121.064289
-1318.211059,228,3126.863384
-221.191808,300,3134.210528
-684.338725,201,3139.318958
-152.580169,300,3146.598223
-133.372344,300,3153.87197
-58.933469,300,3161.202905
-617.04217,43,3162.249315
-515.47028,300,3169.386109
-142.179435,300,3176.920565
-95.431787,300,3184.406222
-97.237184,300,3191.697782
-616.51727,42,3192.689286
-221.544522,300,3199.94836
-645.892029,165,3203.996842
-1369.149537,300,3211.516638
-93.979621,300,3218.829521
-641.250458,116,3221.756925
-131.007896,300,3229.272107
-101.534772,300,3236.485222
-124.126583,300,3243.840707
-626.661124,87,3245.958867
-108.741739,300,3253.301295
-254.895808,300,3260.623615
-205.813139,300,3267.957364
-104.290768,300,3275.168829
-192.181614,300,3282.415346
-133.021047,300,3289.857516
-80.334529,300,3297.198253
-178.432505,300,3304.677034
-647.241041,125,3307.736996
-798.3181,87,3309.816647
-980.951663,257,3316.230634
-177.223694,300,3323.732347
-163.797754,300,3331.050264
-127.378404,300,3338.414989
-214.468198,300,3345.712736
-155.573408,300,3352.99782
-209.865371,300,3360.416853
-418.948891,300,3367.649128
-620.155278,60,3369.101992
-626.830454,64,3370.660387
-1235.751394,217,3376.134602
-537.313036,300,3383.541989
-160.116984,300,3390.933542
-616.730228,45,3392.016362
-619.196467,89,3394.2084
-675.302097,204,3399.263424
-657.283361,165,3403.48241
-112.355469,300,3410.836742
-123.089089,300,3418.067361
-151.632235,300,3425.239317
-625.654256,67,3426.812833
-106.052276,300,3433.91634
-654.510855,177,3438.103267
-953.823514,269,3444.675176
-132.935645,300,3451.827831
-620.727792,96,3454.121606
-104.565879,300,3461.178822
-102.227632,300,3468.482032
-84.527962,300,3475.878919
-95.636746,300,3483.019597
-98.999515,300,3490.25154
-62.608425,300,3497.600879
-609.782586,34,3498.392798
-104.658059,300,3505.599731
-235.038804,300,3512.733464
-78.49426,300,3520.073047
-92.579093,300,3527.045081
-105.417334,300,3534.177589
-167.381004,300,3541.213312
-403.080719,300,3548.514631
-675.017283,249,3554.515581
-103.863124,300,3561.888748
-108.340298,300,3569.438117
-632.610268,79,3571.384398
-641.97745,95,3573.733214
-611.639926,41,3574.733892
-210.80701,300,3582.220528
-194.020194,300,3589.536585
-267.728902,300,3597.018204
-741.579817,225,3602.41443
-99.103252,300,3609.717026
-143.548956,300,3617.066436
-105.103903,300,3624.163043
-135.276436,300,3631.498948
-651.061985,160,3635.412118
-123.577633,300,3643.09151
-360.476536,300,3650.460332
-108.198302,300,3657.585827
-112.038288,300,3665.100729
-249.196722,300,3672.499032
-140.694079,300,3679.922991
-636.54927,102,3682.33525
-177.528146,300,3689.532294
-784.407803,237,3695.61308
-113.295221,300,3702.984573
-150.657075,300,3710.248053
-156.222867,300,3717.74683
-107.259778,300,3725.255961
-146.447437,300,3732.568273
-610.442796,39,3733.483833
-620.648577,97,3735.890105
-141.440801,300,3743.256309
-739.05572,174,3747.48931
-266.255116,300,3754.738381
-108.199497,300,3762.192558
-115.82807,300,3769.573982
-618.490212,47,3770.734074
-137.005321,300,3778.056866
-112.410712,300,3785.673089
-121.121954,300,3793.05604
-175.715117,300,3800.360489
-685.863484,255,3806.534618
-123.661355,300,3814.054776
-123.407229,300,3821.663723
-132.389585,300,3829.015121
-129.488041,300,3836.301016
-152.458328,300,3843.561731
-134.312535,300,3850.601958
-168.845012,300,3857.798948
-119.812637,300,3864.977576
-104.230614,300,3872.102183
-163.778134,300,3879.287231
-123.688631,300,3886.515666
-117.811649,300,3893.608068
-647.754648,159,3897.452398
-188.056202,300,3904.580275
-109.201506,300,3911.720075
-87.642801,300,3919.290367
-110.516799,300,3926.46512
-620.472448,59,3927.875342
-640.305918,146,3931.339121
-131.900155,300,3938.481829
-119.986937,300,3945.609825
-163.902406,300,3952.906211
-118.27476,300,3960.094591
-181.9618,300,3967.213153
-605.028541,26,3967.819609
-127.554903,300,3974.86724
-111.026504,300,3982.124566
-140.264576,300,3989.556327
-299.4861,300,3996.878377
-112.705783,300,4004.196103
-660.126044,139,4007.672834
-77.673235,300,4014.723494
-187.708746,300,4022.000795
-672.189626,300,4029.130073
-100.993338,300,4036.451907
-137.990646,300,4043.805673
-136.084171,300,4051.080443
-121.911742,300,4058.318881
-104.021377,300,4065.678264
-168.474461,300,4073.086133
-110.982391,300,4080.672832
-253.03229,300,4088.031182
-646.205597,172,4092.256368
-184.093942,300,4099.751683
-464.314005,300,4107.171188
-80.91368,300,4114.487189
-885.99469,300,4121.875639
-698.381292,63,4123.418475
-347.651426,300,4130.856037
-328.260981,300,4138.256362
-195.746602,300,4145.465476
-680.283364,223,4150.969546
-655.108449,170,4155.07917
-115.636147,300,4162.464449
-157.458736,300,4170.068099
-686.541715,30,4170.774821
-944.522546,300,4178.161196
-182.300022,300,4185.423628
-611.263345,61,4186.906632
-218.018464,300,4194.269532
-666.726961,210,4199.367915
-176.640154,300,4206.728582
-664.836393,218,4212.244374
-111.316722,300,4219.57083
-698.637467,129,4222.730722
-98.335521,300,4230.172239
-654.275792,171,4234.474232
-115.889251,300,4241.913138
-645.528743,151,4245.704758
-87.379454,300,4253.089945
-125.509276,300,4260.436436
-652.870552,188,4265.116503
-624.30135,69,4266.834019
-160.60434,300,4274.157942
-61.743167,300,4281.436738
-677.623232,255,4287.548224
-100.560718,300,4294.901804
-104.59953,300,4302.041358
-739.329318,224,4307.388056
-605.442086,25,4307.996304
-146.483306,300,4315.262189
-667.13719,215,4320.40923
-636.082098,153,4324.177764
-113.444259,300,4331.388302
-89.987106,300,4338.533706
-98.749404,300,4345.660707
-672.351223,187,4350.03052
-96.080297,300,4357.26064
-157.470872,300,4364.340848
-198.135961,300,4371.716641
-96.778504,300,4378.928367
-90.345943,300,4386.078282
-615.691923,69,4387.725382
-87.84706,300,4394.94039
-96.124614,300,4402.427296
-246.197177,300,4409.63527
-684.293315,103,4412.161823
-59.817924,300,4419.571613
-102.376571,300,4427.029306
-110.607231,300,4434.375922
-81.536876,300,4441.877089
-321.903954,300,4449.168485
-89.458472,300,4456.302532
-113.513961,300,4463.395697
-687.77699,291,4470.389344
-171.179277,300,4477.830812
-686.752063,162,4481.76987
-643.840282,138,4485.245354
-145.344575,300,4492.694036
-99.155237,300,4500.248053
-620.571783,94,4502.626174
-223.688397,300,4510.248185
-107.918311,300,4517.737321
-148.238009,300,4524.942936
-113.387093,300,4532.427832
-83.090693,300,4539.789673
-109.442571,300,4547.114344
-666.485425,231,4552.697116
-76.928556,300,4559.967749
-91.137373,300,4567.482639
-146.799113,300,4574.856287
-654.545719,147,4578.438558
-145.647754,300,4586.023346
-118.686388,300,4593.306305
-76.389732,300,4600.646743
-671.855421,232,4606.329326
-669.125959,274,4612.900948
-109.44951,300,4620.129602
-101.431131,300,4627.367317
-124.391705,300,4634.641152
-363.713414,300,4641.919128
-688.513532,298,4649.518283
-88.002122,300,4656.943763
-186.094838,300,4663.592264
-712.638882,236,4669.460139
-112.114127,300,4676.403039
-653.857694,161,4680.440923
-927.845993,286,4687.694088
-652.243208,164,4691.781907
-354.419144,300,4699.253564
-334.620045,300,4706.793856
-675.426939,132,4709.925621
-777.360325,154,4713.558608
-675.172757,269,4720.345302
-653.466793,211,4725.509078
-170.878034,300,4732.677634
-102.272083,300,4739.706891
-626.934765,112,4742.40925
-99.99548,300,4749.540488
-771.132749,223,4754.81477
-518.254741,300,4762.025851
-271.989281,300,4769.250235
-132.323775,300,4776.619842
-730.129888,168,4780.699128
-633.035286,110,4783.313065
-91.352921,300,4790.463421
-169.120488,300,4797.564516
-634.848166,114,4800.266674
-225.407535,300,4807.503432
-658.484158,156,4811.271298
-112.341042,300,4818.323614
-93.837499,300,4825.406732
-141.50477,300,4832.3458
-99.208834,300,4839.692655
-95.240867,300,4846.891896
-116.530244,300,4854.166808
-124.973759,300,4861.569339
-607.21982,31,4862.330968
-627.257425,93,4864.601074
-635.35598,97,4866.990462
-91.79985,300,4874.333136
-82.317048,300,4881.749182
-141.565349,300,4889.00251
-123.867398,300,4896.216673
-107.548022,300,4903.312366
-80.109421,300,4910.683764
-104.336788,300,4918.260621
-130.290857,300,4925.505649
-109.809553,300,4932.861956
-186.395617,300,4940.269453
-100.071853,300,4947.736374
-114.731216,300,4955.317167
-101.327518,300,4962.566175
-118.630648,300,4969.984571
-95.118603,300,4977.317074
-127.121739,300,4984.732081
-723.914021,156,4988.573056
-652.997008,194,4993.37074
-83.978514,300,5000.579121
-125.042316,300,5008.091538
-104.243597,300,5015.455392
-647.874596,166,5019.575063
-97.628014,300,5027.237963
-112.577417,300,5034.608215
-624.81531,71,5036.3432
-110.840773,300,5043.70128
-72.790492,300,5050.936244
-106.058275,300,5058.493868
-96.964528,300,5065.808208
-669.931745,184,5070.461991
-122.453314,300,5077.917914
-111.39087,300,5085.310955
-126.177412,300,5092.068239
-711.266079,294,5098.741015
-111.033201,300,5106.690913
-649.547445,300,5114.236751
-151.9384,300,5121.847456
-127.688553,300,5129.332153
-196.95817,300,5136.584275
-133.725781,300,5143.902644
-124.228928,300,5151.48411
-194.845958,300,5158.670072
-96.758606,300,5165.980079
-96.479906,300,5173.189766
-93.582642,300,5180.414617
-102.380835,300,5187.536821
-100.170285,300,5194.95708
-938.323651,231,5200.503755
-689.508423,178,5204.875181
-107.570963,300,5212.264011
-99.189072,300,5219.302356
-284.76023,300,5226.539807
-123.22301,300,5233.651204
-147.607389,300,5240.979846
-624.923449,57,5242.423929
-101.628334,300,5249.482533
-124.212685,300,5257.005232
-416.225042,300,5264.361608
-123.839661,300,5271.80182
-401.37831,300,5278.874684
-974.618952,300,5286.23653
-705.901873,129,5289.338864
-115.236291,300,5296.826718
-122.403015,300,5304.312745
-98.524501,300,5311.493169
-105.270594,300,5318.759102
-124.414866,300,5326.004889
-100.064597,300,5333.197834
-98.192833,300,5340.698978
-143.966554,300,5348.331153
-117.365531,300,5355.915418
-708.542556,119,5358.875047
-133.151832,300,5366.260389
-82.825006,300,5373.525526
-119.017141,300,5380.809894
-130.270525,300,5388.207801
-83.472489,300,5395.613946
-345.692015,300,5402.992586
-783.784771,300,5410.341654
-113.704832,300,5417.668072
-109.178901,300,5425.031093
-627.070764,80,5426.968315
-99.948517,300,5434.180257
-101.196065,300,5441.531668
-662.906295,199,5446.630401
-107.807977,300,5453.816095
-110.468902,300,5461.12357
-131.743841,300,5468.572597
-125.90463,300,5476.167908
-698.017859,275,5483.085775
-642.961838,105,5485.717757
-120.4569,300,5493.213142
-106.416881,300,5500.674842
-130.909903,300,5507.938259
-97.76621,300,5515.453431
-116.555385,300,5523.077135
-635.586936,99,5525.615501
-144.971896,300,5533.117638
-106.475221,300,5540.524388
-630.398714,67,5542.204119
-119.706274,300,5549.612539
-427.687398,300,5557.202165
-115.46912,300,5564.763505
-185.929426,300,5572.3384
-118.614119,300,5580.033053
-116.759214,300,5587.330083
-100.532864,300,5594.767921
-1304.006072,294,5601.940387
-635.567653,108,5604.535422
-117.192812,300,5612.061846
-623.256714,65,5613.610798
-134.536192,300,5621.041181
-621.514423,44,5622.098626
-127.919008,300,5629.55609
-118.363085,300,5637.209828
-77.717393,300,5644.679022
-108.846761,300,5651.925414
-134.322369,300,5659.334755
-435.168719,300,5666.992587
-95.81388,300,5674.474816
-133.232468,300,5681.670445
-465.470659,300,5689.009624
-624.670414,92,5691.298555
-647.980186,165,5695.472389
-629.767205,69,5697.174476
-141.751278,300,5705.000968
-638.235671,126,5708.094099
-616.054137,34,5708.918586
-116.739408,300,5716.315632
-130.685657,300,5724.14495
-464.448868,300,5731.70414
-100.40565,300,5739.406956
-94.825084,300,5746.996675
-107.251891,300,5754.52675
-127.007988,300,5762.06739
-120.560173,300,5769.46015
-662.539782,39,5770.417136
-653.901972,149,5774.10748
-163.781651,300,5781.199238
-87.3832,300,5788.637278
-87.667105,300,5795.939678
-251.542272,300,5803.366609
-772.916934,292,5810.589003
-135.842514,300,5817.880464
-651.259685,156,5821.697628
-641.985067,94,5824.00852
-116.127849,300,5831.333008
-113.594126,300,5838.614861
-865.395961,239,5844.771832
-713.505718,256,5850.937801
-113.441046,300,5858.21764
-696.274796,231,5863.753508
-612.957013,33,5864.558818
-616.495584,36,5865.410456
-787.778837,281,5872.346695
-72.675041,300,5879.751126
-122.826424,300,5887.135992
-624.984583,72,5888.900296
-638.397508,99,5891.310743
-125.089444,300,5898.591398
-639.144067,111,5901.324295
-102.068105,300,5908.736628
-270.960469,300,5916.147952
-104.610883,300,5923.475364
-307.887838,300,5930.706122
-148.800154,300,5938.026213
-233.802332,300,5945.638054
-646.332931,127,5948.721179
-145.087273,300,5956.276457
-624.284543,93,5958.480838
-193.858872,300,5965.879658
-102.152375,300,5973.046734
-340.026166,300,5980.471032
-133.124751,300,5987.846919
-664.125364,196,5992.818264
-135.849235,300,6000.245352
-72.352514,300,6007.546529
-663.075355,149,6011.078099
-80.488456,300,6018.598176
-99.744597,300,6025.826318
-722.542902,237,6031.777804
-83.331124,300,6039.054866
-633.455426,90,6041.199484
-106.880156,300,6048.593984
-140.984819,300,6055.714933
-678.362735,94,6057.998119
-657.067247,157,6061.880488
-93.838411,300,6069.405376
-105.909914,300,6076.994692
-100.628454,300,6084.689137
-603.217765,25,6085.284133
-149.540383,300,6092.661042
-96.817958,300,6099.963349
-668.930075,137,6103.403904
-155.808368,300,6110.82263
-655.052277,152,6114.50581
-99.933306,300,6121.779723
-85.640933,300,6128.962263
-125.961314,300,6136.246126
-136.419701,300,6143.678293
-119.93747,300,6151.208064
-667.487171,78,6153.192253
-472.236036,300,6160.744031
-103.611622,300,6168.562032
-100.734321,300,6176.192825
-110.042135,300,6183.650115
-126.178842,300,6191.259475
-116.223911,300,6198.755414
-833.394598,76,6200.5905
-644.734398,83,6202.705685
-122.866603,300,6210.431683
-182.098068,300,6217.797601
-153.456478,300,6225.256124
-109.313274,300,6232.509866
-89.449192,300,6239.91952
-219.23826,300,6247.385378
-335.162146,300,6254.84574
-638.07383,126,6257.955567
-156.883,300,6265.32504
-96.604413,300,6272.616895
-678.170033,137,6276.027236
-112.627277,300,6283.411562
-83.256508,300,6290.709113
-124.067739,300,6298.097907
-619.72299,44,6299.169258
-100.465345,300,6306.623794
-70.226037,300,6314.084465
-259.372704,300,6321.512588
-82.641371,300,6329.048635
-636.541573,111,6331.822577
-190.527447,300,6339.286296
-128.125183,300,6346.960555
-137.305312,300,6354.306924
-121.650529,300,6361.500713
-643.538492,125,6364.546478
-138.652667,300,6371.9474
-100.494429,300,6379.363987
-113.146512,300,6387.257826
-115.058235,300,6395.65214
-104.435815,300,6403.20872
-119.23888,300,6410.678584
-116.451378,300,6418.062395
-196.346881,300,6425.432557
-214.156849,300,6432.826455
-262.103474,300,6440.417839
-142.314669,300,6447.817208
-627.436849,123,6450.918228
-125.505133,300,6458.33022
-176.818069,300,6465.654078
-103.268068,300,6472.991483
-142.49935,300,6480.51744
-139.288934,300,6487.91826
-102.08421,300,6495.277724
-123.053928,300,6502.60271
-125.329152,300,6510.098598
-102.347884,300,6517.652449
-99.581697,300,6525.09944
-186.502452,300,6532.453301
-637.266904,92,6534.688746
-86.057866,300,6542.053877
-614.406693,33,6542.874669
-113.370736,300,6550.618295
-95.989206,300,6558.126735
-148.01888,300,6565.756802
-181.569692,300,6573.223675
-189.865495,300,6580.724934
-120.578599,300,6588.465744
-639.871025,106,6591.146823
-93.537099,300,6598.770835
-129.369677,300,6606.385856
-134.039201,300,6614.093265
-115.849825,300,6621.612957
-141.853043,300,6629.323949
-193.773442,300,6636.845579
-275.164358,300,6644.472069
-114.179914,300,6652.473659
-116.804989,300,6660.160088
-128.040274,300,6667.746282
-154.676488,300,6675.458714
-109.013899,300,6682.855619
-123.673329,300,6690.276183
-119.324856,300,6697.708141
-848.675855,300,6705.212517
-106.330883,300,6712.923559
-638.397098,108,6715.643778
-87.144862,300,6723.19162
-145.934153,300,6730.699261
-88.949531,300,6738.426372
-102.539334,300,6746.110468
-708.08624,222,6751.629609
-127.706784,300,6759.293541
-109.530359,300,6766.490538
-1188.99301,300,6774.019241
-126.658358,300,6781.62105
-718.398594,267,6788.079465
-631.45396,94,6790.431675
-109.436101,300,6797.986665
-170.145675,300,6805.768238
-143.130522,300,6813.232228
-192.068671,300,6820.908439
-131.206281,300,6828.672964
-89.330683,300,6836.364207
-86.177973,300,6843.90197
-135.558276,300,6851.345534
-96.783659,300,6859.101749
-152.066511,300,6866.780913
-626.756815,69,6868.509625
-96.804889,300,6876.078992
-267.500894,300,6883.579387
-80.149824,300,6890.959655
-115.569405,300,6898.608362
-129.431615,300,6906.256053
-93.742094,300,6913.86235
-168.989477,300,6921.04809
-622.110037,49,6922.233986
-644.193546,125,6925.254323
-95.313779,300,6932.565027
-120.583205,300,6940.016037
-693.828956,92,6942.254964
-115.76384,300,6949.435575
-616.293241,49,6950.614374
-631.318964,110,6953.260745
-98.551515,300,6960.491737
-112.900209,300,6967.738118
-103.426297,300,6975.152678
-72.5049,300,6982.401734
-82.236038,300,6989.772395
-644.407951,162,6993.714127
-235.114359,300,7000.966024
-173.351375,300,7008.217387
-314.046584,300,7015.529081
-176.424604,300,7023.211864
-99.82245,300,7030.766627
-644.865143,156,7034.689393
-86.836958,300,7042.094117
-103.869176,300,7049.608781
-96.881234,300,7056.923236
-640.76325,129,7060.09642
-701.223937,145,7063.732763
-101.291137,300,7070.977394
-217.444938,300,7078.746615
-616.758199,41,7079.798528
-119.229331,300,7087.315894
-124.595441,300,7094.730087
-82.310798,300,7102.175504
-114.488425,300,7109.834394
-138.766223,300,7117.414724
-662.44713,208,7122.911567
-88.651584,300,7130.292632
-227.426592,300,7137.801394
-628.13467,63,7139.381096
-167.040018,300,7146.992496
-166.647541,300,7154.536232
-677.860519,210,7159.87207
-130.872611,300,7167.39468
-95.185228,300,7175.122505
-119.051298,300,7182.665047
-298.499122,300,7190.200578
-622.442356,55,7191.571988
-95.608457,300,7199.351663
-661.2178,181,7204.014209
-89.184858,300,7211.425814
-692.867435,244,7217.52103
-636.211395,101,7220.033566
-642.529154,119,7222.979073
-86.366639,300,7230.477338
-110.909326,300,7238.211034
-149.70835,300,7245.859847
-119.939638,300,7253.448478
-106.99146,300,7260.960534
-105.354358,300,7268.454666
-125.930327,300,7276.159659
-612.370933,41,7277.17283
-108.591773,300,7284.678481
-202.274599,300,7292.284118
-111.765706,300,7300.159615
-615.172664,49,7301.387301
-108.81656,300,7309.09607
-107.15557,300,7316.41538
-728.813547,106,7318.977563
-255.937553,300,7326.276411
-661.013294,180,7330.532605
-125.158424,300,7337.986919
-108.056467,300,7345.440386
-86.623222,300,7352.807937
-194.719146,300,7360.188621
-611.118782,35,7361.028829
-469.172186,300,7368.430223
-130.792792,300,7375.660084
-135.825613,300,7383.384788
-253.11297,300,7390.819947
-126.986338,300,7398.244986
-130.069948,300,7405.679262
-668.738797,237,7411.517971
-118.385547,300,7418.831829
-126.88916,300,7426.107422
-89.872326,300,7433.50733
-105.801111,300,7440.88957
-567.765263,300,7448.314427
-232.935508,300,7455.693884
-627.071008,69,7457.435854
-402.492412,300,7464.893967
-129.361598,300,7472.54142
-633.656689,104,7475.176662
-106.828833,300,7482.686631
-355.671938,300,7490.1923
-631.243902,107,7492.843657
-841.451112,239,7498.915205
-637.639133,94,7501.273902
-207.791733,300,7508.672815
-337.199493,300,7515.736924
-185.727609,300,7522.957866
-260.637431,300,7530.448382
-660.607129,157,7534.547657
-92.398519,300,7542.126853
-506.823942,300,7549.900387
-84.927546,300,7557.422008
-639.290365,100,7559.894468
-134.852517,300,7567.691259
-142.953576,300,7575.40066
-625.05478,106,7578.086555
-618.257573,43,7579.183362
-89.589013,300,7586.770025
-122.221314,300,7594.283555
-683.916699,197,7599.33448
-654.074141,140,7602.940153
-123.686576,300,7610.603894
-645.929193,125,7613.705716
-171.638873,300,7621.444773
-268.581954,300,7629.17013
-127.95976,300,7636.909306
-677.699324,261,7643.592087
-655.376292,125,7646.721584
-103.531922,300,7654.411595
-106.31386,300,7661.828312
-91.979029,300,7669.21514
-688.109288,188,7674.015077
-104.395995,300,7681.319815
-612.291696,41,7682.333126
-669.081274,246,7688.42004
-101.075346,300,7695.831319
-98.61379,300,7703.330474
-304.770609,300,7711.27219
-164.833491,300,7718.940318
-164.803705,300,7726.521694
-130.023376,300,7734.047
-388.542976,300,7741.691885
-238.526106,300,7749.093225
-99.988822,300,7756.670034
-137.182264,300,7764.152011
-633.302214,131,7767.347702
-625.715,86,7769.386352
-82.668874,300,7776.581119
-124.47777,300,7783.909953
-106.666237,300,7791.578288
-99.205521,300,7798.967483
-669.428742,219,7804.452724
-101.890693,300,7811.954698
-116.863757,300,7819.314878
-134.024301,300,7827.021216
-107.919277,300,7834.282873
-625.234048,65,7835.858262
-93.878334,300,7843.319048
-93.763728,300,7850.640796
-722.461423,279,7857.69951
-626.702677,62,7859.193186
-189.246568,300,7866.546043
-669.058099,174,7870.773668
-671.803318,238,7876.707343
-95.261181,300,7884.389795
-85.851338,300,7891.970082
-189.609691,300,7899.505759
-68.251967,300,7907.183903
-102.603328,300,7915.041739
-71.894586,300,7922.527827
-93.67593,300,7930.105813
-102.990216,300,7937.634292
-635.097762,150,7941.397621
-674.926477,281,7948.629545
-86.497107,300,7956.179321
-644.764956,111,7958.982835
-131.250615,300,7966.42406
-279.191228,300,7974.000273
-89.861182,300,7981.494701
-82.337557,300,7989.217289
-647.474694,241,7995.239639
-81.508673,300,8002.700071
-102.621756,300,8010.223
-429.859492,300,8017.884003
-637.362936,182,8022.344394
-659.552226,205,8027.471189
-648.741513,156,8031.255636
-706.769756,260,8037.629201
-111.561135,300,8045.123499
-86.792187,300,8052.524692
-108.212459,300,8060.521613
-119.495131,300,8069.71747
-654.830185,99,8072.191828
-443.325321,300,8079.79034
-108.42706,300,8087.347242
-110.759448,300,8094.87095
-703.380751,61,8096.414764
-670.430218,246,8102.518844
-674.437427,240,8108.862131
-89.425774,300,8116.467497
-100.300931,300,8124.053713
-109.227868,300,8131.519404
-333.41014,300,8139.045078
-107.979301,300,8146.68459
-345.779675,300,8154.357975
-260.977095,300,8161.991695
-94.478712,300,8169.920294
-82.411289,300,8177.931098
-104.133932,300,8185.312214
-89.30279,300,8192.84683
-655.892374,190,8197.540352
-83.983553,300,8204.982892
-102.597916,300,8212.471931
-90.769712,300,8220.13409
-202.217756,300,8227.707311
-126.946283,300,8235.159843
-685.073673,300,8242.497364
-129.854406,300,8250.03985
-86.408322,300,8257.572197
-124.508284,300,8265.146101
-94.153017,300,8272.724475
-270.591168,300,8279.967563
-130.017623,300,8287.428248
-83.487884,300,8294.775594
-640.913709,115,8297.681937
-103.244009,300,8305.340997
-156.502042,300,8312.920488
-95.888614,300,8320.575274
-751.037606,268,8327.368191
-734.153853,300,8334.832988
-148.70607,300,8342.618453
-162.248873,300,8350.124006
-120.196955,300,8357.597736
-168.116303,300,8365.163874
-116.060338,300,8372.605456
-117.147707,300,8380.213569
-110.747606,300,8387.695334
-117.43705,300,8395.345353
-321.037385,300,8402.966274
-189.442066,300,8410.448122
-120.430255,300,8418.216241
-683.133795,57,8419.599205
-210.29467,300,8427.258164
-806.547373,300,8434.8275
-131.528039,300,8442.38618
-172.588578,300,8449.950389
-115.856249,300,8457.642595
-117.90637,300,8465.750448
-657.677484,170,8471.442813
-716.276522,217,8477.018314
-205.216858,300,8484.44581
-633.519401,64,8486.069296
-89.047338,300,8493.428993
-82.006375,300,8500.933115
-94.592693,300,8508.855723
-647.171241,130,8512.124602
-69.99116,300,8519.870157
-322.49743,300,8527.375668
-224.69321,300,8534.972465
-732.835012,115,8537.969059
-139.445468,300,8545.482369
-103.940529,300,8553.330568
-136.104993,300,8560.895117
-645.199632,112,8563.65683
-108.96506,300,8571.518312
-134.742975,300,8579.179354
-752.363052,177,8583.631063
-798.533744,177,8588.114118
-128.262547,300,8595.713953
-132.350121,300,8603.340011
-627.348071,98,8605.834965
-826.834313,220,8611.31811
-763.236713,83,8613.30182
-666.947293,164,8617.372001
-160.101166,300,8624.876444
-615.04293,40,8625.829298
-114.264323,300,8633.3005
-611.839305,300,8640.594346
-487.127262,300,8648.35086
-116.102659,300,8656.039913
-610.367729,300,8663.73705
-102.576944,300,8671.136527
-89.360807,300,8678.711864
-1242.325916,300,8686.117996
-84.989587,300,8693.437704
-86.854136,300,8700.734761
-699.310823,65,8702.309744
-780.370447,156,8706.150535
-736.489887,257,8712.644947
-135.895829,300,8720.203522
-114.473431,300,8727.763534
-92.99013,300,8735.248849
-120.547349,300,8742.549317
-655.689375,162,8746.744095
-645.955265,187,8751.630822
-90.166893,300,8759.154436
-129.133199,300,8766.959457
-91.165548,300,8774.516743
-736.103369,269,8781.368827
-102.832648,300,8789.219529
-115.538793,300,8796.683721
-144.991419,300,8804.098788
-654.366689,234,8810.171791
-127.230067,300,8817.811176
-100.941544,300,8825.456954
-395.693458,300,8832.996801
-112.967688,300,8840.686679
-224.743822,300,8848.248872
-123.664809,300,8855.855605
-903.202558,300,8863.249256
-148.530897,300,8870.835977
-626.092486,81,8872.850127
-114.737447,300,8880.528059
-610.945321,44,8881.654148
-157.293509,300,8889.482908
-108.826053,300,8897.117562
-438.856975,300,8904.625391
-136.621343,300,8912.233135
-620.714857,45,8913.360957
-220.22466,300,8921.144261
-637.284178,106,8923.845289
-144.990713,300,8931.418682
-667.633664,183,8936.099024
-121.152829,300,8943.734401
-486.067068,300,8951.264644
-120.725763,300,8959.048648
-94.849737,300,8966.90068
-776.737658,173,8971.411757
-228.67532,300,8979.218103
-148.014849,300,8986.741508
-119.6926,300,8994.147746
-120.442417,300,9001.671216
-633.580421,103,9004.283178
-635.845248,120,9007.315947
-213.111627,300,9014.860545
-126.20215,300,9022.405359
-123.342822,300,9030.053131
-201.245366,300,9037.60964
-159.031053,300,9045.280805
-185.320086,300,9052.769024
-512.98091,300,9060.377119
-129.460201,300,9067.872298
-646.683844,104,9070.39149
-149.631495,300,9077.88629
-627.207912,105,9080.513198
-114.517928,300,9087.788741
-122.218669,300,9095.124893
-130.376749,300,9102.497931
-140.274648,300,9109.956006
-91.87947,300,9117.505687
-123.132881,300,9124.953789
-548.971941,300,9132.336299
-243.116172,300,9139.832559
-312.314886,300,9147.239954
-121.871716,300,9154.838305
-633.119218,74,9156.685802
-209.849724,300,9164.296849
-123.604507,300,9171.714405
-652.170366,168,9175.953426
-86.643671,300,9183.732328
-106.811118,300,9191.210339
-640.664704,90,9193.553838
-241.49099,300,9201.216262
-620.031012,65,9202.851814
-123.242165,300,9210.512655
-118.421778,300,9218.085389
-228.371543,300,9225.2063
-758.438603,300,9232.791137
-127.535759,300,9240.148373
-124.597428,300,9247.704713
-323.811477,300,9255.159517
-116.580345,300,9262.753746
-648.114673,176,9267.207614
-122.252905,300,9274.930982
-616.565641,43,9276.032154
-290.492964,300,9283.428004
-618.134823,51,9284.711016
-643.467606,95,9287.069932
-118.745125,300,9294.858223
-641.685226,93,9297.1685
-632.032167,79,9299.163099
-95.928599,300,9306.707309
-100.154681,300,9314.195389
-126.063483,300,9321.655053
-115.830445,300,9329.237396
-118.06848,300,9336.790059
-185.662629,300,9344.324661
-116.013824,300,9352.126786
-139.473964,300,9359.824393
-495.488881,300,9367.651915
-416.050586,300,9375.223776
-758.383467,125,9378.467104
-135.836144,300,9386.001898
-377.394851,300,9393.688542
-659.809199,103,9396.251154
-108.13159,300,9403.779528
-414.47551,300,9411.500448
-108.313632,300,9419.164164
-78.042023,300,9426.672838
-96.445797,300,9434.091068
-255.064618,300,9441.58392
-90.483221,300,9449.258481
-79.833706,300,9456.840067
-667.588214,175,9461.19694
-109.303704,300,9468.67268
-122.62169,300,9476.274242
-131.766249,300,9483.802862
-129.885516,300,9491.171802
-167.522273,300,9498.690589
-733.031705,254,9505.019871
-711.620223,105,9507.582991
-110.873879,300,9515.094709
-145.855799,300,9522.659344
-160.310037,300,9529.688175
-127.255345,300,9537.207695
-106.057551,300,9544.56312
-113.181204,300,9552.091198
-468.947393,300,9559.682024
-116.343581,300,9567.102794
-123.177293,300,9574.547524
-126.271658,300,9582.082677
-146.518924,300,9589.65854
-233.388947,300,9597.001334
-681.560321,218,9602.466232
-92.611981,300,9609.854348
-614.299254,51,9611.094317
-622.815556,47,9612.279505
-98.29166,300,9619.908688
-132.451939,300,9627.384906
-306.740748,300,9634.904359
-643.169756,109,9637.657616
-92.087598,300,9645.127788
-165.861476,300,9652.568089
-626.838941,82,9654.581341
-123.845718,300,9661.997064
-145.182177,300,9669.34157
-102.075446,300,9676.933431
-120.706311,300,9684.492773
-656.506064,191,9689.36408
-379.929931,300,9696.969278
-113.771464,300,9704.675858
-96.20762,300,9712.348858
-615.236186,45,9713.500574
-360.340608,300,9721.178937
-109.868271,300,9728.660145
-648.869092,106,9731.277609
-669.458234,184,9735.905321
-135.988835,300,9743.337886
-561.17791,300,9750.803511
-714.523891,125,9753.970474
-616.906011,42,9754.992312
-122.512357,300,9762.375578
-138.090553,300,9769.623698
-616.097785,62,9771.1735
-92.955659,300,9778.511124
-116.940752,300,9786.257466
-86.617623,300,9793.697981
-92.483336,300,9801.160433
-161.212034,300,9808.662921
-615.668004,43,9809.736166
-132.194384,300,9817.286889
-134.792452,300,9824.727725
-701.299155,243,9830.774785
-93.056792,300,9838.539747
-143.092524,300,9846.083162
-611.736713,28,9846.773309
-123.68918,300,9854.645655
-688.961765,251,9861.166324
-634.778109,97,9863.638558
-635.247366,117,9866.530474
-623.985896,63,9868.089161
-630.36923,82,9870.161814
-610.059737,44,9871.245443
-107.80345,300,9878.805459
-105.891927,300,9886.392449
-132.465093,300,9893.759868
-691.366883,210,9898.984472
-97.75783,300,9906.483764
-105.148495,300,9914.033018
-621.584331,68,9915.681882
-695.856854,233,9921.482488
-358.127293,300,9928.793359
-645.888609,127,9931.882195
-111.762721,300,9939.06728
-103.636299,300,9946.415942
-702.335164,298,9954.01813
-150.158342,300,9961.639639
-622.91398,58,9963.05414
-131.052625,300,9970.707357
-659.751152,180,9975.337389
-89.363787,300,9982.680352
-940.570519,159,9986.637493
-146.551187,300,9993.963543
-626.502039,79,9995.890334
-103.504847,300,10003.666386
-619.629839,52,10004.946742
-619.707884,61,10006.419093
-654.824182,142,10009.785879
-129.646059,300,10017.069357
-97.788235,300,10024.426824
-125.752594,300,10031.73333
-136.775102,300,10039.140095
-799.843882,299,10046.443439
-363.814162,300,10053.724343
-125.09279,300,10061.203034
-134.205521,300,10068.599797
-334.208762,300,10076.230508
-109.483443,300,10083.648057
-466.811138,300,10090.988504
-612.733365,44,10092.11317
-672.525685,44,10093.184083
-122.566966,300,10100.686047
-293.419083,300,10108.020267
-237.47448,300,10115.550688
-331.462465,300,10123.000033
-683.713946,159,10126.928874
-137.341843,300,10134.298826
-106.498263,300,10141.907676
-134.705352,300,10149.403658
-106.105229,300,10156.870655
-183.845137,300,10164.241636
-174.963375,300,10171.64191
-248.952747,300,10178.930264
-156.369634,300,10186.351828
-110.156614,300,10193.668354
-335.090699,300,10201.234222
-1003.382241,118,10204.216444
-145.560604,300,10211.621654
-143.089019,300,10219.24037
-135.509862,300,10226.752241
-134.860368,300,10234.581808
-771.778704,208,10239.939483
-144.825461,300,10247.434237
-659.588738,68,10249.178356
-96.092853,300,10256.637018
-114.072273,300,10264.080358
-144.58853,300,10271.596755
-722.121538,202,10276.633287
-908.279426,300,10283.926581
-119.854169,300,10291.301592
-128.113118,300,10298.793077
-107.509924,300,10306.340778
-120.655395,300,10313.848032
-181.552707,300,10321.139095
-107.618835,300,10328.635589
-189.99347,300,10335.967826
-93.586661,300,10343.448557
-123.518199,300,10350.702763
-692.653732,60,10352.150727
-743.158863,285,10359.434588
-124.580298,300,10366.741725
-188.906575,300,10374.134281
-125.879236,300,10381.405247
-537.026164,300,10388.784593
-167.785825,300,10395.922129
-184.523134,300,10403.195042
-189.126689,300,10410.541945
-119.799639,300,10417.936243
-154.31504,300,10425.096066
-729.409283,25,10425.692389
-116.892616,300,10432.976262
-185.802771,300,10440.100372
-233.349158,300,10447.426146
-533.691693,300,10454.81532
-142.577432,300,10461.978843
-163.206371,300,10469.286697
-295.691775,300,10476.600445
-117.591844,300,10483.792155
-1340.522153,300,10491.159079
-870.207267,247,10497.44145
-99.308375,300,10505.029088
-219.404766,300,10512.466428
-609.583547,67,10514.103718
-133.200456,300,10521.706399
-103.782339,300,10529.209849
-127.572032,300,10536.914192
-112.64831,300,10544.591523
-148.048501,300,10552.205641
-100.234219,300,10559.673045
-705.484012,235,10565.483918
-104.937786,300,10573.189095
-288.323527,300,10580.800418
-695.925069,146,10584.438359
-206.135647,300,10591.974303
-261.23542,300,10599.611739
-87.487887,300,10607.127422
-606.442263,300,10614.905249
-221.601674,300,10622.422262
-660.594023,36,10623.299592
-114.199609,300,10630.794708
-183.16022,300,10638.466347
-189.092195,300,10645.877673
-240.959099,300,10653.19738
-86.986151,300,10660.53086
-668.500351,257,10667.177747
-111.639801,300,10674.768134
-138.380303,300,10682.24457
-829.080838,229,10687.919672
-674.812117,180,10692.407586
-620.013527,56,10693.802357
-706.144453,241,10699.688462
-147.74685,300,10707.006795
-99.216087,300,10714.369279
-75.433973,300,10721.744343
-83.027224,300,10729.185186
-109.408896,300,10736.449673
-115.464209,300,10743.81196
-147.159367,300,10751.412205
-120.187497,300,10758.767436
-182.145436,300,10766.248665
-98.668357,300,10773.924454
-138.374345,300,10781.583428
-99.245131,300,10788.97449
-291.396404,300,10796.381763
-860.566655,181,10800.83348
-150.398524,300,10807.97847
-92.098899,300,10815.405881
-686.404141,61,10816.877052
-704.913508,197,10821.703834
-197.18213,300,10829.409336
-141.247979,300,10836.661466
-128.328736,300,10843.759773
-158.83752,300,10851.062522
-163.9238,300,10858.386996
-143.490436,300,10865.591612
-101.420405,300,10872.784073
-135.050458,300,10880.046249
-162.737659,300,10887.325845
-138.105357,300,10894.838228
-126.276572,300,10901.910533
-93.48057,300,10909.168599
-239.704299,300,10916.266155
-121.015546,300,10923.58975
-154.681062,300,10930.890638
-161.695551,300,10938.269328
-326.734437,300,10945.850257
-119.161583,300,10953.346414
-109.939668,300,10960.755806
-107.247695,300,10968.221398
-130.21022,300,10975.566846
-189.555851,300,10983.103539
-128.097413,300,10990.540604
-174.682856,300,10997.987102
-618.816333,41,10999.023454
-528.76358,300,11006.613102
-156.453088,300,11014.084566
-152.012831,300,11021.653011
-295.749485,300,11029.273259
-713.682279,165,11033.284496
-209.92344,300,11040.856068
-104.883696,300,11048.33473
-145.346529,300,11055.515492
-155.931029,300,11062.84952
-120.783236,300,11070.163473
-651.328638,25,11070.792381
-656.685317,81,11072.817328
-735.043224,280,11079.76886
-116.774442,300,11087.30799
-244.808344,300,11094.828313
-113.396267,300,11102.30396
-748.751603,273,11109.207959
-95.74243,300,11116.720582
-625.427936,300,11124.272897
-615.7949,66,11125.956036
-674.031726,211,11131.164986
-129.56023,300,11138.495108
-113.223,300,11145.913984
-128.600569,300,11153.427168
-146.540898,300,11160.652102
-130.361838,300,11168.315424
-107.890877,300,11175.687785
-125.929809,300,11183.199217
-120.807884,300,11190.598175
-127.047385,300,11198.226843
-633.388597,84,11200.307503
-94.911255,300,11207.779316
-157.066207,300,11215.21216
-944.30604,60,11216.655225
-668.01583,246,11222.753982
-102.25633,300,11230.316501
-124.272884,300,11237.667487
-712.993118,132,11240.807042
-197.560413,300,11248.025868
-115.171394,300,11255.296457
-121.964665,300,11262.684785
-211.444651,300,11270.042926
-115.171134,300,11277.419202
-748.669542,257,11283.750805
-95.633288,300,11290.967634
-225.671655,300,11298.24925
-122.446136,300,11305.415461
-664.001672,169,11309.513433
-150.415779,300,11316.819843
-345.804426,300,11323.926965
-683.130081,154,11327.597662
-651.478768,115,11330.352441
-664.893153,176,11334.737908
-99.577149,300,11341.95502
-169.978817,300,11349.249403
-930.0215,234,11354.996572
-174.223221,300,11362.687385
-123.51412,300,11370.266928
-103.543201,300,11377.754278
-631.471601,99,11380.179248
-78.754239,300,11387.997334
-95.652986,300,11395.708416
-81.299233,300,11403.301036
-108.332553,300,11410.687132
-218.156455,300,11418.175093
-167.39336,300,11425.647606
-742.393413,265,11432.242947
-118.666447,300,11439.590536
-159.513146,300,11447.357451
-128.163842,300,11454.931281
-740.869311,209,11460.114241
-645.965182,124,11463.220711
-83.240322,300,11470.673068
-106.761452,300,11478.08219
-152.635139,300,11485.471915
-111.202012,300,11492.961244
-640.041979,127,11496.12862
-165.492528,300,11503.761595
-121.577613,300,11511.152571
-669.40467,101,11513.639695
-94.645006,300,11521.264337
-157.294201,300,11528.860745
-105.776244,300,11536.31433
-295.761761,300,11543.808165
-123.117672,300,11551.257176
-111.548911,300,11558.492979
-102.787442,300,11565.929456
-138.286692,300,11573.303323
-124.440226,300,11580.728158
-338.913985,300,11588.115199
-133.043409,300,11595.497383
-110.220146,300,11602.767254
-106.307899,300,11610.369709
-340.960892,300,11617.961977
-137.81013,300,11625.338047
-399.814586,300,11632.599822
-148.202297,300,11640.145451
-105.693152,300,11647.578563
-106.98583,300,11654.965656
-100.469491,300,11662.413386
-161.461916,300,11669.767902
-213.860111,300,11676.923561
-143.80392,300,11684.307583
-689.549661,211,11689.614946
-118.456108,300,11696.8888
-118.813802,300,11704.239885
-113.499157,300,11711.507066
-605.69368,300,11718.780427
-626.455074,93,11721.030801
-761.577485,174,11725.298904
-135.697663,300,11732.52347
-125.181043,300,11739.779245
-163.468133,300,11747.098635
-336.019523,300,11754.379733
-628.569258,78,11756.2636
-106.4227,300,11763.538137
-733.991218,166,11767.713623
-669.763889,170,11771.989097
-124.745572,300,11779.461981
-131.78911,300,11786.711357
-156.047959,300,11794.367014
-649.397578,49,11795.5964
-711.068117,298,11803.111007
-104.386304,300,11810.637727
-122.74258,300,11818.222509
-423.995757,300,11825.589886
-656.461379,158,11829.512383
-134.643405,300,11836.997744
-133.262169,300,11844.382107
-654.532107,148,11848.026066
-134.147408,300,11855.517684
-110.401904,300,11863.100979
-172.47076,300,11870.486057
-315.436648,300,11877.880257
-168.879767,300,11885.100655
-1010.784673,224,11890.679832
-232.783212,300,11898.280864
-680.202024,186,11902.861981
-212.27145,300,11910.294688
-851.041041,99,11912.786355
-121.961456,300,11920.379012
-114.430308,300,11927.764639
-159.373624,300,11934.970314
-832.245727,221,11940.406042
-97.290897,300,11947.789942
-717.142232,244,11953.862559
-642.829243,183,11958.367178
-123.121323,300,11965.553393
-138.332463,300,11973.100005
-131.113047,300,11980.57936
-127.31303,300,11988.013391
-885.71186,205,11993.065243
-133.87063,300,12000.490114
-208.184374,300,12007.4921
-136.809433,300,12014.680247
-131.575192,300,12022.175638
-764.077841,102,12024.726731
-126.786933,300,12032.384075
-394.07322,300,12040.053497
-110.375522,300,12047.560673
-282.105704,300,12055.01344
-213.149217,300,12062.530529
-112.732245,300,12070.075085
-134.118459,300,12077.929358
-713.810295,132,12081.126292
-139.389222,300,12088.477341
-109.561355,300,12095.615614
-114.775379,300,12102.809026
-97.483779,300,12110.078626
-120.990305,300,12117.292349
-189.617493,300,12124.514722
-124.835741,300,12131.629012
-581.909695,300,12139.181165
-282.102552,300,12146.5948
-120.946289,300,12153.730806
-118.003772,300,12161.340199
-111.137235,300,12168.697641
-107.335835,300,12176.307979
-900.307791,299,12183.718987
-395.396846,300,12191.324653
-130.144216,300,12198.771018
-88.626677,300,12206.246059
-679.090502,206,12210.975307
-99.821204,300,12218.196079
-175.629067,300,12225.57073
-621.599907,80,12227.557054
-114.565225,300,12234.845514
-86.65731,300,12242.282814
-717.770219,102,12244.788154
-124.92374,300,12252.082477
-113.247765,300,12259.31725
-638.957742,121,12262.308543
-104.879307,300,12269.253181
-177.795488,300,12276.613105
-129.425211,300,12283.802605
-77.965934,300,12291.139323
-94.753811,300,12298.372326
-734.071442,288,12305.37897
-542.457547,300,12312.665262
-114.27189,300,12319.999164
-123.05385,300,12327.26329
-88.946389,300,12334.517303
-629.161541,138,12337.881369
-104.837251,300,12345.103571
-161.164387,300,12352.361905
-156.313927,300,12359.728351
-76.046354,300,12366.977407
-103.681786,300,12374.384665
-74.013837,300,12381.968176
-1333.322921,294,12389.316269
-132.876284,300,12396.630266
-192.22112,300,12403.903651
