# {"t_start": 1565275148.854326, "env_id": "highway-continuous-v0"} 
r,l,t
-693.615998,29,2.550058
-627.671954,70,3.98584
-662.176176,53,5.070904
-608.875803,47,6.041551
-712.919583,72,7.46166
-665.43733,51,8.512561
-666.868154,63,9.868723
-674.473214,25,10.379699
-676.755643,49,11.367886
-669.0076,30,12.001951
-615.989279,44,12.899699
-624.530926,60,14.153666
-617.771071,68,15.537894
-675.950747,24,16.036841
-738.816366,64,17.346019
-634.952977,121,19.827301
-611.37365,55,20.940601
-611.428478,36,24.185042
-737.435637,50,25.22207
-617.675425,63,26.522992
-683.433048,28,27.106332
-776.498296,69,28.502916
-664.488575,40,29.316467
-671.599104,50,30.348725
-668.189445,43,31.254208
-713.658975,118,33.654166
-610.82462,41,34.507024
-702.909283,54,35.6118
-624.154728,79,37.247997
-664.302034,37,38.019478
-604.987064,31,38.663738
-751.503922,227,43.515756
-674.977169,27,44.089968
-613.500123,51,45.922368
-796.968213,95,47.89875
-967.79721,78,49.458517
-685.539243,36,50.18965
-610.635959,34,50.892947
-616.890583,52,51.921502
-722.056502,44,52.829631
-782.17892,68,54.206056
-760.210358,35,54.915693
-610.713268,32,55.569006
-676.09613,56,56.694275
-759.206613,100,58.741502
-858.748365,70,60.15303
-700.312062,76,61.672077
-676.475615,35,62.383348
-680.242147,58,63.573159
-684.978306,44,64.49796
-789.237299,86,67.62181
-616.429797,42,68.500135
-659.411379,61,69.734977
-743.917731,50,70.735869
-657.831765,44,71.631546
-610.054195,32,72.294481
-687.00216,37,73.043548
-686.705461,47,74.003845
-661.121742,45,74.954577
-615.082103,51,76.011756
-710.390212,90,77.825575
-729.638811,40,78.642771
-607.747275,26,79.164408
-736.969972,96,81.127223
-746.198835,40,81.937205
-834.827785,51,82.977246
-712.325363,59,84.170935
-668.107774,56,85.294316
-683.172083,84,88.586323
-629.077839,64,89.896962
-803.484372,147,92.626988
-652.821921,57,93.796839
-857.012141,117,96.227883
-651.951434,78,97.831269
-654.33205,50,98.845234
-676.629362,68,100.23568
-690.684844,77,101.873557
-670.800892,31,102.585948
-702.237868,39,103.387055
-697.447154,100,105.477637
-847.952442,47,106.542896
-607.737375,24,107.088812
-607.243023,24,108.60422
-704.859255,84,110.289017
-610.785637,31,110.930506
-675.935503,34,111.630346
-719.993753,36,112.363822
-603.484258,26,112.90846
-1052.217665,158,116.104495
-612.779432,41,116.95235
-723.642058,93,118.959189
-619.5058,59,120.164223
-681.641894,72,121.628279
-693.826611,86,123.364007
-680.487497,65,124.675059
-608.642487,26,125.202996
-641.680637,116,127.604701
-661.007504,57,128.726315
-611.853724,30,129.805401
-736.754344,35,130.520521
-620.066827,70,132.028562
-729.542374,116,134.484422
-869.803464,142,137.550007
-679.775068,96,139.504792
-618.088683,55,140.636087
-675.892118,39,141.4447
-698.956074,83,143.142096
-621.216244,66,144.523515
-671.039959,47,145.500724
-674.83599,70,146.977337
-708.744961,55,148.12148
-683.505578,82,149.790537
-741.112338,58,151.944207
-610.27249,42,152.812185
-681.636376,46,153.740282
-614.161027,48,154.719638
-903.847208,142,157.615264
-685.601658,108,159.871948
-718.996137,130,162.622699
-611.712008,38,163.421499
-627.377943,90,165.267495
-476.240957,300,171.359114
-793.714767,75,173.467454
-654.143211,133,176.224946
-689.292348,59,177.441007
-621.320636,55,178.543155
-612.543365,35,179.262801
-662.91433,33,179.946507
-718.793804,70,181.375527
-607.859951,25,181.880546
-703.129572,196,185.932233
-681.134113,82,187.599963
-663.603091,65,188.926721
-733.423347,41,189.773099
-672.903956,87,191.506535
-971.574174,61,194.269427
-671.289432,41,195.116045
-609.216249,29,195.710348
-660.089721,66,197.055345
-843.300103,127,199.699719
-734.394553,83,201.409695
-639.103173,121,203.898371
-90.554674,300,210.109109
-695.553953,56,211.258094
-622.522664,79,215.87056
-685.152889,154,219.096763
-814.447908,157,222.305848
-873.32828,196,226.443978
-605.214336,26,226.975547
-620.787323,63,228.238351
-610.70878,39,229.030321
-691.434931,148,232.050692
-751.637956,142,234.999978
-674.395229,25,236.060711
-715.041714,75,237.614717
-853.093566,115,240.000904
-719.319042,105,242.119173
-620.866843,61,243.407733
-711.456852,116,245.847049
-609.122438,38,246.6302
-692.952429,148,249.746845
-744.39805,87,251.58266
-678.267813,76,253.176661
-701.86876,29,253.775082
-767.785739,128,256.361312
-972.82226,283,262.899409
-692.897747,95,264.863762
-697.381008,216,269.447846
-620.946201,65,270.795132
-647.0783,100,272.892359
-619.66629,66,274.292884
-737.26385,149,281.69231
-963.070891,168,285.166108
-698.888086,153,288.264784
-99.73264,300,294.068253
-619.453831,49,295.070709
-712.952919,110,301.523015
-606.187182,23,301.991933
-884.102434,101,304.035966
-790.639203,189,307.888172
-659.325964,47,308.86576
-794.602887,72,310.339399
-674.769936,112,312.605872
-676.551142,107,314.672264
-704.273962,176,318.34044
-690.416473,56,319.49159
-103.046282,300,326.386075
-729.31616,100,328.366027
-100.561755,300,334.550811
-554.528215,300,340.132963
-825.064883,129,343.451007
-638.29328,122,345.982783
-630.659519,70,347.439407
-114.18638,300,353.599551
-605.09802,32,354.262081
-609.340216,44,355.159259
-132.33131,300,361.298966
-632.558051,70,363.512504
-1050.21363,228,368.769194
-1246.589071,196,372.571169
-704.395852,62,373.808781
-192.937213,300,379.949521
-710.553902,82,381.624419
-302.090087,300,389.928505
-652.031994,147,392.929229
-227.378359,300,399.454992
-633.023181,91,401.308974
-606.252654,22,401.768917
-909.376585,73,403.263784
-606.738175,39,406.031482
-713.277619,176,409.695107
-656.882749,133,412.516706
-639.905505,142,415.456145
-636.669747,96,417.473969
-686.612557,246,422.585707
-723.989811,91,424.461023
-621.78649,73,425.937513
-622.391969,71,428.178782
-233.983525,300,434.436755
-370.544544,300,440.574948
-606.865927,25,441.082631
-725.404791,104,443.113267
-634.659322,77,444.782548
-608.543944,36,445.598154
-606.011498,25,446.115682
-606.337375,26,446.651277
-617.371367,50,447.720132
-618.265437,55,449.17523
-617.81695,42,450.03494
-604.992762,25,450.536712
-634.520047,128,453.085554
-477.882031,300,459.104873
-609.17922,42,459.964052
-615.73512,56,461.110221
-1001.285245,189,464.986403
-1220.279698,99,466.973706
-607.022945,36,469.682585
-614.452761,38,470.45399
-310.85537,300,476.551298
-744.068179,155,479.722381
-621.497475,58,480.904955
-604.821878,26,481.433846
-694.9924,164,484.853984
-631.954429,87,486.581476
-813.877881,139,492.844655
-1203.123095,116,495.222027
-678.447616,69,496.645991
-635.41634,128,499.272018
-145.081451,300,505.513345
-659.432609,153,508.721755
-112.223074,300,517.408533
-635.499067,94,519.293589
-620.038961,58,520.476947
-610.28607,49,521.475178
-617.495843,56,522.63356
-626.913186,77,524.209098
-716.551021,126,526.811487
-604.312386,28,527.385841
-710.555486,56,528.507322
-720.673175,73,529.986439
-771.810327,137,534.954136
-613.514196,36,535.682508
-1354.287678,294,542.037234
-686.432384,177,545.480452
-825.378228,182,549.239201
-694.924501,109,551.404283
-689.85486,278,558.96411
-193.323114,300,565.014413
-874.249601,268,570.49928
-617.231063,61,571.725425
-674.313665,249,579.34763
-864.186778,260,584.71237
-636.458493,100,586.79835
-512.320792,300,592.98237
-741.196447,181,599.140573
-94.102419,300,605.260143
-853.086636,130,608.047245
-652.76346,116,610.433031
-663.770117,163,613.762372
-641.549309,106,615.897924
-605.937317,30,617.213738
-614.679462,43,618.082684
-625.212614,83,619.771305
-608.244294,38,620.57419
-634.178547,95,622.517813
-666.58821,149,625.585702
-99.452449,300,631.63353
-653.435655,130,634.308194
-615.011123,43,635.186722
-659.637538,300,643.853383
-604.736997,27,644.406232
-773.029692,168,647.843242
-346.091435,300,654.069151
-691.994405,266,664.585657
-102.93447,300,670.743776
-117.848451,300,676.807153
-638.911334,96,678.751711
-727.031284,82,681.838838
-616.360276,65,683.182441
-643.856022,100,685.219352
-621.992111,57,686.376881
-143.034566,300,692.246115
-312.62087,300,698.483353
-136.135393,300,707.238786
-604.364489,29,707.825721
-638.747509,103,709.976792
-623.902649,77,711.549546
-408.995343,300,717.670698
-636.155902,136,724.975231
-660.892678,150,728.096719
-123.105113,300,734.305013
-88.997928,300,740.39096
-115.676026,300,749.623394
-652.039317,133,752.336455
-634.96577,70,753.806238
-610.693668,34,754.504265
-129.373456,300,760.05942
-613.162769,36,760.784898
-609.785022,28,764.51915
-610.622565,38,765.294809
-114.341714,300,770.92624
-609.975112,31,771.551002
-764.995268,202,775.798567
-621.420448,67,777.181226
-109.292718,300,783.446054
-612.639918,36,784.208398
-1433.060298,242,789.33849
-651.310168,129,791.996809
-126.776328,300,798.122328
-440.650819,300,804.282156
-676.339179,253,810.5602
-625.134678,90,812.329472
-656.561038,149,815.384154
-645.041385,110,817.658078
-104.843081,300,823.267303
-604.740678,33,823.94286
-605.393946,31,826.528665
-669.405155,202,830.62681
-609.394375,31,831.25664
-949.325272,198,835.340093
-647.935856,117,837.746756
-637.950246,141,840.625747
-611.427708,32,841.271625
-624.612359,60,848.262108
-630.800821,76,849.805904
-671.269088,189,853.692962
-674.101796,190,857.527222
-653.86321,144,860.357069
-619.488911,48,861.340891
-621.374195,77,862.898022
-608.299099,35,863.619074
-685.875327,223,872.484274
-606.797887,27,873.037363
-666.95384,162,876.41535
-247.206699,300,882.559868
-111.210685,300,888.60392
-680.831898,203,893.206635
-609.39096,30,893.813433
-149.361146,300,899.969813
-90.127891,300,905.066683
-620.342686,54,910.140708
-101.840402,300,916.571633
-641.875103,99,918.662589
-117.199171,300,924.163334
-716.253342,75,925.725391
-621.706684,75,931.297387
-617.160074,72,932.769218
-134.495093,300,939.188738
-713.105851,33,939.872797
-776.683203,115,942.237164
-339.312612,300,948.450631
-608.641364,31,949.089914
-123.718643,300,956.997532
-634.860662,85,958.723264
-610.361823,27,959.274825
-296.463438,300,965.350665
-117.576929,300,971.532954
-633.727419,80,973.553196
-661.96253,191,977.497033
-144.618569,300,983.582649
-130.730616,300,989.768665
-614.580657,38,990.535489
-623.760614,59,994.201233
-635.766448,123,996.696329
-107.225781,300,1002.805387
-657.913283,157,1006.177665
-114.04157,300,1012.175783
-633.503683,93,1015.990079
-110.182221,300,1022.119104
-656.749856,187,1026.163481
-664.023312,185,1029.934348
-626.25741,90,1037.274351
-607.561365,23,1037.749245
-110.793614,300,1043.983874
-685.047802,293,1050.043286
-114.738934,300,1056.41457
-117.977727,300,1062.911827
-613.042439,45,1063.837324
-108.501671,300,1070.02514
-95.253432,300,1076.107852
-630.884795,81,1079.547885
-682.522531,237,1084.380651
-918.114135,235,1089.317649
-628.229788,91,1091.18413
-678.021511,181,1094.99674
-635.798589,75,1100.750672
-623.096327,102,1102.802266
-619.558111,61,1104.026853
-1041.11544,287,1109.750458
-629.176257,81,1111.413829
-83.693481,300,1117.574576
-611.196057,39,1118.36941
-645.099309,127,1122.627766
-123.644488,300,1128.89055
-115.555531,300,1135.006042
-652.760213,176,1138.687367
-708.008236,237,1146.225014
-635.114049,112,1148.583098
-650.697248,122,1151.132653
-267.902329,300,1157.234623
-611.822643,28,1157.81682
-612.322327,53,1158.907949
-618.926777,55,1160.015882
-617.066648,61,1161.278642
-846.012687,188,1166.065349
-655.425412,140,1168.823774
-671.804695,109,1171.064808
-359.519872,300,1177.437093
-677.854042,228,1182.322833
-614.779096,39,1184.451359
-645.070409,116,1186.797654
-743.150627,300,1192.949735
-631.485271,99,1195.003373
-896.884696,129,1197.722469
-612.978073,45,1198.630564
-89.782065,300,1211.107378
-486.860649,300,1217.100849
-482.866768,300,1223.041514
-108.616955,300,1232.060785
-616.101629,36,1232.788797
-921.783065,191,1236.732517
-94.971637,300,1243.091627
-628.86826,82,1244.773478
-127.782422,300,1253.043358
-528.826682,300,1259.346549
-651.954839,160,1262.599694
-655.406953,130,1265.26097
-619.955418,60,1269.33635
-914.560129,179,1272.981664
-610.503135,37,1273.736546
-1191.239773,195,1277.74912
-639.689404,98,1279.751855
-776.612953,93,1281.662948
-615.824618,38,1282.444073
-106.145299,300,1288.632957
-121.253065,300,1295.355083
-115.290888,300,1301.259281
-629.4656,76,1302.81951
-629.939795,73,1304.331235
-615.629513,48,1305.301343
-622.814521,62,1306.580163
-617.241527,42,1307.437665
-632.452858,108,1312.232359
-607.582468,24,1312.734547
-639.815683,142,1315.673455
-626.06569,75,1317.22946
-615.902547,56,1318.388346
-1146.30763,210,1322.710506
-679.636431,209,1326.953609
-603.071494,23,1327.431412
-662.678501,189,1334.926402
-652.133845,137,1337.746372
-634.844222,87,1339.504655
-627.166449,88,1341.333982
-308.028002,300,1347.530489
-613.087367,46,1348.497782
-623.090797,85,1350.252841
-612.382722,67,1351.590917
-741.137351,68,1353.632699
-780.675406,298,1359.829951
-605.90152,34,1360.54184
-704.798088,173,1364.100546
-606.908646,30,1364.711386
-612.249922,53,1365.833473
-838.704802,103,1367.936282
-871.801339,147,1370.840177
-613.080001,43,1371.722652
-888.841875,134,1376.105
-862.84074,172,1379.647877
-737.910636,62,1380.905257
-674.709939,263,1386.272521
-119.963507,300,1392.616378
-610.649387,38,1393.41049
-623.190905,69,1396.120249
-704.147836,296,1402.146179
-682.018883,228,1406.99422
-661.46494,151,1410.072305
-609.311182,26,1410.622241
-622.926056,59,1411.821318
-612.903541,37,1412.575845
-603.613389,26,1416.45412
-691.882318,75,1417.977159
-98.415052,300,1423.501896
-635.458142,93,1425.41817
-103.134785,300,1431.528071
-859.348779,195,1435.574208
-632.11548,117,1438.666567
-669.382342,133,1441.397735
-608.174349,26,1441.939901
-98.153059,300,1448.085434
-614.802437,37,1448.840833
-631.077531,78,1450.494835
-782.887429,103,1452.615414
-618.815703,59,1458.710222
-655.87713,150,1461.768771
-639.718709,74,1463.267764
-826.127883,286,1469.375902
-628.192669,69,1470.789798
-680.126808,257,1476.07441
-643.083925,132,1481.591479
-111.4042,300,1487.703382
-615.397638,44,1488.600201
-141.735869,300,1493.871616
-669.25299,198,1497.963469
-653.135265,136,1501.929231
-95.239742,300,1508.175137
-113.245115,300,1513.976081
-1023.757044,260,1519.308964
-643.250332,115,1522.340132
-628.845293,63,1523.598233
-622.947964,70,1524.997477
-931.578518,228,1529.365636
-612.654311,53,1530.418457
-355.345371,300,1535.53805
-614.271084,46,1536.474276
-670.774986,195,1543.685573
-1104.395334,224,1548.328125
-608.367292,42,1549.219279
-641.051786,122,1551.766275
-652.626914,176,1555.363997
-107.359379,300,1567.179242
-640.414754,130,1569.838368
-655.083226,144,1572.744539
-605.346173,25,1573.253586
-97.583763,300,1579.434051
-113.372161,300,1588.303247
-632.967847,101,1590.371984
-77.649815,300,1596.475379
-255.218041,300,1602.547507
-966.181751,300,1609.404697
-168.85056,300,1615.625533
-762.150966,88,1617.416446
-187.410816,300,1623.724724
-1022.817461,198,1628.619927
-799.207166,223,1633.272399
-619.596911,58,1634.453552
-665.191881,180,1638.11682
-104.162263,300,1644.390205
-615.415489,53,1645.453765
-103.49597,300,1652.139029
-654.49881,154,1655.270946
-645.896187,127,1657.866347
-626.845733,69,1659.299848
-607.721676,31,1659.928435
-620.945614,59,1661.117937
-640.292589,140,1663.910382
-628.021219,128,1666.440848
-619.30829,70,1668.327641
-106.937313,300,1674.251789
-102.736026,300,1680.373522
-881.484352,72,1681.807721
-709.60227,55,1682.931849
-649.365341,128,1690.410453
-693.67164,242,1695.461877
-130.141082,300,1701.546118
-115.753064,300,1707.452473
-655.33636,152,1711.765534
-644.495848,158,1715.080397
-639.400631,127,1717.666966
-625.64606,62,1718.934126
-673.593563,173,1722.447073
-625.169766,79,1724.059351
-634.255489,76,1725.617949
-612.217188,38,1730.490097
-622.352008,58,1731.667082
-612.514535,36,1732.404971
-668.778423,250,1737.486588
-146.308443,300,1743.620539
-688.639455,256,1749.144513
-689.264724,266,1756.472586
-92.141065,300,1762.577141
-153.186195,300,1768.977169
-639.754791,99,1770.998086
-613.78898,58,1772.174879
-114.627764,300,1778.916039
-135.561976,300,1785.093244
-839.608949,90,1786.90511
-104.314153,300,1792.485392
-959.20077,156,1796.465458
-607.999926,35,1797.170268
-646.708417,126,1799.681535
-659.44489,137,1802.452406
-615.384019,87,1804.291271
-609.618552,29,1804.890394
-663.763632,145,1807.816309
-102.913626,300,1814.152292
-697.680286,236,1819.639434
-635.622962,119,1822.065709
-614.242537,40,1822.900156
-638.912232,121,1825.348226
-621.167179,61,1826.586977
-172.004103,300,1832.6677
-633.118421,78,1837.377409
-639.864604,114,1839.714202
-614.327471,55,1840.833889
-638.794893,100,1842.887077
-106.222416,300,1849.211628
-632.898665,120,1851.666554
-645.513795,129,1854.24241
-675.807694,210,1861.095253
-673.213475,211,1865.396315
-626.815657,98,1867.400651
-115.96446,300,1873.628783
-638.741799,115,1875.997661
-610.669552,35,1878.675898
-677.64341,167,1881.982897
-272.60915,300,1888.154673
-770.305463,92,1890.137171
-1220.355307,292,1896.039314
-621.252928,75,1897.615734
-616.686327,49,1898.600444
-610.040859,28,1899.600344
-639.294522,104,1901.701788
-138.755347,300,1907.818311
-833.195071,145,1910.785517
-636.245552,155,1913.903435
-628.060253,84,1921.484109
-638.857318,103,1923.656173
-1077.631048,300,1929.908168
-126.958905,300,1936.288835
-657.38126,162,1939.670351
-129.858395,300,1947.309812
-614.620061,54,1948.43859
-637.125654,103,1950.506977
-633.825306,117,1952.889889
-718.272202,178,1956.117012
-609.765642,32,1956.770549
-627.836953,83,1963.703217
-642.688669,95,1965.834499
-634.066218,94,1967.751674
-97.418949,300,1973.876427
-617.098187,60,1975.078792
-657.963874,125,1977.624761
-1600.004642,188,1981.658783
-618.200508,47,1984.417107
-614.241853,54,1985.490105
-114.468617,300,1991.691485
-131.772975,300,1997.994092
-62.994257,300,2004.160636
-615.964732,43,2005.630103
-84.50616,300,2012.003553
-115.061051,300,2017.716497
-608.953067,31,2018.348731
-649.802392,187,2022.163957
-145.332012,300,2031.448871
-843.829082,225,2036.115146
-629.765696,105,2038.284938
-623.689163,84,2040.006387
-777.341361,300,2045.746471
-670.778052,255,2051.330688
-628.882098,85,2053.032396
-618.38852,51,2054.088099
-636.188007,91,2055.951479
-660.014237,160,2059.249155
-311.014143,300,2065.105276
-619.587063,76,2066.690223
-658.125286,131,2069.62313
-606.41347,40,2070.415302
-688.333987,231,2075.044975
-132.667316,300,2080.918622
-103.817291,300,2087.135531
-783.782759,108,2089.866377
-201.505507,300,2095.890948
-111.43094,300,2102.195385
-616.205805,41,2103.032052
-827.442299,300,2115.066595
-622.403288,63,2116.340215
-619.126819,59,2117.547013
-636.436063,141,2120.366632
-610.752683,29,2120.967367
-641.181455,105,2123.223433
-106.861905,300,2129.400961
-615.419968,47,2131.023404
-337.929862,300,2137.270301
-637.479906,120,2139.676421
-937.187,255,2144.977174
-1338.150495,246,2150.04799
-114.479427,300,2157.164318
-613.827884,55,2158.283341
-614.257055,54,2159.383931
-665.609111,161,2162.616519
-85.105825,300,2168.703363
-611.511285,47,2172.901513
-687.768566,74,2174.436637
-618.18005,67,2175.823436
-670.382829,250,2180.864304
-636.452593,138,2183.731877
-115.810691,300,2189.789507
-622.960392,47,2193.903259
-223.209311,300,2200.06689
-133.638757,300,2205.913663
-608.484529,38,2206.687679
-653.44425,141,2209.572444
-949.884898,143,2216.620132
-613.405746,51,2217.66243
-633.006696,115,2219.983817
-690.892226,216,2224.447925
-636.612448,125,2226.964814
-609.327722,34,2227.667032
-192.095118,300,2233.657583
-629.819472,88,2236.40406
-416.466348,300,2242.20331
-87.284899,300,2248.522078
-131.753705,300,2254.728786
-111.183887,300,2261.812113
-638.450153,102,2263.885925
-90.342428,300,2270.050997
-674.788107,150,2273.148191
-116.512266,300,2283.052475
-108.537128,300,2289.213954
-126.472848,300,2295.330338
-633.843061,105,2300.180391
-654.617911,121,2302.684968
-110.552824,300,2308.893042
-768.544166,204,2313.064722
-653.689053,114,2315.387636
-614.288062,51,2316.431217
-506.356946,300,2324.972903
-615.411389,56,2326.11877
-616.072428,51,2327.200183
-720.113486,290,2333.218963
-616.744842,57,2334.37999
-629.378928,96,2342.056511
-665.470232,162,2345.402009
-646.872484,105,2347.570106
-643.644169,126,2350.167336
-631.878522,79,2351.835609
-198.618451,300,2357.950555
-648.875831,138,2360.758507
-143.055547,300,2367.511145
-644.277131,123,2370.000761
-664.148806,166,2373.406152
-109.736909,300,2379.613879
-616.498293,34,2383.153705
-496.631037,300,2388.952972
-94.788781,300,2395.199948
-630.675609,68,2396.599778
-1015.919436,178,2400.279464
-149.987907,300,2409.241908
-638.22167,137,2412.023554
-636.825719,97,2414.035683
-640.35557,175,2417.585429
-621.898717,62,2418.871956
-618.217269,45,2419.798107
-631.884813,89,2421.629747
-706.071121,164,2427.633379
-655.392951,50,2428.652733
-124.257154,300,2434.6634
-626.590141,79,2436.295355
-630.666754,94,2438.197487
-108.755296,300,2444.201543
-613.11502,33,2444.868124
-693.186237,231,2449.745275
-126.513172,300,2455.984928
-110.864193,300,2462.141578
-629.07506,97,2464.120731
-120.100999,300,2472.326076
-637.497133,194,2476.262387
-136.073144,300,2482.636686
-626.051388,99,2484.642046
-611.961888,45,2485.557423
-621.834825,59,2486.747706
-622.852916,77,2488.989021
-634.217509,73,2490.465203
-233.225121,300,2496.591832
-336.96005,300,2502.589262
-101.015782,300,2514.563276
-632.613678,71,2516.048323
-606.642575,26,2516.576035
-623.410276,52,2517.633407
-664.764525,137,2520.398944
-667.769244,183,2524.17296
-613.538136,48,2525.138633
-107.987894,300,2535.467905
-614.191003,34,2536.169696
-122.21964,300,2542.026802
-646.714379,107,2544.190201
-641.452826,177,2553.664886
-107.050265,300,2559.751202
-626.335692,77,2561.314054
-647.915059,111,2563.563353
-653.5036,152,2566.565117
-641.038505,115,2568.875441
-630.253413,81,2570.49474
-613.08212,52,2571.911641
-658.096537,149,2574.762788
-209.993075,300,2580.604088
-630.670409,77,2582.187202
-334.165238,300,2588.200433
-86.944385,300,2596.942117
-700.717571,272,2602.424889
-85.269538,300,2608.886251
-636.201269,99,2610.890338
-100.648556,300,2618.109374
-632.412837,120,2620.560524
-140.548353,300,2626.331957
-631.417348,72,2627.79083
-646.888924,161,2635.92452
-624.181696,82,2637.577699
-78.99743,300,2643.730051
-658.715802,166,2647.19419
-648.93263,173,2650.689821
-628.184949,111,2653.027
-90.477368,300,2659.9093
-74.627252,300,2665.989563
-658.101072,139,2668.80846
-608.49513,31,2669.455308
-631.155528,94,2671.3583
-641.680936,95,2673.308367
-665.327192,185,2678.479684
-655.595521,192,2682.385484
-780.345781,185,2686.190645
-638.384685,122,2688.735522
-603.339652,25,2689.252329
-118.791874,300,2695.156469
-747.728793,137,2698.38748
-620.666853,51,2699.43338
-638.638732,112,2701.739866
-107.897061,300,2707.837714
-617.90295,48,2708.815122
-631.887116,69,2710.197233
-609.504075,46,2711.130512
-669.398234,161,2714.284556
-653.418526,144,2719.3171
-610.917624,30,2719.93686
-942.34292,261,2724.806735
-626.680945,77,2726.419959
-615.138421,77,2728.034113
-616.444868,45,2728.939667
-637.701291,104,2731.075396
-119.860847,300,2743.373441
-119.177713,300,2749.629125
-646.165708,161,2752.923267
-624.85425,66,2754.293032
-646.562111,114,2756.631697
-621.964946,53,2757.716513
-104.142258,300,2764.718246
-622.037711,49,2765.730267
-617.864218,47,2766.684939
-625.053808,57,2767.865168
-123.085035,300,2773.922936
-648.933593,124,2776.32273
-641.733244,130,2782.110229
-116.00523,300,2788.063541
-606.372724,26,2788.59847
-635.404044,119,2791.071758
-622.921948,69,2792.467225
-103.430484,300,2798.227817
-608.86405,26,2800.562771
-125.528844,300,2806.864557
-635.654543,105,2809.045044
-622.202742,48,2810.032682
-615.541765,54,2811.132553
-150.100005,300,2817.240974
-662.967906,186,2821.203397
-631.388925,132,2824.198295
-705.766929,85,2826.037076
-706.966774,262,2831.395702
-660.820994,151,2834.486537
-628.880698,71,2835.927504
-610.164215,32,2836.576007
-645.649368,179,2840.247108
-672.249388,176,2846.038365
-133.793734,300,2852.233617
-666.990061,196,2856.348312
-647.00869,109,2858.571013
-613.138898,29,2859.155826
-616.476793,60,2864.888373
-698.902078,144,2867.884824
-649.039052,168,2871.281393
-607.459369,32,2871.936014
-609.060676,36,2872.672804
-621.139339,82,2874.364374
-642.94697,117,2876.76642
-98.450191,300,2882.987326
-89.886121,300,2891.085852
-92.896149,300,2897.210045
-628.948656,102,2899.256292
-110.878762,300,2905.245609
-106.997526,300,2911.934305
-613.417233,52,2912.985691
-623.395716,79,2914.567468
-121.336504,300,2920.44205
-619.675148,64,2921.763729
-608.289231,32,2922.417818
-626.990318,83,2928.229271
-640.987229,121,2930.732104
-638.637531,119,2933.145857
-647.094301,96,2935.095587
-864.730601,171,2938.537391
-656.601065,155,2941.658783
-616.231251,39,2948.238058
-824.507395,282,2954.104052
-130.089544,300,2960.405879
-132.999958,300,2966.522404
-626.181247,91,2968.389075
-115.56456,300,2974.773848
-143.200877,300,2980.74273
-111.044441,300,2986.859346
-647.793502,130,2992.119739
-134.943774,300,2998.218902
-98.768441,300,3004.430013
-864.652271,181,3014.217522
-657.47473,147,3017.207634
-618.426497,43,3018.062311
-615.704435,54,3019.142015
-697.328385,203,3023.370596
-661.64219,215,3027.754408
-117.370275,300,3037.617254
-650.571009,154,3040.808722
-649.408697,177,3044.504706
-112.290994,300,3050.511684
-612.809294,48,3051.484389
-617.638604,49,3053.532182
-618.97396,45,3054.445372
-628.794106,97,3056.396828
-621.886517,47,3057.350501
-115.018677,300,3063.399184
-656.772356,175,3066.961684
-627.161256,99,3068.984177
-640.575737,143,3071.860825
-681.940921,165,3076.76707
-698.120975,228,3081.364851
-652.051862,178,3084.892002
-614.106085,63,3086.185955
-632.337256,99,3088.208637
-645.026186,82,3089.85528
-641.223221,86,3091.606459
-607.130801,25,3092.113219
-625.54779,66,3093.442948
-668.558682,203,3098.300254
-626.719221,104,3100.360097
-130.611959,300,3105.960521
-644.919147,115,3108.316637
-664.742881,117,3110.689279
-126.422671,300,3120.570081
-637.613023,145,3123.515352
-250.931669,300,3129.644989
-178.307482,300,3141.555903
-159.933767,300,3147.808395
-112.69467,300,3153.641017
-645.093619,117,3155.995343
-111.126109,300,3162.397533
-650.571767,151,3165.494836
-114.604455,300,3171.69649
-651.019379,116,3174.10686
-614.837603,68,3178.846338
-757.764914,216,3183.419656
-625.59511,96,3185.316335
-106.8799,300,3191.406488
-131.962505,300,3197.291118
-641.889381,107,3200.485341
-608.706219,27,3201.029859
-608.006928,26,3201.577601
-116.075855,300,3207.784616
-639.222336,125,3210.312238
-114.467714,300,3216.451346
-694.253917,126,3222.070148
-458.761452,300,3228.058415
-641.905357,130,3230.73097
-722.565804,253,3235.66043
-134.091434,300,3246.192876
-617.797729,50,3247.217266
-606.717211,24,3247.703429
-114.666924,300,3253.848708
-623.936835,111,3256.119849
-139.171785,300,3267.571381
-125.208735,300,3274.088377
-619.631799,300,3280.301611
-1213.64608,300,3289.207742
-128.832481,300,3295.410446
-608.785034,28,3295.981877
-691.867177,197,3299.962479
-650.396111,138,3302.515718
-103.331905,300,3310.087935
-618.183118,54,3311.194911
-627.313179,68,3312.581325
-621.24086,84,3314.263916
-119.285623,300,3320.378941
-669.275621,179,3324.053983
-607.5657,36,3324.781009
-348.664979,300,3331.206819
-650.411182,197,3335.274776
-117.598893,300,3341.281357
-628.095493,74,3342.810843
-697.382742,257,3351.335389
-684.380875,180,3354.97864
-616.341852,62,3356.226725
-150.22081,300,3362.440661
-657.659187,148,3369.795283
-348.530676,300,3375.936076
-632.150238,79,3377.537088
-99.495176,300,3383.626485
-615.684007,41,3384.459036
-643.469641,153,3387.56382
-634.699972,79,3389.314675
-689.951473,63,3390.585515
-634.919837,93,3392.485725
-671.680155,185,3396.23234
-610.155579,27,3396.782849
-138.911786,300,3403.041835
-693.868806,248,3408.094174
-137.799023,300,3414.916092
-633.695814,90,3416.756316
-83.811011,300,3422.778119
-120.078465,300,3428.730538
-620.872929,74,3431.038014
-154.853049,300,3437.208642
-788.352318,236,3442.119751
-664.612377,161,3445.471897
-113.128461,300,3457.187287
-635.91288,88,3458.966909
-111.55516,300,3464.811757
-666.202179,157,3468.002887
-612.435776,43,3472.67705
-618.801786,63,3473.933359
-109.416659,300,3479.977083
-660.96165,206,3484.146339
-641.563768,141,3487.024388
-109.68131,300,3498.904246
-630.90489,72,3500.372491
-636.43192,89,3502.162855
-646.132753,156,3505.433406
-1240.097673,237,3510.287434
-661.182838,189,3517.66706
-330.916154,300,3523.862744
-111.877044,300,3529.850702
-333.439627,300,3540.929255
-622.999921,71,3542.359762
-109.746053,300,3548.436525
-669.743582,217,3552.868548
-347.028423,300,3561.765108
-616.761496,58,3562.923654
-308.925412,300,3569.121235
-85.933117,300,3575.129075
-650.240262,129,3579.168088
-73.866361,300,3585.334651
-690.249012,114,3587.652844
-617.840432,51,3588.685152
-621.45638,53,3589.761648
-126.991851,300,3595.56424
-132.50977,300,3603.561102
-97.461164,300,3609.459321
-936.299168,300,3615.677529
-656.046458,170,3621.629598
-145.675017,300,3627.812946
-878.600263,300,3633.91553
-647.66181,168,3637.111605
-663.14905,229,3643.635282
-643.836212,91,3645.513554
-701.086061,213,3649.825658
-242.492717,300,3655.835603
-744.557507,132,3662.458768
-103.028399,300,3668.458298
-151.356968,300,3674.794456
-664.073872,196,3678.804779
-107.122662,300,3686.958749
-576.515423,300,3693.239298
-636.673994,90,3695.080266
-93.764859,300,3701.268187
-453.088678,300,3708.207674
-473.903436,300,3714.372494
-116.051195,300,3720.476628
-125.893165,300,3729.161654
-89.327311,300,3735.282341
-127.232067,300,3741.318611
-630.798946,91,3743.17268
-135.31445,300,3750.184534
-136.829729,300,3756.420705
-662.677752,167,3759.893775
-624.384436,84,3761.575526
-705.189147,167,3764.948086
-101.782562,300,3771.054525
-638.161189,129,3773.618966
-137.203816,300,3779.718176
-735.132854,128,3782.313848
-654.920572,154,3785.463542
-135.040301,300,3791.035193
-688.799742,263,3796.374571
-658.339255,177,3799.752301
-664.820099,138,3802.488325
-103.704255,300,3811.716241
-634.995669,81,3813.330254
-636.471258,85,3815.033751
-139.846226,300,3821.337007
-139.028056,300,3832.924148
-289.025076,300,3839.237734
-609.968874,46,3840.177948
-644.211969,101,3842.230072
-1859.040824,287,3854.286722
-118.985424,300,3860.643899
-618.184672,67,3862.041221
-615.36358,70,3863.466893
-626.72144,96,3865.392449
-644.47683,130,3868.030255
-131.942602,300,3875.640956
-680.522891,178,3879.151389
-1398.950718,239,3884.034242
-96.648452,300,3890.175306
-619.932307,54,3891.537367
-138.951595,300,3897.729367
-131.634047,300,3903.929966
-264.726055,300,3909.984662
-90.808792,300,3917.850457
-348.6115,300,3923.842052
-126.969087,300,3929.916755
-617.427684,43,3930.780685
-349.648077,300,3938.809659
-700.008592,101,3940.902689
-129.56466,300,3947.084416
-685.782596,230,3951.827931
-616.936742,74,3953.332648
-111.744703,300,3959.683998
-631.609663,95,3961.64772
-1040.45945,150,3964.53079
-614.678318,46,3965.496943
-618.864244,55,3966.597907
-646.071253,153,3969.673471
-131.530578,300,3980.448723
-679.677146,214,3984.826098
-150.953846,300,3991.047681
-686.015239,202,3999.171562
-130.949925,300,4005.131856
-672.950919,207,4009.292336
-104.950615,300,4015.3976
-740.433705,277,4021.383333
-632.559334,82,4023.052113
-197.731605,300,4029.208116
-107.328972,300,4035.370662
-625.061406,53,4036.432013
-104.789184,300,4042.883322
-204.797474,300,4049.007879
-623.892486,78,4050.625669
-152.797149,300,4056.64028
-615.752795,43,4057.509024
-667.533462,178,4061.404893
-667.049078,213,4065.832893
-136.561862,300,4071.998272
-254.868751,300,4078.147023
-119.594111,300,4084.760846
-613.71373,44,4085.669953
-666.023944,150,4088.642805
-183.884377,300,4094.723675
-628.417377,76,4101.156153
-131.801223,300,4107.327134
-617.48825,47,4108.295809
-761.133603,53,4109.346985
-639.058865,82,4111.037932
-613.099207,31,4111.668051
-623.861623,62,4112.933336
-323.274507,300,4119.013957
-612.962186,32,4121.308219
-610.36999,41,4122.172778
-660.901554,136,4124.950553
-780.062795,287,4130.797613
-643.200878,93,4132.760831
-627.370719,83,4134.455457
-130.070439,300,4140.671464
-609.655566,32,4141.315931
-611.626128,51,4142.887117
-638.922201,110,4145.09475
-130.395785,300,4151.183687
-133.580166,300,4157.553939
-623.025802,62,4158.837598
-639.555654,125,4161.404694
-615.258379,58,4164.264538
-84.385765,300,4170.371713
-107.15662,300,4176.566951
-632.941346,82,4178.2499
-634.695597,99,4180.287545
-751.91633,229,4189.085983
-612.085628,31,4189.711683
-621.748245,94,4191.685423
-643.482923,115,4194.0365
-635.918454,104,4196.178014
-718.21234,132,4198.845814
-111.10025,300,4205.107844
-296.247264,300,4212.022949
-444.771339,300,4218.307959
-115.116193,300,4224.468798
-621.321051,49,4225.488056
-632.004196,88,4228.869776
-621.371134,52,4229.937672
-107.385756,300,4235.200053
-116.15369,300,4241.276278
-690.111791,187,4251.041764
-140.908754,300,4256.996114
-658.923024,190,4260.821824
-254.853245,300,4266.92307
-106.038969,300,4273.904404
-634.021579,86,4275.647945
-78.717783,300,4281.497361
-138.659296,300,4287.721933
-103.061343,300,4294.628709
-630.988425,80,4296.31241
-619.406074,39,4297.112092
-248.496414,300,4303.243685
-646.443229,124,4305.767823
-746.409349,80,4311.446869
-127.409585,300,4317.070257
-553.722345,300,4323.4319
-683.561988,269,4328.946856
-626.537407,63,4331.864647
-115.881965,300,4338.039361
-637.941808,120,4340.380688
-110.687691,300,4346.471947
-651.912144,109,4348.731524
-1201.77515,300,4357.577559
-117.043184,300,4363.740654
-634.498243,90,4365.561326
-764.457526,46,4366.507347
-802.397776,154,4369.711213
-605.511285,27,4370.258932
-740.269076,84,4371.983509
-92.835032,300,4378.712926
-111.72196,300,4384.687573
-118.910401,300,4390.835383
-621.735949,55,4391.988556
-613.912244,47,4394.439942
-613.790104,33,4395.108519
-626.961907,109,4397.29992
-115.43787,300,4403.352766
-651.088866,126,4405.892765
-223.69225,300,4412.146782
-716.881513,28,4412.730628
-129.716774,300,4420.479097
-623.773965,77,4422.084168
-825.498297,194,4426.143288
-130.289529,300,4432.608991
-86.660365,300,4442.017959
-111.740754,300,4448.202457
-135.436438,300,4454.501022
-608.487052,32,4455.157366
-635.280901,121,4459.662608
-950.611578,227,4464.31347
-639.516827,128,4467.03377
-635.634161,101,4469.110625
-627.463946,64,4470.428491
-129.941965,300,4476.701123
-627.443071,71,4478.155173
-92.190616,300,4484.581432
-120.361851,300,4490.683893
-113.119922,300,4497.044435
-742.611129,300,4506.072269
-617.543287,66,4507.423977
-635.242936,105,4509.590819
-675.838561,165,4513.000352
-628.786877,75,4514.607922
-708.763081,269,4520.175391
-636.834093,116,4523.6055
-672.117534,199,4527.495996
-169.102225,300,4533.811187
-111.264398,300,4540.213385
-104.040791,300,4548.760695
-675.674551,27,4549.324153
-737.442694,90,4551.183515
-136.420731,300,4557.415526
-119.066822,300,4563.540414
-636.436326,81,4565.503155
-728.685893,137,4568.363051
-613.056973,47,4569.31437
-122.292853,300,4575.327204
-108.578865,300,4581.463574
-617.615668,74,4582.938143
-654.208584,114,4587.206056
-784.730871,300,4593.431817
-876.632139,75,4594.96514
-613.549525,51,4596.002809
-429.404058,300,4602.186568
-636.623501,109,4608.250785
-110.494519,300,4614.30375
-668.053176,202,4618.372092
-627.365785,74,4619.866316
-113.150653,300,4625.92512
-114.232875,300,4632.593493
-160.673311,300,4638.318074
-160.215823,300,4644.48463
-491.38217,300,4653.110456
-786.300875,136,4655.964387
-133.102124,300,4662.150839
-227.767672,300,4674.349059
-186.021954,300,4680.537454
-696.735261,112,4682.814175
-167.215838,300,4688.868462
-627.257987,69,4690.645269
-163.223346,300,4696.843193
-639.051017,118,4699.256441
-148.44462,300,4705.177078
-669.582951,195,4709.115771
-363.527714,300,4716.394918
-622.956506,67,4717.765764
-608.616755,27,4718.30932
-138.680671,300,4724.134847
-747.454704,58,4725.323709
-625.780107,69,4726.757238
-669.789844,50,4727.771714
-623.468755,86,4729.47946
-669.246811,172,4734.477902
-623.270879,65,4735.76821
-618.753891,48,4736.759264
-635.716457,89,4738.506311
-664.398532,135,4741.312037
-627.737845,62,4742.574888
-574.065321,300,4748.668213
-683.985023,211,4756.189595
-989.6725,208,4760.529629
-138.027089,300,4766.617426
-1067.340072,215,4770.869471
-610.669669,27,4773.431043
-320.575744,300,4779.487991
-110.091298,300,4785.667851
-615.589284,43,4786.560178
-191.25194,300,4792.604949
-133.766676,300,4799.860573
-128.102155,300,4805.98631
-613.608663,42,4806.832299
-1168.098727,103,4808.893947
-682.898286,210,4818.798541
-615.756437,37,4819.551489
-639.372699,87,4821.311131
-619.570501,80,4822.93905
-244.121602,300,4828.814694
-88.270198,300,4834.875346
-559.827511,300,4841.235127
-132.568508,300,4847.57054
-675.520529,226,4852.123909
-106.237308,300,4862.563435
-323.502862,300,4868.620889
-117.315924,300,4874.767114
-624.562224,78,4876.311674
-620.713399,60,4878.567267
-640.124668,120,4881.080802
-107.817781,300,4887.21231
-107.4464,300,4893.255983
-624.049099,70,4899.854572
-634.998342,300,4905.971257
-682.052298,35,4906.675042
-611.758505,57,4907.819889
-105.587419,300,4913.907449
-894.354998,258,4919.069524
-123.75251,300,4925.585901
-650.626664,123,4928.05113
-1455.629343,300,4934.150641
-454.695184,300,4940.007496
-626.644485,68,4941.585958
-329.046295,300,4947.240735
-107.457346,300,4953.191458
-810.743454,129,4955.830213
-381.687968,300,4966.768631
-608.278111,25,4967.287133
-608.570489,28,4967.857514
-795.853847,56,4969.004112
-133.79154,300,4975.190108
-711.48572,61,4976.462842
-744.23031,246,4986.759274
-189.512252,300,4992.92525
-620.603476,45,4993.839959
-609.974495,35,4994.56901
-144.100469,300,5000.78337
-626.131975,79,5004.512528
-659.752483,150,5007.627092
-109.455332,300,5013.641862
-131.741048,300,5019.941722
-99.246063,300,5030.262792
-207.98378,300,5036.377829
-128.526479,300,5042.509049
-610.639382,39,5043.297217
-617.515738,54,5044.385972
-831.180586,289,5050.809912
-113.312866,300,5056.803585
-114.361733,300,5062.975458
-704.125872,291,5072.265298
-622.952131,55,5073.374004
-633.704665,80,5075.001624
-117.108448,300,5081.23259
-670.496485,95,5083.192377
-374.997571,300,5093.560673
-639.709074,99,5095.573433
-133.330413,300,5101.773999
-634.668674,77,5103.313167
-127.20005,300,5114.700739
-127.582525,300,5120.802152
-128.395789,300,5126.954956
-617.289079,45,5127.871572
-102.422186,300,5135.345154
-166.82109,300,5141.452811
-112.392629,300,5147.424836
-626.438296,71,5151.543218
-623.066293,67,5152.894344
-129.561629,300,5159.043302
-137.531327,300,5165.115601
-112.874754,300,5177.227123
-714.184892,48,5178.197415
-136.237629,300,5184.481113
-766.16616,300,5190.641603
-624.802735,74,5192.154142
-143.48416,300,5198.556068
-150.312058,300,5204.706239
-92.497073,300,5210.452317
-685.364987,70,5211.890472
-658.734388,147,5216.132538
-620.801964,56,5217.273374
-1147.103333,275,5222.850219
-117.185449,300,5228.928663
-154.776178,300,5240.351559
-117.437362,300,5246.470805
-618.30318,43,5247.351943
-633.617877,88,5249.175044
-126.039644,300,5261.385449
-615.365374,59,5262.589058
-653.608603,135,5265.305388
-143.379917,300,5271.407774
-626.175523,64,5272.754129
-649.324193,156,5279.375273
-621.602404,56,5280.509052
-99.261317,300,5286.506464
-133.3416,300,5292.659933
-615.174309,45,5293.576133
-667.831619,155,5296.696868
-703.715445,24,5297.573832
-112.660912,300,5303.86119
-126.003252,300,5310.041115
-227.401123,300,5316.358001
-626.540064,61,5317.604545
-649.389169,117,5320.862804
-103.595776,300,5327.054889
-135.992866,300,5333.223961
-99.048718,300,5338.984251
-113.257191,300,5345.421249
-758.631456,81,5347.071155
-611.361238,45,5348.009822
-371.981508,300,5353.790055
-155.856334,300,5366.11211
-90.258869,300,5372.377171
-1131.755532,300,5378.683979
-664.573527,87,5380.40621
-658.68555,207,5385.408528
-686.403996,60,5386.638024
-659.519332,189,5390.511371
-140.024778,300,5396.605006
-106.300019,300,5408.207129
-628.227922,58,5409.34578
-129.793951,300,5415.388529
-1340.566311,284,5421.338561
-613.838114,40,5423.945447
-177.438961,300,5429.755464
-778.981949,70,5431.181454
-107.822386,300,5437.320776
-169.864943,300,5443.100702
-161.998952,300,5449.479511
-644.844441,119,5451.903755
-645.333229,124,5454.420051
-685.006689,46,5455.358955
-103.846135,300,5461.346539
-678.312683,282,5470.192135
-201.87537,300,5476.272778
-114.347995,300,5481.966553
-672.680765,165,5488.228252
-110.76155,300,5493.922249
-211.242559,300,5500.15417
-652.606181,156,5503.317096
-626.481686,300,5511.699147
-146.617653,300,5517.806888
-611.622827,37,5518.566163
-132.452703,300,5524.643485
-130.535551,300,5532.566531
-123.276449,300,5538.636405
-141.51318,300,5544.770668
-105.357495,300,5553.305265
-649.013612,129,5555.907456
-474.547191,300,5562.358612
-634.295843,80,5563.950737
-627.476282,74,5570.004342
-931.011242,198,5574.038344
-137.020029,300,5580.334215
-128.54153,300,5586.580896
-128.385535,300,5595.991213
-609.436083,31,5596.618763
-139.459817,300,5602.824837
-131.954676,300,5609.177711
-700.640491,300,5616.794014
-128.46002,300,5622.778768
-638.745535,150,5625.802482
-865.777237,300,5637.657871
-482.471314,300,5643.721555
-115.746215,300,5649.72313
-97.693759,300,5658.35761
-657.352244,130,5661.017934
-573.282388,300,5667.190059
-812.626632,98,5675.220749
-145.086227,300,5681.473781
-117.937853,300,5687.556987
-108.907286,300,5693.14296
-114.155963,300,5700.025751
-158.65902,300,5706.263022
-109.650693,300,5712.293952
-629.114576,74,5713.849551
-157.767866,300,5721.088763
-625.445337,101,5723.183571
-143.772424,300,5728.704693
-113.650886,300,5734.510621
-749.447477,85,5736.787226
-663.180976,169,5740.266587
-614.529396,46,5741.202012
-617.333118,52,5742.262267
-145.123018,300,5748.327207
-708.797119,300,5754.606482
-238.333107,300,5762.437481
-609.104626,24,5762.922451
-202.734048,300,5769.145992
-643.368916,112,5771.470932
-621.346356,57,5772.613689
-664.778243,150,5775.694592
-297.268936,300,5783.716339
-621.552879,54,5784.837023
-125.359769,300,5790.948388
-624.638582,52,5791.983669
-622.914189,79,5793.589948
-633.802535,94,5795.52265
-683.719728,300,5803.847796
-105.423295,300,5809.776327
-101.356871,300,5815.849286
-621.656428,65,5819.893603
-608.847949,50,5820.922837
-169.273949,300,5827.209781
-656.06209,139,5830.033951
-100.306193,300,5836.181418
-257.943065,300,5845.85399
-177.215404,300,5851.918953
-648.137559,136,5854.702202
-628.391623,63,5855.980401
-758.597645,194,5864.638648
-635.921524,78,5866.239643
-641.990233,134,5868.992486
-624.346872,65,5870.319247
-144.464852,300,5876.410166
-115.784151,300,5887.655926
-639.923483,93,5889.555103
-889.394718,300,5895.463054
-274.021071,300,5901.10923
-631.165117,78,5903.46507
-101.682913,300,5909.759145
-652.369852,130,5912.385442
-662.166562,184,5916.046398
-633.146494,86,5917.814735
-619.421029,69,5919.201646
-625.402044,68,5920.629342
-88.550854,300,5929.226311
-136.364295,300,5935.307298
-645.238694,131,5938.023941
-135.83068,300,5950.320148
-162.645046,300,5956.438838
-631.279627,72,5957.912482
-116.599691,300,5964.180647
-634.229782,109,5967.585915
-97.565655,300,5973.683053
-127.755306,300,5979.834368
-120.139009,300,5986.036098
-667.780013,300,5992.650792
-165.72836,300,5998.668857
-144.039708,300,6004.731805
-296.800881,300,6013.551633
-637.402697,78,6015.136692
-131.454326,300,6021.134305
-605.217206,32,6021.786449
-641.027817,103,6023.94005
-156.96171,300,6033.869514
-713.077931,300,6040.014208
-681.498147,208,6044.475278
-132.157641,300,6055.194873
-633.876052,93,6057.074359
-142.932327,300,6063.159973
-650.83561,125,6065.696302
-620.278356,49,6070.962715
-142.31459,300,6077.136306
-754.362409,235,6081.895311
-667.859978,174,6085.412703
-133.065683,300,6097.123526
-131.014365,300,6103.097099
-639.145413,86,6104.878343
-615.884108,48,6105.86656
-130.166334,300,6118.255074
-110.831477,300,6124.450514
-133.506603,300,6130.410788
-121.114205,300,6139.180707
-641.827945,101,6141.255001
-120.615765,300,6147.172176
-639.592937,102,6149.191309
-642.045708,96,6151.162135
-124.384657,300,6160.087302
-121.529896,300,6166.307483
-95.262422,300,6172.373704
-623.294127,70,6173.816863
-614.511796,36,6174.551661
-618.161613,40,6175.839156
-76.121911,300,6181.845824
-116.031471,300,6187.978056
-658.294531,181,6191.639926
-100.735403,300,6202.07493
-691.379408,208,6206.310097
-656.050661,136,6209.047739
-660.363858,128,6211.696247
-657.918494,140,6214.567865
-938.38535,300,6223.228163
-137.478245,300,6229.365769
-112.679821,300,6235.482584
-125.036546,300,6244.285141
-119.340607,300,6250.54349
-132.735137,300,6256.720903
-638.138725,105,6261.589942
-613.547078,32,6262.248587
-124.751874,300,6268.349918
-167.491642,300,6274.543442
-664.115456,189,6278.384205
-135.090992,300,6286.561704
-123.297432,300,6292.580267
-99.822906,300,6298.684328
-632.658888,79,6300.28876
-127.54386,300,6307.438955
-340.114375,300,6314.043804
-756.951628,248,6319.278259
-138.173764,300,6329.188962
-661.195485,186,6333.019182
-121.864939,300,6339.107419
-621.655097,53,6340.178612
-634.912784,80,6345.740716
-151.386394,300,6351.95185
-98.526769,300,6358.047698
-672.296204,162,6361.468538
-627.154437,72,6362.998572
-623.206536,74,6366.904793
-646.244398,104,6369.013661
-609.614791,27,6369.566665
-619.727761,50,6370.571924
-112.048942,300,6377.027963
-92.89855,300,6383.155113
-116.083213,300,6392.888544
-126.729497,300,6399.056699
-671.340477,195,6403.137932
-132.079638,300,6414.272112
-533.780095,300,6420.258615
-121.526988,300,6426.405133
-120.92718,300,6435.216436
-647.27664,119,6437.602751
-682.405744,174,6441.259162
-655.829338,128,6443.901382
-666.296012,171,6447.429184
-624.315664,93,6452.155966
-615.671727,39,6452.951075
-614.957731,37,6453.6889
-99.337439,300,6459.730145
-147.370374,300,6465.916935
-619.701049,43,6466.887129
-93.487025,300,6477.461331
-109.036222,300,6483.541672
-162.565789,300,6489.692554
-618.131699,40,6493.152208
-140.122376,300,6499.058017
-124.434798,300,6505.347184
-151.403485,300,6511.523914
-132.967746,300,6519.349847
-137.993909,300,6525.413516
-98.080188,300,6531.762946
-89.134921,300,6540.20672
-151.398071,300,6546.254798
-641.917161,105,6548.33631
-670.454374,300,6554.32759
-618.677375,48,6555.826834
-119.908454,300,6561.984222
-619.730081,52,6563.052772
-667.198518,154,6566.234714
-113.588366,300,6572.583657
-696.004444,156,6575.652209
-117.545114,300,6582.092744
-618.951962,48,6583.077411
-629.384439,89,6584.873572
-605.703534,40,6585.690682
-117.354981,300,6591.824371
-152.853988,300,6603.180398
-131.885099,300,6609.258004
-613.60847,42,6610.10201
-610.533826,25,6610.619303
-616.818265,59,6611.835956
-140.070729,300,6623.995273
-114.219968,300,6630.230435
-145.696936,300,6636.511178
-136.968029,300,6645.230494
-105.713059,300,6651.357718
-609.41536,26,6651.892582
-668.63003,151,6655.011332
-734.027654,140,6657.864737
-118.918107,300,6666.426872
-620.0576,62,6667.704466
-97.982966,300,6673.717982
-751.280295,124,6676.257589
-673.208737,169,6679.742829
-139.865644,300,6687.486319
-156.414538,300,6693.429936
-639.725963,73,6694.911566
-610.077027,30,6695.522799
-149.249827,300,6701.645228
-611.524555,42,6703.050271
-99.042012,300,6709.12386
-111.497942,300,6715.201757
-653.182905,162,6718.391992
-112.76704,300,6728.58629
-623.726133,49,6729.601035
-632.117467,82,6731.287719
-623.686426,63,6732.586657
-675.450057,189,6736.516216
-131.934517,300,6742.687401
-101.186392,300,6749.720983
-253.321745,300,6756.097598
-122.447615,300,6762.32263
-115.60686,300,6771.20318
-132.219503,300,6777.361815
-115.837844,300,6783.627726
-147.282579,300,6792.390233
-611.050673,27,6792.93875
-726.641619,126,6795.560366
-669.023959,174,6799.090105
-651.196217,129,6801.783677
-129.690489,300,6813.110932
-683.471555,212,6817.686275
-546.705128,300,6823.955424
-93.156627,300,6834.398721
-677.861431,91,6836.275273
-157.566007,300,6842.395338
-146.495252,300,6848.679044
-129.60252,300,6855.70639
-614.7701,39,6856.505392
-613.522874,41,6857.335577
-147.897144,300,6863.464363
-647.169152,142,6866.384811
-120.273098,300,6876.863527
-629.077431,71,6878.292841
-128.832015,300,6884.396901
-224.378672,300,6890.401176
-619.326796,56,6892.715849
-622.988165,84,6894.475911
-316.999398,300,6900.631121
-639.890668,122,6903.125271
-124.444936,300,6909.289019
-624.791313,71,6910.767359
-129.758583,300,6918.906475
-719.615183,185,6922.650364
-193.338198,300,6928.622487
-86.878445,300,6939.873963
-493.676275,300,6946.222842
-663.633357,182,6949.889389
-613.771874,58,6956.264442
-114.357281,300,6962.574513
-195.224315,300,6968.922454
-665.582786,96,6970.976883
-614.232645,51,6971.98879
-113.222987,300,6982.616797
-608.146209,32,6983.266962
-105.281899,300,6989.508538
-140.679385,300,6995.231221
-707.372596,291,7003.224285
-130.567627,300,7009.346845
-106.517756,300,7015.45647
-140.031386,300,7024.399876
-265.147705,300,7030.073606
-623.831696,59,7031.272382
-610.317624,26,7031.804163
-130.443116,300,7037.852945
-132.272809,300,7044.879093
-656.403543,124,7047.378857
-675.286028,184,7051.131685
-711.296949,119,7053.573989
-81.522461,300,7065.988335
-103.097636,300,7072.439905
-657.274071,213,7076.983529
-783.740035,104,7079.100816
-129.054717,300,7087.560853
-659.14053,181,7091.221817
-108.62523,300,7097.013539
-98.885003,300,7108.380194
-139.956271,300,7114.482898
-128.258069,300,7120.729819
-618.464795,60,7121.932462
-699.496015,53,7124.416198
-687.502672,236,7129.278951
-730.066593,241,7134.206503
-642.224218,101,7136.203838
-81.493647,300,7142.488189
-619.71527,42,7143.330117
-615.951541,45,7144.246111
-147.42287,300,7150.613351
-662.011548,160,7153.84998
-130.568693,300,7159.997469
-918.193457,158,7168.686005
-118.992614,300,7174.849445
-119.492268,300,7181.152669
-639.414963,112,7188.995152
-80.553558,300,7195.23106
-678.037993,220,7199.855366
-706.67646,95,7201.793436
-708.483427,291,7207.885906
-668.086188,187,7211.764039
-98.230337,300,7217.500558
-262.368384,300,7223.679205
-614.660948,56,7229.819239
-137.31725,300,7235.946361
-617.637924,44,7236.848972
-613.150281,47,7237.804367
-620.852531,60,7239.029165
-664.104344,155,7242.159054
-649.77319,131,7244.849028
-160.365932,300,7255.844218
-622.435992,49,7256.840801
-744.917947,258,7262.0582
-111.480766,300,7268.046594
-620.542564,52,7269.104931
-703.358726,280,7276.35614
-121.770784,300,7282.706839
-658.34083,149,7285.80584
-652.209754,173,7289.335407
-83.378772,300,7298.14595
-115.388977,300,7304.300389
-618.889767,60,7305.5194
-97.183752,300,7311.613786
-242.916318,300,7319.537999
-135.298834,300,7325.576017
-112.246756,300,7331.836572
-614.063938,49,7332.844958
-103.932224,300,7340.331242
-91.961433,300,7346.399714
-137.001353,300,7352.304202
-683.021074,245,7360.062024
-127.751569,300,7365.895924
-117.804679,300,7371.917998
-703.252291,49,7372.925435
-131.572074,300,7381.745216
-127.099465,300,7387.925498
-116.059454,300,7393.961676
-89.325949,300,7402.799251
-667.54798,140,7405.627647
-109.662759,300,7411.340514
-102.695187,300,7423.227309
-608.789022,26,7423.750198
-97.360149,300,7429.903584
-151.012021,300,7435.882768
-617.225209,46,7436.811154
-109.736561,300,7443.955332
-99.833518,300,7450.034358
-108.984705,300,7455.790482
-140.149626,300,7464.421013
-626.968471,77,7466.003197
-619.076623,46,7466.945382
-608.658554,23,7467.408626
-89.509159,300,7473.606289
-1195.051163,244,7478.632323
-652.301693,126,7482.032295
-146.839227,300,7488.033255
-165.130479,300,7494.473006
-623.902823,74,7502.122073
-656.10623,139,7504.866577
-633.190041,123,7507.421373
-118.743039,300,7513.162506
-440.25513,300,7519.277447
-611.529428,36,7520.011624
-137.926807,300,7527.360476
-660.345024,120,7529.787566
-686.586791,152,7532.69453
-608.511989,23,7533.169453
-636.790173,91,7535.034092
-123.779404,300,7541.205545
-616.476072,47,7543.040004
-118.484768,300,7549.049268
-122.775948,300,7555.362659
-811.540769,99,7557.247294
-654.808551,168,7560.645656
-632.557624,102,7562.713552
-129.640956,300,7569.243167
-688.604011,223,7573.804731
-109.734898,300,7579.877647
-634.428059,76,7581.404408
-159.067695,300,7589.573007
-155.195988,300,7595.637416
-639.448317,112,7597.886134
-769.986994,153,7601.052488
-681.037361,81,7602.709695
-633.50181,85,7606.089082
-639.611143,88,7607.895575
-171.690493,300,7613.992792
-635.982592,135,7616.686371
-148.044567,300,7622.711041
-626.857387,59,7623.906579
-132.312906,300,7631.102205
-135.863521,300,7637.156586
-706.562384,211,7641.499286
-639.692945,110,7648.135724
-153.609887,300,7654.123055
-87.960046,300,7660.311733
-102.211393,300,7666.301905
-116.07451,300,7672.718325
-118.847364,300,7678.34707
-661.113657,143,7681.177847
-628.506005,80,7682.805178
-607.86912,29,7683.392037
-658.187979,128,7685.958874
-100.455688,300,7693.09253
-615.659849,48,7694.077876
-651.606001,109,7696.269888
-641.479605,106,7698.394426
-621.98949,64,7699.672194
-111.771683,300,7704.835126
-663.703719,155,7710.099241
-84.819202,300,7716.1013
-100.780919,300,7722.19799
-621.942189,53,7728.200273
-105.052524,300,7733.750035
-128.697885,300,7739.915774
-157.333192,300,7746.052313
-93.486218,300,7753.427165
-612.788022,33,7754.09925
-840.788746,120,7756.556398
-98.733787,300,7762.604161
-156.542444,300,7774.513822
-136.357519,300,7780.877715
-104.676029,300,7787.030405
-669.067414,222,7794.413875
-121.967474,300,7800.534759
-619.282537,55,7801.655858
-634.154653,85,7803.408426
-618.048909,58,7804.589522
-677.702742,127,7807.191386
-622.497234,68,7812.262263
-128.936273,300,7818.360274
-85.491785,300,7824.442789
-644.042369,102,7826.526785
-107.311376,300,7837.918368
-95.67979,300,7844.122031
-667.826741,144,7847.026911
-638.38322,154,7850.098912
-629.333965,83,7851.764962
-614.764026,62,7853.996988
-126.43073,300,7860.078752
-642.865842,128,7862.664545
-1180.049905,173,7866.174987
-119.969667,300,7872.172127
-104.767989,300,7879.554773
-644.98683,113,7881.89551
-128.428286,300,7887.991781
-713.954024,186,7891.897638
-87.899059,300,7900.442827
-107.977124,300,7906.543049
-146.879537,300,7912.575108
-633.972976,67,7913.936568
-609.335666,31,7914.567422
-143.978456,300,7921.294556
-622.660825,88,7923.115031
-107.801249,300,7928.652019
-766.355651,260,7933.781878
-617.480281,53,7934.862992
-608.901406,23,7935.925566
-161.18813,300,7942.057785
-149.128233,300,7948.112744
-649.938893,151,7951.157986
-647.891909,138,7953.934463
-626.954053,62,7955.19157
-623.766315,86,7958.078792
-608.192392,32,7958.731438
-114.166962,300,7965.053985
-259.46962,300,7971.379315
-126.816151,300,7977.521173
-102.981382,300,7983.590957
-112.998082,300,7989.740135
-119.455902,300,7995.950006
-610.284837,27,7996.501909
-620.86169,88,8000.357852
-624.189078,82,8002.001848
-211.401337,300,8008.061759
-115.222662,300,8014.207755
-627.633829,73,8015.706175
-107.644533,300,8025.775486
-199.931369,300,8031.921728
-151.279741,300,8038.066877
-639.455091,89,8039.765856
-224.835329,300,8046.681266
-96.178264,300,8052.547189
-111.909861,300,8058.69867
-149.39239,300,8067.498232
-637.166059,38,8068.273871
-760.529216,189,8072.136118
-674.953119,167,8075.489449
-646.208288,151,8078.534924
-635.165729,78,8083.914384
-268.090042,300,8089.643703
-629.357205,64,8090.950157
-622.08577,69,8092.357591
-621.390486,120,8094.770881
-118.060309,300,8100.84417
-723.076544,255,8108.216618
-662.361286,167,8111.661717
-83.319254,300,8117.784652
-622.957658,55,8118.912656
-642.565359,131,8121.639856
-670.389672,35,8122.367164
-97.58441,300,8130.545352
-654.548157,202,8134.700566
-204.878599,300,8140.8798
-100.204545,300,8151.434101
-125.499719,300,8157.602277
-132.937209,300,8163.77886
-94.497639,300,8172.500767
-120.587854,300,8178.157618
-610.179008,25,8178.670811
-162.1408,300,8184.840833
-114.160812,300,8193.090541
-102.453465,300,8199.359151
-116.435141,300,8205.400899
-656.3702,139,8210.957268
-105.202146,300,8217.070696
-127.183444,300,8223.096083
-101.621524,300,8234.986283
-110.930911,300,8241.020365
-140.032735,300,8247.129049
-610.980865,42,8247.983369
-143.45655,300,8255.738495
-118.942992,300,8261.53958
-134.903986,300,8267.37324
-665.9123,174,8273.525639
-778.618876,83,8275.165181
-825.993312,151,8278.236939
-702.436984,117,8280.679373
-622.948581,74,8282.161309
-110.769939,300,8288.634802
-98.328882,300,8297.4201
-129.424629,300,8303.532856
-108.710966,300,8309.304484
-153.849718,300,8317.950322
-623.242256,82,8319.641636
-172.497761,300,8325.300236
-465.020501,300,8331.410899
-644.907717,114,8334.717534
-628.517849,64,8335.986441
-112.44826,300,8342.129611
-148.473781,300,8348.148912
-730.757411,125,8350.646747
-607.894185,38,8351.412915
-113.883992,300,8359.536762
-116.684557,300,8365.697503
-756.820453,74,8367.170553
-115.448398,300,8373.502801
-147.601529,300,8380.62439
-676.378835,55,8381.767675
-180.510128,300,8387.315653
-705.004282,277,8393.001832
-156.724558,300,8401.377149
-833.128962,79,8403.004747
-118.868355,300,8409.18421
-136.761666,300,8415.334331
-135.16934,300,8422.596975
-622.813653,49,8423.598023
-625.88282,58,8424.764664
-162.303697,300,8430.855878
-99.900357,300,8437.104826
-632.875137,88,8439.351482
-611.355517,34,8440.042653
-172.776119,300,8446.045115
-109.303593,300,8452.017048
-151.81412,300,8458.34435
-639.956468,91,8460.358854
-638.428432,125,8462.904162
-147.680104,300,8469.06461
-85.452228,300,8475.306691
-608.765731,23,8475.775002
-195.666668,300,8485.703918
-639.45865,35,8486.417379
-101.145737,300,8492.417642
-618.867856,67,8493.790981
-81.705633,300,8500.223249
-623.135761,65,8502.116567
-113.124889,300,8508.33418
-659.117346,178,8511.871788
-126.012877,300,8517.906218
-126.144033,300,8527.792745
-609.621947,33,8528.459532
-617.568106,63,8529.738683
-679.598917,198,8533.774149
-636.198847,82,8535.439105
-610.57534,42,8536.281226
-110.870916,300,8542.566709
-609.959765,35,8543.542225
-97.868941,300,8549.574057
-145.080477,300,8555.804808
-113.083486,300,8562.020745
-906.332296,214,8568.384762
-617.857966,60,8569.594082
-122.08035,300,8575.602663
-137.169491,300,8581.771163
-640.428264,107,8587.021132
-105.380428,300,8593.283861
-639.090444,88,8595.030589
-133.011377,300,8601.111395
-793.347393,94,8607.7589
-132.678629,300,8613.830199
-123.450112,300,8620.168299
-146.233718,300,8626.321789
-148.128881,300,8633.058234
-122.065615,300,8639.077888
-679.085878,233,8643.80779
-612.033582,28,8644.37444
-331.936463,300,8653.600895
-88.020522,300,8659.752369
-611.159276,27,8660.294593
-130.318299,300,8666.542481
-137.841448,300,8674.633924
-641.747828,128,8677.157227
-615.079589,47,8678.090622
-626.186913,102,8680.144036
-673.082504,47,8681.11287
-109.490801,300,8687.354941
-672.630018,78,8691.115264
-137.460587,300,8697.111001
-88.767694,300,8703.331901
-620.096952,75,8704.864703
-149.734126,300,8716.240794
-660.350311,157,8719.478512
-621.571103,58,8720.650446
-660.843633,191,8724.470848
-666.627883,61,8725.799385
-723.041474,154,8728.918515
-621.422839,60,8730.098165
-121.720983,300,8736.744659
-124.788076,300,8742.805401
-103.708726,300,8748.499171
-138.843854,300,8757.048299
-274.238909,300,8763.385915
-649.748137,152,8766.487671
-103.892019,300,8778.258385
-145.368643,300,8784.35731
-125.132831,300,8790.297479
-616.949977,46,8793.891096
-647.704682,114,8796.234587
-110.214663,300,8802.662544
-157.750438,300,8808.903713
-637.604224,29,8809.495398
-699.631856,232,8819.12884
-617.486401,53,8820.19361
-90.21323,300,8825.886942
-110.943785,300,8831.947611
-632.96897,87,8836.668739
-648.177202,108,8838.798938
-130.897343,300,8844.236713
-628.211072,84,8845.942824
-645.896808,124,8848.422837
-145.031638,300,8854.60994
-111.037355,300,8861.292933
-123.753814,300,8867.383686
-140.814761,300,8872.984569
-109.181965,300,8881.891499
-99.751549,300,8887.937072
-657.151594,24,8888.43387
-156.677248,300,8894.561278
-610.904513,28,8895.132532
-160.526636,300,8902.759661
-636.541341,88,8904.544313
-634.9838,93,8906.424084
-607.100473,25,8906.934042
-270.06117,300,8912.926339
-637.89693,95,8914.915084
-84.425147,300,8923.685209
-123.701713,300,8929.712026
-711.926224,177,8933.36158
-154.836519,300,8944.439311
-82.524285,300,8950.118708
-120.761617,300,8956.289896
-645.890745,117,8961.266042
-110.931282,300,8966.736907
-114.175602,300,8972.777322
-648.028347,112,8975.028184
-621.652492,56,8976.16233
-711.955551,263,8984.565803
-700.477017,256,8989.847323
-663.701512,67,8991.183781
-116.33852,300,8997.352353
-616.581157,58,8998.502727
-88.541256,300,9006.481678
-635.96223,89,9008.295254
-669.220003,179,9012.040637
-647.983754,119,9014.43636
-616.58585,47,9015.388955
-626.292062,89,9017.174151
-131.112054,300,9027.768375
-616.084249,49,9028.73983
-642.999095,129,9031.412014
-134.129854,300,9037.495726
-147.368422,300,9048.161578
-109.383685,300,9054.361826
-655.356932,117,9056.626401
-692.416414,234,9061.385117
-627.408827,92,9064.788499
-174.938527,300,9070.372494
-621.558753,51,9071.396862
-641.445407,106,9073.532435
-132.744478,300,9079.789681
-131.659233,300,9089.710745
-652.876948,156,9092.925953
-75.034944,300,9099.220516
-645.105075,155,9102.179447
-751.230607,264,9110.118504
-634.044044,70,9111.55059
-102.291695,300,9117.376507
-143.207889,300,9123.34768
-122.546149,300,9131.24981
-170.520306,300,9137.330006
-620.720859,55,9138.437359
-632.735069,88,9140.246469
-639.716065,99,9142.269537
-625.089675,56,9143.400152
-619.772385,68,9144.74703
-111.171831,300,9152.070147
-616.354807,47,9153.012484
-631.260934,67,9154.378176
-104.56175,300,9159.993249
-107.899482,300,9166.051217
-649.176309,108,9168.629716
-626.471925,81,9170.261678
-644.366214,122,9172.793162
-132.220159,300,9179.098178
-658.072641,140,9182.054412
-692.324734,255,9187.252548
-619.038297,42,9188.613951
-608.30312,38,9189.409717
-671.725187,153,9192.581961
-612.292243,56,9193.712636
-132.338276,300,9199.465903
-616.286545,47,9200.417558
-124.305696,300,9206.649631
-616.903548,35,9207.352608
-100.670216,300,9214.767807
-633.490648,93,9216.648318
-219.426416,300,9222.743811
-659.718547,19,9223.145163
-127.471839,300,9229.403251
-139.717864,300,9235.88906
-614.548811,62,9237.157548
-660.431164,170,9240.631583
-128.378693,300,9246.585447
-620.215797,42,9247.450151
-98.447687,300,9256.697021
-136.109751,300,9262.814648
-123.292475,300,9269.014044
-253.703334,300,9277.961578
-129.450885,300,9283.810787
-163.687011,300,9289.783456
-123.492247,300,9298.497223
-152.793882,300,9304.538077
-123.919847,300,9310.671506
-108.663475,300,9319.294612
-121.253199,300,9325.320787
-101.139563,300,9331.430886
-632.293469,23,9334.571612
-619.880884,46,9335.506918
-618.17888,41,9336.35026
-647.07081,114,9338.629519
-94.54204,300,9344.908768
-130.851398,300,9351.148888
-610.778974,40,9351.963846
-630.645342,68,9353.392273
-609.239237,30,9354.001262
-130.9265,300,9361.701486
-686.577551,208,9365.978818
-668.910712,83,9367.622443
-84.275147,300,9373.860622
-626.295649,79,9378.333038
-90.317835,300,9384.297858
-131.499001,300,9390.5501
-610.586387,31,9391.187051
-113.809379,300,9396.937155
-116.2612,300,9403.342663
-616.969631,58,9404.521619
-111.102373,300,9410.706747
-100.900531,300,9416.828054
-132.168857,300,9424.459889
-665.7936,107,9426.577766
-98.190423,300,9432.985174
-689.008281,226,9437.612515
-609.471926,25,9438.120429
-118.145075,300,9445.650056
-613.084737,31,9446.284074
-85.490632,300,9452.912364
-122.586142,300,9459.125252
-741.76501,206,9465.312798
-125.814845,300,9471.435819
-700.952254,286,9477.196338
-615.190647,51,9478.218962
-107.275365,300,9488.256901
-150.66019,300,9494.31354
-608.143695,31,9494.950754
-201.245915,300,9500.984328
-124.440448,300,9509.120676
-629.221405,73,9510.604759
-120.774909,300,9516.959893
-667.889674,225,9521.614293
-619.258999,48,9525.26085
-127.941948,300,9530.951909
-617.866315,62,9532.187949
-138.383687,300,9538.249503
-612.858363,33,9538.923485
-613.821021,33,9545.467619
-629.451459,84,9547.18023
-623.019192,68,9548.548117
-116.365287,300,9554.827503
-143.706969,300,9560.792812
-116.228478,300,9571.958599
-695.346806,249,9576.896508
-113.183616,300,9583.011034
-611.499807,30,9587.255956
-84.018201,300,9593.235604
-109.690082,300,9599.298001
-643.012607,97,9601.243873
-608.754489,30,9601.849662
-679.538772,221,9611.934385
-701.105056,200,9616.044193
-617.118937,37,9616.798577
-646.91941,67,9618.203582
-633.884644,98,9620.185807
-113.577835,300,9626.590048
-663.374003,178,9632.341475
-122.81945,300,9638.345402
-123.421892,300,9644.406677
-627.075243,82,9651.242692
-93.840617,300,9657.65857
-110.291313,300,9664.325198
-220.389874,300,9670.432162
-138.148568,300,9677.384096
-100.332411,300,9683.50613
-632.414139,88,9685.337905
-675.616707,202,9689.52029
-643.202252,92,9694.241227
-664.886068,167,9697.629579
-610.667185,34,9698.321153
-129.92819,300,9704.654877
-130.653571,300,9710.757076
-610.559014,32,9711.403284
-618.820376,53,9712.472798
-122.630072,300,9719.682842
-652.438695,104,9721.800695
-660.499738,71,9723.215669
-127.709401,300,9729.424011
-628.045176,91,9731.279398
-141.592181,300,9740.407962
-121.238643,300,9746.42053
-630.410055,62,9747.740852
-634.672991,70,9749.159392
-637.421928,119,9751.595807
-747.724666,282,9760.95169
-236.856785,300,9766.982133
-102.352528,300,9773.110792
-652.958372,125,9775.681763
-136.262156,300,9782.108808
-660.238252,216,9786.527923
-258.115689,300,9792.68723
-687.60692,161,9800.491391
-644.164386,132,9802.998521
-614.901296,63,9804.261002
-624.652496,77,9805.861029
-114.738527,300,9812.049061
-128.99727,300,9824.313069
-615.751452,43,9825.178838
-610.742964,55,9826.289839
-279.32749,300,9831.947726
-126.76735,300,9837.970207
-612.564545,40,9839.427594
-627.17649,54,9840.5369
-130.903528,300,9846.695669
-625.178577,59,9847.8899
-611.30527,40,9848.706755
-118.777868,300,9854.812287
-625.919898,91,9861.712142
-110.634846,300,9867.984097
-624.511374,76,9869.495404
-134.848662,300,9875.66726
-813.359127,135,9878.42235
-615.34792,34,9881.758922
-129.319927,300,9887.346275
-111.513974,300,9893.477873
-628.685259,64,9894.794249
-639.287593,54,9895.902356
-119.686449,300,9907.825315
-123.478147,300,9913.839622
-139.968454,300,9919.866355
-638.667972,94,9924.394505
-646.842942,110,9926.610679
-646.126701,131,9929.318472
-125.742903,300,9934.969075
-100.31103,300,9940.953473
-125.908821,300,9948.977103
-121.583903,300,9955.173763
-105.454032,300,9961.276439
-644.936959,50,9962.282705
-805.76281,48,9963.283326
-156.273483,300,9970.149992
-642.43548,129,9972.790257
-1044.066799,75,9974.272985
-687.444126,138,9977.146327
-610.668033,35,9977.853396
-667.832187,189,9981.695188
-861.142018,113,9984.06884
-148.289176,300,9990.870482
-264.998269,300,9996.765159
-617.905064,44,9997.653377
-608.394091,32,9998.297439
-136.134508,300,10004.133241
-621.233308,56,10006.39072
-115.042613,300,10012.153832
-635.1747,89,10013.985765
-633.034662,82,10015.695714
-660.563056,174,10019.27049
-123.531251,300,10025.334567
-423.323724,300,10032.182112
-416.422639,300,10038.400612
-642.443862,109,10040.691115
-635.616384,94,10042.615952
-615.14692,49,10043.611006
-129.837394,300,10053.351081
-653.359024,131,10056.010418
-116.489362,300,10062.110571
-662.919068,188,10065.861437
-640.75713,129,10070.738533
-371.479493,300,10076.866696
-138.829808,300,10083.019433
-626.225115,78,10091.007466
-124.816672,300,10096.798631
-630.512777,67,10098.141429
-125.340806,300,10104.29571
-626.159707,77,10105.857634
-100.933097,300,10116.390081
-108.725177,300,10122.442479
-635.689287,35,10123.171338
-643.832999,117,10125.531343
-110.944136,300,10137.056426
-625.300071,70,10138.481119
-614.59285,47,10139.434655
-652.448528,120,10141.861619
-619.092493,63,10143.113081
-124.324702,300,10149.176401
-649.683543,110,10151.395705
-802.383687,209,10156.118226
-100.912234,300,10162.466142
-616.789446,51,10163.505817
-147.535444,300,10169.566446
-629.649595,73,10171.066413
-94.636165,300,10179.183084
-628.24103,69,10180.635204
-113.718485,300,10186.847229
-92.104759,300,10192.529998
-614.666625,58,10194.955732
-621.019876,70,10196.378579
-663.61078,136,10199.143202
-98.913983,300,10205.295774
-615.175532,60,10206.509619
-110.7647,300,10212.660797
-89.215968,300,10221.362461
-135.205502,300,10227.429912
-613.592452,44,10228.332409
-647.455884,144,10231.31437
-645.292843,112,10238.579399
-142.789424,300,10244.847499
-119.058073,300,10251.030924
-131.928418,300,10256.822738
