# {"t_start": 1565275118.440173, "env_id": "highway-discrete-intrinsic-rew-v0"} 
r,l,t
-603.969229,32,2.451001
-546.502184,26,4.077458
-580.715584,15,4.538638
-436.621638,48,5.999618
-551.703102,30,6.90745
-249.406459,119,10.550574
-451.353001,35,11.609229
-533.275829,34,12.646339
-537.697561,38,13.807658
-471.832846,69,15.885818
-558.324727,33,16.896697
-558.374096,46,18.288977
-468.504161,49,19.773218
-371.791101,91,22.503883
-465.911188,82,24.971356
-519.622006,18,25.530874
-184.12024,105,28.732317
-427.006075,48,30.212138
-542.621755,23,30.911556
-508.031451,17,31.994261
-576.439041,38,33.148865
-588.164137,22,35.118847
-566.491658,37,36.236645
-588.558276,36,37.325827
-570.580822,63,39.241664
-595.436157,17,39.765032
-591.737036,18,40.314739
-555.212678,84,42.86793
-567.644162,58,44.626455
-586.706357,74,46.916522
-596.483906,22,47.599763
-591.236905,41,48.840692
-577.606688,35,49.897167
-523.786521,166,54.904742
-589.038655,36,55.991981
-589.905724,73,58.201498
-597.739035,36,59.287781
-522.176563,80,61.671578
-594.312949,46,63.727015
-605.913268,98,69.253974
-601.070435,57,70.974869
-592.004153,30,71.889756
-607.692838,28,72.744861
-596.248988,51,74.300043
-617.480124,254,82.353821
-601.621679,34,83.389045
-621.771893,115,86.909397
-602.760339,39,88.077747
-594.931543,41,89.328293
-600.909325,64,91.272755
-596.794688,33,92.26788
-589.61222,53,93.868253
-602.247503,96,96.77635
-600.140739,23,97.484278
-597.560959,29,98.760284
-611.764492,73,100.980571
-596.54946,44,102.306898
-596.874243,35,103.927131
-615.875872,89,106.603023
-254.914722,230,113.618324
-601.533814,37,114.746804
-632.018532,125,118.581562
-611.514672,42,119.849887
-626.250488,119,123.447826
-616.768177,74,125.679723
-600.763828,39,126.864027
-610.887663,58,128.60846
-603.099641,61,131.484082
-609.001904,72,133.662428
-612.462321,75,135.935672
-600.161266,21,136.582518
-618.892475,171,141.690185
-620.85009,78,144.063168
-613.890398,77,146.367456
-605.320489,60,148.172489
-638.769876,147,152.641584
-599.700839,89,155.921089
-604.969661,17,156.448228
-631.546529,108,159.762883
-602.237491,36,162.422921
-631.312851,181,167.98316
-638.094338,85,170.57372
-633.720559,87,173.188315
-604.943276,39,174.358867
-594.737289,58,176.0901
-651.218171,173,181.340625
-602.463488,37,182.463903
-599.341739,45,183.820225
-630.641519,109,187.140772
-600.521577,39,188.310495
-613.237463,55,189.983783
-604.598406,33,190.985109
-613.863802,46,192.369821
-599.077502,23,193.24821
-616.909362,68,195.305376
-613.184895,159,200.757694
-625.631607,91,203.517038
-606.731093,28,204.366284
-607.214206,36,205.444028
-613.691321,88,208.085768
-613.303128,35,209.161553
-598.466719,20,209.778794
-615.520465,41,211.012598
-608.034199,29,211.894946
-643.41695,118,215.510946
-615.227686,59,217.305593
-557.509425,107,220.578967
-602.80089,22,225.040514
-605.303562,39,226.2218
-619.304168,43,227.53276
-608.319654,44,228.873025
-607.399631,25,229.643101
-603.938131,28,230.492896
-627.445991,61,232.345658
-612.740208,27,233.746341
-114.199729,300,242.964798
-603.649366,23,243.663552
-606.480617,27,244.485141
-642.437197,100,247.487024
-635.352578,93,250.294619
-630.924837,105,253.439015
-621.160733,73,258.338084
-613.595957,32,259.31987
-620.399603,61,261.144235
-603.253401,39,262.32488
-607.477097,30,263.2351
-660.298688,200,269.268359
-613.780431,57,270.982838
-634.443637,105,274.147726
-625.625919,70,276.302839
-599.993715,25,277.070473
-600.152535,25,277.836407
-669.025891,161,282.836729
-634.054912,78,285.76814
-605.606844,45,287.132618
-616.76206,43,289.280776
-612.089748,42,290.560808
-605.312878,26,291.359969
-616.029372,57,293.075402
-612.744808,60,294.883547
-605.16853,31,295.822872
-614.516829,28,296.67647
-620.516798,80,299.120669
-603.935725,35,300.177258
-711.217213,250,307.834725
-637.034368,100,310.84125
-625.401068,82,313.318521
-659.666532,154,318.199629
-647.84029,157,324.12367
-695.038677,244,331.666992
-632.224833,91,334.439504
-603.395532,31,335.395665
-643.354152,94,338.836388
-617.892352,51,340.378131
-672.681324,200,346.484996
-644.003966,125,355.40628
-645.894671,91,358.185504
-614.937759,56,359.8873
-613.450842,39,361.074243
-604.472624,19,361.660409
-723.203367,275,369.94582
-602.670798,31,370.885195
-626.234248,57,372.603047
-619.408165,41,373.840602
-627.713861,55,375.49183
-632.401117,109,378.796265
-610.915516,65,380.750592
-612.222904,39,381.936101
-677.825318,206,389.009709
-621.197253,64,390.939419
-641.2007,102,394.040486
-123.825966,300,403.749367
-134.977949,300,412.773284
-678.915128,172,419.673943
-721.317452,266,427.859723
-634.817975,91,430.602565
-610.444969,37,431.737406
-115.028658,300,440.804551
-631.887081,64,442.756386
-641.583877,80,445.179894
-631.761907,93,448.559404
-643.649717,95,451.46057
-637.077846,123,455.192559
-675.342832,177,460.548058
-609.297642,42,461.854836
-680.591457,205,468.261806
-639.918989,78,470.610202
-613.495609,35,471.667279
-640.644286,96,480.020087
-607.423152,32,480.996241
-698.734955,266,489.332324
-602.571915,48,490.80331
-671.902264,180,496.251935
-657.292287,96,499.157373
-691.638249,196,505.017184
-615.861129,57,506.751833
-612.193114,42,508.020394
-617.688703,45,509.853138
-694.539832,276,518.216098
-698.081733,261,526.212024
-701.695916,297,535.397045
-625.077996,46,536.804481
-612.838039,41,541.211617
-644.03336,86,543.800991
-614.353642,24,544.533366
-604.058372,24,545.282739
-621.053434,57,547.003509
-670.494061,146,551.401074
-620.817176,37,552.515651
-634.031077,74,555.298862
-657.722441,98,558.247531
-631.495274,64,560.17613
-616.18288,54,561.799684
-666.221769,159,566.582443
-638.896266,79,568.987048
-607.746218,21,572.227347
-629.561154,71,574.36249
-684.059496,190,580.106755
-659.164558,108,583.382733
-694.111338,166,588.399693
-623.892141,46,589.782605
-602.800439,21,590.42139
-654.356907,153,595.10482
-626.362885,50,596.605268
-616.206399,51,598.142964
-604.686287,30,599.051223
-611.808014,23,599.768903
-646.657573,87,602.344515
-665.62982,131,607.205924
-626.459522,51,608.743862
-621.029916,66,610.742774
-652.965181,106,613.883997
-698.251361,190,619.610423
-670.261691,172,624.887537
-616.900733,52,626.450263
-618.244528,43,627.749599
-639.660742,91,630.52247
-611.81258,36,631.617537
-610.220587,23,632.333995
-669.372803,137,638.515776
-650.034666,115,641.97523
-623.345888,50,643.4981
-618.769639,57,645.252266
-146.308824,300,654.504419
-638.350306,75,656.806237
-625.100369,89,659.4783
-637.754088,89,662.163542
-643.868606,106,665.937049
-662.778331,121,669.911337
-668.627979,107,673.141155
-127.94297,300,682.3487
-710.130408,230,689.338231
-626.391863,65,691.292839
-615.56996,26,692.086365
-627.691951,70,694.208593
-650.368805,105,697.355073
-655.788805,115,700.90486
-616.006757,37,702.022728
-611.361303,42,703.28185
-688.050352,188,709.031511
-618.008848,33,710.035275
-617.099169,52,711.601403
-679.807696,165,716.569653
-602.560072,23,717.277281
-618.992108,61,719.124991
-129.828829,300,728.097417
-709.558502,283,737.250991
-604.565671,24,737.983291
-626.991241,72,740.169174
-695.510469,206,746.515627
-698.656087,230,753.50305
-692.642494,188,765.642216
-622.162176,44,766.996075
-607.373746,30,767.909081
-652.383644,139,772.22261
-645.167124,107,775.417174
-647.614673,120,779.039356
-121.300027,300,788.330729
-614.428616,32,789.294039
-614.40322,47,790.706491
-640.158848,99,794.29974
-678.741903,211,800.692393
-708.731892,282,809.216556
-622.325314,55,810.86128
-632.744743,70,812.97859
-621.863202,50,815.071059
-610.988415,45,824.332674
-614.518186,32,825.297807
-622.330014,53,826.890562
-721.334948,255,834.492841
-639.582303,95,837.374932
-136.567779,300,846.513897
-609.151741,39,847.702738
-621.514063,46,849.098416
-647.241627,71,856.181741
-633.091427,74,858.403231
-668.060956,141,862.649434
-119.363485,300,871.701755
-664.584827,119,875.32051
-620.254988,40,876.545577
-649.405471,107,879.739671
-612.196416,57,881.448792
-93.893528,300,894.368697
-613.158645,40,895.577516
-627.107721,50,897.644527
-630.990141,74,899.865891
-635.308375,65,901.82398
-628.363682,82,904.299255
-143.551695,300,913.606623
-633.071103,119,920.819895
-703.297552,216,927.33204
-671.921794,197,933.285725
-144.016369,300,942.637333
-633.149958,93,945.431684
-628.487476,66,950.577617
-127.209537,300,959.517681
-624.430898,58,961.315364
-617.442205,38,962.466511
-677.361282,189,968.215771
-610.886939,45,969.563873
-630.276572,85,972.103711
-647.48605,91,974.854721
-643.566918,102,977.951902
-606.30955,29,979.404684
-615.631777,33,981.164728
-617.680537,27,981.993501
-605.984957,41,983.23474
-613.71329,31,984.169288
-622.016404,56,985.853686
-706.239473,275,994.209311
-141.014741,300,1003.401435
-622.95364,64,1013.432321
-115.824428,300,1022.187007
-605.742139,42,1023.450978
-141.13173,300,1032.475477
-136.354144,300,1041.554532
-673.950941,142,1046.509998
-659.90302,134,1050.533853
-648.109015,104,1053.674932
-670.175624,163,1058.510897
-662.801668,123,1062.254106
-613.548403,51,1063.843632
-152.619494,300,1073.404108
-619.127904,69,1075.820426
-680.700413,175,1081.151531
-663.782888,121,1084.831636
-617.473128,44,1086.163009
-125.117963,300,1095.348793
-123.979607,300,1104.561615
-698.5628,238,1112.411365
-123.388016,300,1121.627253
-637.509818,91,1124.396268
-611.9273,23,1125.103911
-127.967223,300,1134.444847
-628.356927,49,1135.930515
-643.571147,94,1139.620762
-666.61995,150,1144.163486
-133.872462,300,1153.197765
-630.77561,57,1154.942847
-660.889226,137,1159.20607
-632.927118,51,1160.740805
-696.068164,231,1168.446512
-632.072612,56,1170.412277
-684.81412,215,1176.963261
-662.621335,127,1180.926308
-650.301448,92,1183.747524
-661.947154,176,1189.105113
-142.125009,300,1198.358737
-620.207355,50,1201.741529
-644.592044,130,1205.640919
-656.099388,109,1208.95957
-619.700515,34,1209.984261
-682.831499,194,1215.947712
-625.930714,53,1217.555822
-629.753169,48,1219.022302
-143.691682,300,1228.094412
-704.472138,227,1238.249788
-662.641214,116,1241.731023
-668.780426,176,1247.168481
-674.795174,144,1251.568416
-621.709236,42,1253.403815
-603.165708,20,1254.0151
-645.921503,128,1258.010116
-626.51912,59,1259.778569
-147.647397,300,1272.345294
-611.416763,26,1273.141139
-633.423334,73,1275.333542
-617.087752,33,1276.344281
-660.429373,166,1281.354834
-637.626526,81,1283.810297
-671.323497,144,1288.239755
-618.400778,35,1295.582769
-133.906834,300,1304.563498
-637.273895,91,1307.357936
-149.836959,300,1316.352285
-644.581666,96,1319.273051
-622.0672,47,1320.698406
-632.656794,91,1328.423121
-671.068798,154,1333.186692
-658.764187,149,1338.282273
-726.612046,274,1346.687707
-603.174191,22,1347.361951
-624.057376,59,1349.135475
-713.498196,236,1356.233537
-686.235917,176,1362.779097
-639.369006,92,1365.616346
-709.269362,214,1372.02813
-664.764386,141,1376.31219
-670.660499,161,1381.168928
-634.297681,78,1390.842254
-147.198299,300,1400.133869
-154.516355,300,1409.23397
-676.325507,162,1414.081433
-679.00246,157,1418.815738
-659.292027,120,1423.341169
-678.458513,167,1428.349145
-137.350332,300,1437.627955
-615.481818,40,1438.835011
-649.567215,94,1442.247725
-639.691332,69,1444.32792
-705.35962,227,1458.674358
-150.484546,300,1467.78684
-128.02795,300,1476.976369
-621.257574,45,1478.337491
-636.551519,117,1481.947013
-136.049994,300,1492.087399
-645.531039,99,1495.088171
-151.720692,300,1504.470308
-717.275106,251,1512.142347
-618.370471,34,1515.563951
-145.842378,300,1524.683286
-618.07471,55,1526.359208
-630.777804,89,1529.04521
-138.295978,300,1538.291845
-646.18167,93,1548.664376
-628.044932,57,1550.40011
-617.295082,56,1552.093722
-622.018133,50,1554.177156
-162.146712,300,1563.348186
-118.156046,300,1572.365445
-650.664561,97,1575.321642
-628.360358,64,1579.491365
-625.521246,55,1581.151646
-644.354282,82,1583.659594
-128.013066,300,1592.704572
-669.403572,138,1596.850284
-642.997115,67,1598.878272
-154.235586,300,1607.969305
-145.155289,300,1617.625081
-126.611395,300,1626.698474
-619.439918,40,1627.931041
-610.896368,32,1628.899072
-711.966292,258,1636.820091
-687.901213,174,1644.90209
-658.96697,105,1648.079531
-633.252279,71,1650.232591
-650.180447,116,1654.308638
-707.247258,203,1660.431406
-676.85726,133,1664.490826
-608.872289,36,1672.480927
-143.958677,300,1681.666699
-131.308417,300,1690.735456
-657.596284,118,1694.303448
-129.374571,300,1711.686351
-708.291643,201,1717.798548
-614.524357,35,1718.861413
-728.978597,246,1726.132483
-655.471069,132,1730.125523
-629.568301,52,1735.077164
-624.703532,92,1737.939359
-150.528636,300,1747.18613
-638.950269,80,1749.613403
-741.354123,290,1758.351721
-666.008937,171,1763.532495
-157.010733,300,1773.845398
-144.278765,300,1783.391913
-137.040921,300,1792.667331
-607.726293,30,1793.578459
-123.05938,300,1805.708467
-126.264154,300,1814.759735
-665.037685,170,1819.923245
-126.08747,300,1837.183289
-627.443853,80,1839.609753
-619.341102,59,1841.402544
-135.573691,300,1850.499194
-126.894089,300,1868.762513
-641.57956,100,1871.742105
-606.345181,19,1872.329334
-615.425628,22,1873.002723
-651.138973,98,1875.961144
-709.095394,259,1883.529387
-684.152395,187,1896.355999
-132.325837,300,1905.137405
-126.053617,300,1914.159362
-124.408542,300,1930.942983
-608.994742,44,1932.308317
-153.839374,300,1941.395919
-702.451801,193,1946.848805
-626.275672,90,1949.561439
-136.518135,300,1961.637713
-122.34924,300,1970.681092
-661.421761,119,1974.223612
-148.262612,300,1983.467765
-142.093139,300,1992.859488
-140.793283,300,2002.075656
-628.820812,60,2003.900239
-624.264216,61,2005.740317
-139.554859,300,2014.92401
-140.825669,300,2024.308141
-130.768982,300,2033.631729
-662.110688,118,2037.170591
-711.269837,269,2045.370661
-701.973581,225,2053.571487
-135.779356,300,2062.921093
-129.833307,300,2072.087553
-631.031019,107,2075.317195
-164.627979,300,2087.353226
-659.436895,126,2091.122067
-137.383479,300,2100.149287
-716.418434,211,2115.937724
-131.881317,300,2125.09258
-617.614319,42,2126.361562
-140.198339,300,2135.377791
-648.080647,121,2139.04808
-625.503299,55,2142.34446
-667.075055,170,2147.464321
-148.153904,300,2156.632579
-617.425026,51,2158.178014
-139.416476,300,2167.33255
-611.339065,32,2168.304256
-713.40001,221,2178.569713
-737.413246,296,2187.667114
-653.732351,102,2191.323036
-113.509113,300,2200.190871
-141.303824,300,2212.61881
-615.359185,62,2214.488287
-643.188438,107,2217.73434
-612.458856,41,2218.973524
-134.702486,300,2228.237944
-142.1812,300,2244.007921
-147.030134,300,2253.063721
-133.415393,300,2262.255736
-625.672178,41,2267.359501
-626.817152,63,2269.252879
-140.209675,300,2278.265593
-146.509969,300,2287.321039
-131.977436,300,2296.203146
-603.349372,20,2297.549848
-721.815682,280,2305.902318
-153.580876,300,2315.095623
-143.22021,300,2324.072137
-144.919179,300,2337.574908
-149.245038,300,2346.5466
-136.890047,300,2355.63085
-648.314824,98,2358.587466
-610.304089,46,2360.892617
-673.853644,181,2366.356308
-674.516658,170,2371.48544
-144.711048,300,2380.555421
-141.841416,300,2389.858267
-623.890054,88,2393.426401
-135.636733,300,2402.564078
-701.473267,197,2408.560105
-147.850954,300,2417.657716
-630.814733,76,2419.934656
-152.746231,300,2431.094619
-126.68096,300,2440.11096
-154.538783,300,2449.251214
-141.769337,300,2462.301914
-136.48985,300,2471.217272
-143.288283,300,2480.979524
-696.879883,160,2489.690869
-133.645565,300,2498.966862
-121.724912,300,2508.231113
-612.728722,39,2509.410142
-635.97703,79,2511.76617
-158.132069,300,2525.388735
-614.738238,47,2526.805609
-733.964683,275,2535.092044
-141.570474,300,2544.313254
-629.828744,76,2549.813963
-636.010347,68,2551.877753
-698.710114,230,2558.819212
-645.133959,80,2561.207152
-705.337204,219,2567.924534
-135.382016,300,2577.236685
-137.187434,300,2587.942171
-125.122293,300,2597.147938
-654.767147,157,2601.906755
-629.861514,46,2603.870057
-123.819963,300,2619.717328
-630.109352,102,2622.830091
-624.390582,66,2624.8388
-676.767599,161,2629.819392
-646.265313,90,2632.530381
-129.544046,300,2641.780785
-162.574526,300,2651.334886
-129.575722,300,2660.67695
-137.532397,300,2669.828691
-621.09463,38,2674.847991
-139.044533,300,2684.027085
-621.218737,38,2685.191455
-134.244189,300,2694.329598
-732.289273,288,2703.209909
-609.862695,20,2703.832605
-133.035914,300,2714.233576
-623.783868,59,2716.035196
-158.447684,300,2725.158441
-611.832144,18,2726.285691
-682.839935,169,2731.430607
-606.151363,22,2732.109371
-621.326324,41,2733.360592
-624.643293,48,2734.806594
-158.200992,300,2745.98775
-148.591528,300,2754.885219
-161.239379,300,2764.063286
-615.705022,51,2765.603804
-137.361257,300,2777.114633
-154.935681,300,2786.178802
-129.303035,300,2795.479474
-619.693012,57,2797.236342
-603.722261,12,2799.751874
-132.244608,300,2808.883392
-625.338599,51,2810.414008
-151.30918,300,2819.68923
-130.805296,300,2828.762211
-614.729758,40,2831.953479
-134.813498,300,2842.048367
-118.172042,300,2851.302227
-670.661277,152,2855.893584
-628.901217,47,2857.316572
-123.743602,300,2871.839837
-139.048093,300,2881.198102
-656.286439,121,2884.845971
-142.292547,300,2893.881918
-138.212016,300,2903.232915
-615.398553,32,2904.211919
-143.395636,300,2913.494701
-153.581829,300,2922.621745
-127.215267,300,2934.618138
-683.167583,228,2941.25243
-653.714146,106,2944.374674
-130.728217,300,2953.521893
-623.808837,66,2958.366252
-633.137439,67,2960.388685
-618.979289,55,2962.060706
-153.944423,300,2971.726705
-135.135392,300,2981.015818
-643.594046,122,2991.964238
-742.13217,293,3000.885764
-710.153579,252,3008.462044
-155.036572,300,3017.682897
-618.506848,50,3019.219868
-165.31001,300,3028.788827
-143.403945,300,3037.901628
-649.126896,133,3042.036994
-135.702101,300,3060.152056
-139.345858,300,3069.16022
-649.889761,129,3073.063832
-658.305612,131,3086.504099
-663.249047,122,3090.231193
-139.223275,300,3099.322252
-677.518471,156,3104.083982
-631.105451,65,3106.065531
-645.82984,106,3109.213089
-633.475698,87,3112.365947
-133.288705,300,3123.35946
-614.63119,31,3124.309968
-146.407797,300,3133.435237
-606.065313,31,3134.380206
-685.038859,171,3139.514258
-125.505161,300,3154.590687
-630.896501,76,3156.865413
-681.658285,219,3163.424842
-616.780541,44,3164.745089
-133.774479,300,3173.885804
-623.020007,79,3178.983867
-154.139282,300,3188.224464
-636.335128,75,3190.50416
-143.553881,300,3199.688721
-140.66021,300,3216.649379
-138.638553,300,3225.912744
-143.259438,300,3235.05425
-644.213552,106,3242.13262
-144.880034,300,3251.874715
-155.328411,300,3261.113863
-625.586319,61,3262.949292
-629.947304,77,3265.314279
-129.928768,300,3280.054923
-631.512344,84,3282.616348
-159.691388,300,3291.97101
-137.946493,300,3301.213597
-131.082658,300,3311.87929
-617.051906,52,3313.447487
-122.327681,300,3322.675998
-139.739144,300,3331.862339
-644.076533,82,3336.638501
-661.557947,125,3340.393769
-115.108874,300,3349.514907
-629.107861,53,3351.111242
-615.946423,27,3351.942483
-628.129092,77,3354.279062
-158.971179,300,3363.325981
-627.708181,56,3365.581825
-612.403105,27,3366.668434
-611.446797,27,3367.49501
-613.943397,30,3368.414722
-134.885232,300,3377.57962
-141.93791,300,3386.637336
-655.62767,123,3390.35485
-629.910711,80,3392.757856
-650.680766,100,3395.794264
-612.207681,30,3396.72222
-683.546196,195,3403.008839
-133.977348,300,3412.149038
-640.321468,91,3414.880071
-164.45432,300,3424.116561
-619.848264,49,3429.886214
-151.904553,300,3439.255049
-119.135046,300,3448.39168
-139.494849,300,3457.53512
-155.362304,300,3468.903686
-144.301395,300,3478.600757
-734.284487,264,3486.811283
-118.015967,300,3501.033743
-128.432015,300,3510.277079
-165.803298,300,3519.370914
-141.206343,300,3532.413317
-648.568404,92,3535.178265
-138.739526,300,3544.582121
-683.870184,161,3549.422008
-636.057438,68,3551.466251
-140.230104,300,3563.774287
-692.972718,208,3570.265497
-718.194983,275,3578.649069
-623.517387,54,3580.285427
-666.096124,144,3590.597441
-153.053731,300,3599.662759
-139.508845,300,3608.870867
-644.472136,101,3611.926869
-665.96067,140,3621.752165
-693.169754,195,3628.160461
-717.289727,228,3635.019781
-133.11153,300,3643.907928
-639.081667,89,3646.649121
-653.376459,103,3651.988809
-694.14575,184,3657.597978
-126.367758,300,3666.647274
-144.061285,300,3675.830145
-129.386266,300,3689.098117
-116.782435,300,3698.136958
-624.970921,59,3699.934091
-718.368298,266,3707.92386
-146.428455,300,3720.483486
-143.402425,300,3729.603555
-126.715877,300,3738.897547
-667.826737,180,3748.223293
-154.240461,300,3757.600366
-625.185397,72,3759.778559
-135.732553,300,3768.89511
-659.911873,120,3778.468766
-159.149323,300,3787.391396
-147.653717,300,3796.467381
-152.27252,300,3805.712278
-138.538317,300,3815.218339
-652.601345,115,3818.689667
-645.683535,91,3821.423283
-695.54829,231,3828.378547
-138.453713,300,3846.475204
-657.485533,122,3850.153752
-110.061721,300,3859.375945
-625.818608,51,3860.929059
-619.313333,43,3869.977283
-640.050861,81,3872.456337
-114.120336,300,3881.512782
-119.06917,300,3890.547318
-130.913503,300,3899.557396
-135.1314,300,3908.701527
-671.638554,175,3913.99175
-132.955576,300,3923.604122
-621.869922,67,3933.314498
-123.549238,300,3942.366649
-721.114616,270,3950.550524
-141.286993,300,3959.919032
-162.434898,300,3971.89054
-121.566481,300,3980.91205
-138.708142,300,3990.031612
-616.917293,35,3991.103441
-126.008629,300,4003.101009
-711.907478,225,4009.817566
-128.89591,300,4018.740528
-623.349496,53,4020.340725
-627.61141,51,4021.887007
-152.142551,300,4034.038867
-139.510472,300,4043.165185
-152.728612,300,4052.364452
-145.20457,300,4065.266721
-649.232672,115,4068.803222
-630.496096,69,4071.453172
-133.505266,300,4080.603783
-695.569034,200,4086.669229
-144.881342,300,4097.196971
-723.311372,261,4105.150353
-655.391385,122,4108.854832
-693.71498,220,4115.460473
-130.640024,300,4128.607317
-693.339854,230,4135.534246
-621.448031,36,4136.621627
-130.885001,300,4145.939406
-645.086277,80,4153.185038
-123.055019,300,4162.222152
-617.827664,29,4163.10111
-130.255671,300,4172.199496
-617.479144,33,4173.199114
-645.108727,99,4184.866898
-136.834116,300,4193.915138
-108.118588,300,4203.097308
-151.403413,300,4212.973297
-153.382783,300,4223.004112
-124.696779,300,4232.069829
-739.373683,292,4240.867669
-635.580521,91,4243.614093
-146.285252,300,4254.309272
-608.907145,41,4255.552665
-140.139976,300,4264.922011
-122.931014,300,4274.161016
-671.60078,224,4283.50341
-617.925801,60,4285.328958
-140.009023,300,4294.375004
-661.383335,133,4298.440945
-145.34507,300,4307.590047
-140.228024,300,4317.201141
-124.986476,300,4326.288924
-131.788038,300,4334.764886
-647.742015,117,4338.287422
-604.218828,31,4339.587685
-126.54948,300,4349.190017
-624.428203,45,4350.554237
-147.154504,300,4359.786171
-150.694947,300,4368.967815
-130.931104,300,4379.506985
-95.644053,300,4388.773324
-622.426712,49,4390.25219
-115.147301,300,4399.368839
-133.696089,300,4410.902329
-137.92535,300,4420.023004
-618.281028,39,4421.209454
-657.117675,134,4425.232363
-702.781913,214,4431.769308
-109.518079,300,4441.958673
-649.191335,91,4444.723446
-616.293751,37,4445.844186
-734.387228,261,4453.677864
-133.588783,300,4462.817453
-620.867731,74,4466.234523
-134.532031,300,4475.752346
-624.24033,43,4477.051727
-152.057962,300,4486.332632
-663.480179,153,4490.922646
-641.586102,75,4493.173613
-627.832506,65,4497.620555
-641.463875,83,4500.117231
-610.61166,50,4501.629842
-685.993487,173,4506.891038
-682.273786,183,4512.510907
-128.51499,300,4521.564783
-154.792821,300,4535.974314
-148.184349,300,4545.256285
-121.493809,300,4554.34077
-149.035423,300,4567.553761
-110.638701,300,4576.638952
-626.094012,68,4578.696708
-135.526327,300,4587.841311
-641.330429,104,4592.819906
-130.345154,300,4602.489017
-732.81259,293,4611.396194
-648.425754,95,4614.278639
-625.504054,55,4615.980895
-659.583831,102,4619.08876
-665.90853,135,4625.532072
-132.207606,300,4634.650286
-674.4935,198,4640.683084
-114.126688,300,4649.886193
-719.927374,269,4660.947822
-145.92302,300,4670.123702
-708.473955,230,4677.15952
-653.88916,105,4687.230026
-135.566925,300,4696.33191
-648.445826,84,4698.9025
-708.176216,201,4705.020953
-144.641357,300,4714.186559
-620.016397,34,4716.361223
-712.322323,201,4722.497305
-649.546341,100,4726.072018
-152.57258,300,4735.121358
-720.817623,271,4743.317133
-612.548151,20,4747.588442
-662.195638,144,4751.915613
-131.652642,300,4760.870109
-617.766991,32,4761.832561
-698.611242,257,4769.530276
-675.422713,203,4784.035886
-617.257469,27,4784.852692
-140.154055,300,4793.907352
-102.067259,300,4802.851864
-611.777132,20,4809.469013
-141.773189,300,4818.496317
-714.146971,287,4827.090668
-648.747616,101,4830.195715
-125.571582,300,4839.234987
-626.723644,70,4841.937213
-131.840426,300,4851.05564
-123.361114,300,4860.624258
-157.998862,300,4869.629696
-153.156213,300,4880.608236
-95.318797,300,4889.716384
-648.14771,138,4893.863595
-608.049779,31,4894.795665
-628.530125,57,4896.529505
-108.760854,300,4911.650788
-136.273511,300,4920.936908
-670.680438,215,4927.42679
-106.300286,300,4943.101862
-132.658743,300,4952.168159
-114.34392,300,4960.969257
-113.887032,300,4974.023517
-120.378754,300,4982.985546
-108.849145,300,4991.975136
-141.429947,300,5004.775203
-139.742451,300,5013.882797
-675.302227,210,5020.233028
-648.831417,111,5024.224634
-626.231805,55,5029.151789
-92.258545,300,5038.153204
-699.797086,262,5046.178497
-659.986978,143,5050.524508
-615.575327,71,5052.736741
-633.927283,94,5061.656667
-138.790217,300,5070.936354
-99.67176,300,5079.98569
-658.577661,131,5083.875087
-622.037765,46,5085.252774
-123.198872,300,5099.190093
-699.162237,225,5106.084302
-104.463247,300,5115.025341
-651.924833,124,5124.971106
-120.757549,300,5134.145641
-144.971842,300,5142.704808
-695.705396,235,5149.791258
-80.072758,300,5160.847952
-105.395971,300,5170.452612
-626.859151,58,5172.216668
-705.659009,203,5178.346549
-640.325438,113,5186.775897
-736.795656,287,5195.436362
-86.538498,300,5204.458941
-690.542765,259,5212.403965
-98.680769,300,5223.802322
-129.980773,300,5232.931008
-664.023705,224,5239.723401
-97.911238,300,5255.122549
-128.251451,300,5264.155242
-91.316197,300,5273.158396
-138.776239,300,5286.099697
-121.10989,300,5295.183226
-80.807612,300,5304.213759
-631.628582,106,5307.413601
-144.812533,300,5317.198416
-73.107308,300,5326.430407
-627.058785,85,5329.581698
-90.095239,300,5338.793986
-99.800043,300,5349.310378
-99.949783,300,5358.478723
-624.947789,84,5360.999425
-126.603335,300,5370.207881
-692.085858,250,5379.436146
-121.581056,300,5388.5857
-122.586448,300,5397.916869
-681.185289,129,5401.863974
-129.62525,300,5412.550926
-97.611779,300,5421.651659
-655.355627,189,5427.344559
-690.767172,180,5440.265491
-132.740283,300,5449.362559
-648.250761,91,5452.09334
-139.890895,300,5461.202701
-129.066987,300,5475.023968
-105.55291,300,5484.050439
-655.203831,174,5489.837747
-665.146602,144,5494.261756
-111.090379,300,5506.924759
-99.293899,300,5515.916232
-602.428306,18,5516.46556
-628.638773,75,5518.757389
-90.027784,300,5527.861
-81.94964,300,5537.789845
-92.946746,300,5547.066544
-672.270998,222,5553.674019
-622.282312,65,5555.670376
-608.41063,40,5561.215996
-101.803015,300,5570.314379
-105.295761,300,5579.311712
-622.753886,66,5581.320228
-641.541099,216,5587.886646
-666.507394,145,5595.581194
-86.59058,300,5604.785298
-85.922421,300,5613.954715
-638.389251,119,5618.091582
-92.694492,300,5632.264538
-104.105684,300,5641.515859
-609.955266,22,5642.189029
-102.933864,300,5651.510464
-655.328308,163,5659.554984
-103.266518,300,5668.815631
-104.80792,300,5677.906389
-635.736634,84,5680.44412
-649.044487,129,5684.395865
-106.850513,300,5694.936511
-97.552369,300,5704.021909
-80.220206,300,5713.091538
-94.188392,300,5726.064188
-114.981499,300,5735.148399
-118.140417,300,5744.136208
-118.299822,300,5757.107543
-56.878639,300,5766.259613
-111.633945,300,5775.282243
-634.44794,82,5782.231547
-107.739099,300,5791.263901
-125.853207,300,5800.106874
-130.359111,300,5809.473781
-633.513837,136,5814.975239
-92.322717,300,5824.1282
-98.489555,300,5833.199286
-139.969958,300,5851.087322
-95.206748,300,5860.152076
-640.334067,95,5863.016769
-677.841282,254,5870.85818
-630.677488,77,5875.563074
-111.124924,300,5884.700722
-629.619388,70,5886.792362
-92.37055,300,5895.905638
-653.699383,140,5908.923684
-98.421531,300,5917.880582
-688.273154,182,5923.444376
-642.438006,104,5926.550383
-683.546786,293,5936.343507
-83.843687,300,5945.618867
-112.228203,300,5954.736537
-635.434959,62,5956.600559
-688.474179,218,5963.277404
-633.030422,82,5970.186817
-661.67176,207,5976.413918
-98.054598,300,5985.532429
-672.542347,162,5990.457191
-644.21276,132,5994.492611
-131.389941,300,6008.113492
-97.589479,300,6017.134287
-102.240795,300,6026.301033
-89.659231,300,6039.203038
-91.272558,300,6048.157102
-98.100221,300,6057.230642
-629.444653,93,6060.036684
-672.215718,267,6069.171622
-696.220728,266,6076.93799
-96.452341,300,6086.527295
-625.229448,44,6093.549062
-115.976892,300,6102.779084
-102.297046,300,6111.67928
-637.710272,117,6115.180043
-649.704337,132,6119.1439
-612.286238,78,6121.473032
-82.512173,300,6132.72497
-76.882639,300,6141.821414
-81.650657,300,6150.933769
-619.524243,68,6153.024954
-100.214163,300,6163.8428
-100.855689,300,6173.088359
-89.112849,300,6182.451618
-94.297316,300,6195.32257
-641.668245,115,6198.758198
-103.040747,300,6208.048379
-84.966111,300,6217.158952
-78.574136,300,6226.580844
-106.446706,300,6236.260852
-126.678989,300,6245.378978
-679.62385,252,6256.940652
-673.338695,219,6263.505504
-113.408432,300,6272.592032
-662.835779,204,6278.741428
-85.204619,300,6289.44703
-103.663757,300,6298.620999
-118.254808,300,6307.556292
-103.898587,300,6320.640956
-85.692842,300,6329.709814
-128.779946,300,6338.709846
-87.005754,300,6351.566562
-612.295661,20,6352.184168
-71.381329,300,6361.411477
-94.44649,300,6370.454002
-610.748379,33,6374.741016
-105.767346,300,6383.73105
-84.822702,300,6392.719342
-84.245993,300,6402.581239
-92.112519,300,6414.498366
-85.459738,300,6423.555897
-90.394885,300,6432.704757
-108.852941,300,6445.544201
-98.214708,300,6454.443892
-88.800553,300,6463.599902
-101.762561,300,6476.573948
-120.688368,300,6485.687206
-627.002934,61,6487.514088
-662.240835,195,6493.392367
-694.276868,279,6506.987073
-97.699671,300,6516.245655
-682.445192,274,6524.585695
-134.865535,300,6538.785012
-104.506741,300,6547.971412
-105.129026,300,6557.008369
-81.373938,300,6569.990903
-108.328014,300,6579.14079
-125.887998,300,6588.8942
-105.29247,300,6601.805338
-69.964107,300,6610.784363
-632.055559,86,6613.418492
-80.503096,300,6622.422783
-655.838604,171,6628.890413
-79.629671,300,6638.09742
-697.182997,247,6645.607333
-658.273471,206,6651.748186
-614.836612,55,6653.393925
-639.612299,154,6659.671076
-112.07663,300,6668.773858
-112.925891,300,6677.915735
-632.50966,91,6688.912698
-93.810548,300,6698.220585
-89.824013,300,6707.342777
-119.593377,300,6716.575387
-112.716639,300,6726.831526
-634.614856,107,6730.09937
-665.992016,218,6737.256701
-93.522968,300,6746.313311
-124.637481,300,6758.414096
-109.639829,300,6767.447131
-111.11763,300,6776.774243
-649.631833,119,6784.130282
-97.687441,300,6793.232841
-688.332476,293,6802.269986
-94.13294,300,6811.547187
-138.202536,300,6820.982897
-83.917211,300,6830.113888
-98.296727,300,6839.236873
-106.692563,300,6852.068418
-654.186126,118,6855.609864
-616.670264,104,6858.70957
-635.981694,143,6863.009393
-83.94176,300,6871.982297
-78.883307,300,6882.97671
-73.293999,300,6892.080651
-106.10772,300,6901.798357
-132.081692,300,6914.617281
-84.749902,300,6923.649091
-96.246914,300,6932.680529
-99.532127,300,6945.711839
-73.59488,300,6954.801909
-73.421149,300,6963.693661
-86.488337,300,6976.678511
-104.688683,300,6985.817164
-129.7151,300,6994.931089
-644.956064,103,6997.9958
-94.365358,300,7008.075931
-99.062712,300,7017.01667
-108.703266,300,7026.135808
-79.90836,300,7038.826924
-116.653561,300,7047.76668
-92.746973,300,7056.837422
-72.541348,300,7069.557936
-85.863393,300,7078.638551
-82.781966,300,7088.177468
-72.459924,300,7101.034677
-129.295353,300,7110.070255
-83.07866,300,7119.455639
-81.105427,300,7132.544566
-77.582696,300,7141.928197
-87.547984,300,7151.05523
-91.466481,300,7164.11007
-647.894467,221,7170.912496
-103.612228,300,7179.973031
-614.791422,52,7181.519392
-627.327389,43,7187.535013
-101.316395,300,7196.671658
-78.480418,300,7206.162298
-87.242184,300,7215.120767
-73.656911,300,7226.742939
-85.231438,300,7235.791165
-80.330673,300,7244.913063
-75.479544,300,7257.859503
-81.202579,300,7267.600256
-92.724074,300,7276.645653
-75.797471,300,7289.889997
-88.27254,300,7299.139471
-102.934856,300,7308.124563
-79.800638,300,7321.144053
-83.049147,300,7330.23707
-87.527677,300,7339.409535
-87.463182,300,7352.227148
-79.568967,300,7361.189537
-81.46513,300,7370.206153
-661.072632,219,7380.817768
-94.388046,300,7389.767811
-78.937739,300,7398.810427
-614.187161,24,7399.541265
-89.039205,300,7414.190646
-112.349874,300,7423.239538
-703.553733,272,7431.537577
-93.546664,300,7445.319921
-76.120982,300,7454.930833
-82.75837,300,7464.149678
-67.581495,300,7477.166941
-85.763797,300,7486.482796
-85.601518,300,7495.556116
-625.496799,120,7499.16915
-603.180299,26,7500.218376
-102.918548,300,7509.712425
-100.121489,300,7518.964463
-631.468863,134,7522.955734
-79.268712,300,7540.039211
-88.360041,300,7549.101308
-75.507545,300,7558.085285
-100.957563,300,7571.06932
-79.96472,300,7580.235099
-619.493515,62,7582.092803
-89.740194,300,7591.175996
-82.05506,300,7602.268571
-615.388319,58,7604.008457
-107.721452,300,7613.730585
-73.635042,300,7622.714406
-58.699109,300,7633.903573
-96.575606,300,7642.992159
-82.891634,300,7652.146188
-604.05278,26,7652.940851
-673.002193,257,7663.682524
-95.259831,300,7672.7764
-627.864774,121,7676.414924
-91.641532,300,7685.415868
-77.315817,300,7695.835884
-75.147349,300,7705.010951
-79.84183,300,7713.791906
-659.565733,223,7724.617572
-85.725152,300,7733.57376
-622.755841,97,7736.490543
-85.561812,300,7745.578936
-619.81246,90,7751.515546
-81.563982,300,7760.532064
-105.039777,300,7770.212752
-77.441244,300,7779.548904
-666.302232,148,7785.198363
-80.574702,300,7794.124942
-99.247113,300,7803.15861
-72.144045,300,7820.673389
-85.096042,300,7829.726685
-79.038272,300,7838.726119
-97.86408,300,7851.52239
-103.863654,300,7860.477275
-677.689285,276,7868.777795
-75.953231,300,7882.516325
-72.374186,300,7891.403361
-79.646673,300,7900.391013
-107.557992,300,7913.298791
-75.537189,300,7922.452611
-70.308731,300,7931.550183
-94.191723,300,7944.421246
-68.543491,300,7953.439884
-92.968,300,7963.111227
-73.700337,300,7976.272141
-75.390816,300,7985.209846
-86.985085,300,7994.269089
-68.828393,300,8007.088743
-70.032605,300,8016.144756
-71.092671,300,8025.235947
-79.225238,300,8038.241238
-74.895834,300,8047.432988
-83.072197,300,8056.529408
-77.36006,300,8069.525304
-75.982728,300,8078.699519
-88.684197,300,8087.861734
-85.954674,300,8100.850177
-89.299902,300,8109.989006
-80.717466,300,8119.022171
-89.586534,300,8131.853046
-608.085501,41,8133.096146
-80.136798,300,8142.067417
-78.262918,300,8151.646078
-74.829079,300,8163.409377
-77.313537,300,8172.41976
-662.722843,288,8181.070727
-69.897989,300,8194.326061
-102.652026,300,8203.622333
-624.610786,83,8206.138952
-648.429448,134,8210.17309
-630.522286,196,8216.186576
-79.744884,300,8225.935853
-609.070126,37,8227.059018
-74.535966,300,8236.105989
-92.858867,300,8245.317813
-634.681229,243,8255.385717
-611.355912,71,8257.509437
-91.560749,300,8266.482718
-77.23767,300,8275.539096
-644.461484,184,8284.765796
-70.943497,300,8293.805285
-609.32249,34,8295.413121
-83.976519,300,8304.634676
-66.311168,300,8320.296644
-83.823611,300,8329.263815
-85.848412,300,8338.264672
-90.0718,300,8351.203665
-65.345732,300,8360.412548
-77.454072,300,8369.524053
-120.509697,300,8382.397191
-78.947635,300,8391.575412
-111.925456,300,8400.735968
-60.41329,300,8413.647143
-112.189911,300,8422.770595
-76.689576,300,8431.87453
-628.39401,73,8434.149815
-66.047098,300,8444.729512
-91.785493,300,8453.690541
-644.894835,188,8459.34731
-95.074207,300,8475.576298
-83.370483,300,8485.324398
-108.129986,300,8494.396963
-86.698027,300,8507.319177
-86.65397,300,8516.259897
-89.761535,300,8525.34099
-66.671193,300,8538.289872
-665.910244,194,8544.297495
-75.197303,300,8553.296696
-82.669866,300,8569.608978
-73.331381,300,8578.786204
-74.992546,300,8587.986889
-92.882069,300,8600.937196
-74.297361,300,8610.120692
-90.161222,300,8619.259943
-641.99938,77,8621.587869
-68.930306,300,8632.214968
-93.615271,300,8641.174068
-87.21253,300,8650.302091
-87.04032,300,8663.232159
-112.829429,300,8672.941532
-98.342864,300,8682.060959
-89.360796,300,8694.854751
-80.796694,300,8704.02874
-69.039624,300,8713.375045
-104.796303,300,8726.237913
-82.629064,300,8735.35927
-82.953874,300,8744.535567
-81.53996,300,8757.552688
-101.000113,300,8766.604465
-86.220194,300,8775.520909
-74.551327,300,8788.483058
-94.161006,300,8797.557365
-107.521776,300,8806.526194
-607.341246,67,8812.414978
-623.759117,83,8814.95095
-107.788458,300,8823.9522
-83.589722,300,8833.045174
-648.502014,195,8838.767514
-85.502474,300,8850.960606
-81.309223,300,8859.966819
-111.637472,300,8869.030344
-609.376389,54,8870.676105
-104.961479,300,8882.018399
-82.476695,300,8891.084525
-84.269464,300,8900.075617
-95.113918,300,8913.268096
-662.306116,182,8918.75655
-647.848498,206,8924.953834
-79.657012,300,8934.056194
-80.978604,300,8944.29412
-63.187944,300,8953.433523
-86.459326,300,8962.561408
-65.132404,300,8975.596673
-47.992698,300,8984.850905
-82.086289,300,8994.139735
-76.869982,300,9007.064036
-80.362715,300,9016.014583
-72.20506,300,9025.77616
-603.159379,34,9026.817374
-89.66054,300,9038.853175
-56.499407,300,9047.778305
-646.195891,145,9052.146103
-611.115516,53,9062.400966
-66.405037,300,9071.369201
-639.105614,190,9077.151833
-58.476864,300,9086.210464
-60.901279,300,9100.792993
-59.101449,300,9109.812364
-73.975674,300,9119.044148
-63.811693,300,9132.028447
-91.325818,300,9141.027439
-77.920213,300,9150.042455
-654.175874,209,9160.455175
-75.283774,300,9169.515039
-55.009404,300,9178.778447
-64.560895,300,9194.468446
-58.41079,300,9204.164472
-74.791531,300,9213.386992
-66.136655,300,9226.337561
-81.352183,300,9235.308897
-69.415134,300,9244.461131
-89.777301,300,9257.524623
-71.565826,300,9266.738484
-70.772153,300,9275.760557
-57.273663,300,9288.763342
-83.624433,300,9297.939501
-74.743111,300,9306.894622
-87.021054,300,9319.840497
-68.749726,300,9328.796668
-81.976226,300,9337.801042
-77.686165,300,9350.564266
-609.976403,130,9354.491877
-89.080514,300,9363.598985
-66.848027,300,9381.808163
-663.303983,258,9389.697735
-71.026336,300,9399.363887
-622.979055,113,9402.764422
-76.405058,300,9413.467031
-676.669128,285,9422.022277
-43.943106,300,9431.096891
-77.568758,300,9444.451613
-605.049771,27,9445.262807
-52.582768,300,9454.275161
-618.27429,31,9455.209785
-75.114841,300,9464.46364
-81.968655,300,9475.647549
-90.244777,300,9484.880913
-52.174871,300,9493.912794
-66.329257,300,9506.978599
-77.031691,300,9516.115239
-55.633356,300,9525.260693
-51.933307,300,9538.098493
-79.813405,300,9547.099649
-92.088916,300,9556.061377
-60.553434,300,9569.597183
-83.028449,300,9578.542097
-106.150902,300,9587.740217
-621.631305,125,9595.38234
-53.709895,300,9604.388638
-59.510967,300,9613.616874
-71.462607,300,9632.006264
-69.42376,300,9641.210706
-60.493743,300,9650.461497
-65.766025,300,9663.326237
-86.6768,300,9672.596104
-71.618771,300,9681.956008
-87.962998,300,9695.110846
-84.160107,300,9704.421512
-70.16234,300,9713.485287
-100.003658,300,9726.601607
-91.887659,300,9735.720002
-74.317853,300,9744.907928
-619.669266,66,9746.907834
-69.011528,300,9758.410536
-87.761871,300,9767.648886
-76.663219,300,9776.744169
-59.72404,300,9789.68265
-79.063577,300,9798.825345
-74.590145,300,9807.629057
-74.34965,300,9820.501422
-59.523002,300,9829.395823
-81.271068,300,9838.342671
-81.322331,300,9851.431103
-81.689569,300,9860.472699
-76.760451,300,9869.52207
-69.960644,300,9882.417926
-91.209079,300,9891.545689
-654.222583,293,9900.337902
-60.32508,300,9913.51192
-648.701884,217,9920.108675
-62.1282,300,9929.135342
-622.058279,100,9938.650381
-56.340802,300,9948.388589
-663.771317,230,9955.408841
-57.824957,300,9964.462353
-65.170238,300,9976.467373
-61.188619,300,9985.633889
-79.386835,300,9994.62492
-50.705763,300,10007.499187
-71.221651,300,10016.116936
-76.820088,300,10025.107427
-76.949409,300,10037.945633
-87.68819,300,10047.149751
-84.869689,300,10056.237235
-622.867634,189,10065.780531
-681.871465,283,10074.352048
-82.074915,300,10083.441316
-620.626545,59,10092.974114
-111.746854,300,10102.152091
-612.572356,26,10102.965157
-77.01038,300,10112.021149
-73.497252,300,10121.795257
-61.236432,300,10132.25333
-650.761428,174,10137.471363
-625.170909,103,10140.602257
-46.389992,300,10149.655976
-67.788175,300,10163.119998
-56.541824,300,10172.157031
-66.61563,300,10181.105782
-68.405624,300,10194.171245
-60.448934,300,10203.428792
-45.76458,300,10212.666567
-63.086217,300,10225.456084
-630.783493,113,10228.830379
-57.687049,300,10237.918659
-45.131405,300,10246.903838
-60.936207,300,10256.536547
-74.97338,300,10265.315841
-51.438329,300,10274.265242
-69.69555,300,10287.160616
-613.993539,104,10290.902901
-50.659245,300,10300.044446
-85.825803,300,10309.06222
-55.900565,300,10318.943783
-56.262114,300,10327.961433
-65.708029,300,10336.962203
-79.578104,300,10349.837939
-47.980842,300,10358.98327
-91.781261,300,10368.047122
-70.872443,300,10381.203187
-65.766061,300,10390.274255
-616.364009,141,10394.517963
-626.053943,140,10398.724177
-42.730292,300,10412.244479
-603.595008,35,10413.295528
-635.011053,203,10419.380602
-84.478513,300,10428.540624
-73.975136,300,10443.214846
-55.957152,300,10452.463243
-90.280485,300,10462.096103
-634.055543,209,10472.515547
-62.260111,300,10481.682943
-53.970341,300,10490.820563
-65.261628,300,10506.593894
-71.094995,300,10515.728789
-67.101467,300,10524.86232
-613.630846,92,10531.536209
-70.603746,300,10540.492524
-606.067384,29,10541.376049
-60.858273,300,10550.492959
-70.532469,300,10559.512237
-49.511311,300,10569.053746
-61.802184,300,10578.303087
-71.812991,300,10587.577943
-51.611467,300,10600.475586
-77.711667,300,10609.550189
-58.452361,300,10618.529085
-626.218358,287,10631.104941
-614.963729,87,10634.281745
-57.478324,300,10643.544277
-52.73221,300,10652.657227
-50.481262,300,10663.290535
-48.283071,300,10672.561987
-74.265256,300,10681.892709
-68.894673,300,10694.817318
-643.612928,206,10701.324734
-63.96794,300,10710.495049
-55.228365,300,10726.228103
-73.015073,300,10735.550587
-53.465404,300,10744.627121
-53.577494,300,10757.788348
-73.790316,300,10767.001993
-634.431875,251,10774.487341
-70.393078,300,10788.941447
-98.231894,300,10798.02151
-75.083706,300,10807.172875
-43.32254,300,10820.184649
-76.997065,300,10829.785332
-58.056801,300,10838.938983
-68.675863,300,10851.89461
-84.009792,300,10860.885304
-63.068319,300,10870.222268
-66.055055,300,10883.070081
-76.461031,300,10892.091086
-620.562816,158,10896.727082
-74.512028,300,10913.875258
-77.906826,300,10922.998625
-61.175805,300,10932.255585
-626.071861,110,10935.573648
-67.783555,300,10945.264418
-67.183118,300,10954.266584
-76.565442,300,10963.490675
-620.508359,96,10970.322646
-60.366222,300,10979.419754
-70.297604,300,10988.758337
-634.852384,142,10992.957861
-86.565405,300,11008.390856
-79.644099,300,11017.446551
-47.755369,300,11026.41165
-61.25933,300,11039.223715
-622.012406,94,11042.036483
-51.625187,300,11051.288779
-58.451337,300,11060.303596
-85.247407,300,11070.335865
-74.98596,300,11079.652112
-77.28018,300,11088.703854
-607.376759,27,11093.383722
-73.707852,300,11102.263514
-604.803494,66,11104.254745
-55.909571,300,11113.197887
-71.229243,300,11122.275532
-68.500224,300,11132.34493
-65.621563,300,11141.37582
-75.018628,300,11150.472399
-66.341991,300,11163.344307
-82.550908,300,11172.901464
-71.074666,300,11181.873444
-642.44281,237,11192.953913
-55.464574,300,11202.118263
-78.961376,300,11211.130231
-42.901017,300,11226.014595
-637.969615,110,11229.317801
-645.632364,174,11234.631591
-53.324758,300,11243.763743
-620.521769,98,11246.725782
-647.033432,201,11254.103675
-655.093017,182,11259.712428
-39.853902,300,11268.787893
-73.802055,300,11277.816053
-56.330246,300,11288.25985
-65.759306,300,11297.388993
-52.130885,300,11306.779766
-56.973965,300,11319.833726
-56.284512,300,11328.860689
-61.056074,300,11338.766057
-64.227569,300,11352.055023
-68.515197,300,11361.113266
-83.719802,300,11370.260028
-58.140655,300,11383.30828
-614.277447,162,11388.193419
-65.118051,300,11396.845917
-656.915382,231,11412.212312
-88.125596,300,11421.268902
-65.982585,300,11430.457983
-81.6277,300,11445.616033
-633.077292,117,11449.12033
-66.919337,300,11458.15321
-72.044507,300,11467.181426
-66.692311,300,11476.738877
-55.025595,300,11486.030334
-78.545538,300,11495.05211
-623.419047,58,11496.817914
-29.307131,300,11508.095667
-57.408812,300,11517.859341
-603.723455,26,11518.658267
-624.758999,150,11523.214776
-50.796436,300,11539.937238
-46.35962,300,11549.065484
-653.375908,215,11555.687275
-69.702482,300,11571.305556
-63.452153,300,11580.585624
-67.909653,300,11589.541839
-631.432076,154,11598.029588
-46.921743,300,11607.382108
-45.900574,300,11616.381078
-71.83139,300,11633.611188
-92.389423,300,11642.563405
-641.001752,149,11647.050428
-76.712768,300,11664.449254
-657.291301,270,11672.71455
-68.465958,300,11681.761159
-604.968591,17,11687.011447
-84.000016,300,11696.197437
-73.763504,300,11705.3464
-603.656169,24,11706.088135
-651.959123,240,11713.448362
-74.965893,300,11726.961578
-80.618667,300,11735.984872
-72.780614,300,11745.182242
-78.366664,300,11757.958029
-83.335438,300,11767.051657
-67.072987,300,11775.922592
-59.086397,300,11788.975549
-91.049597,300,11797.965234
-81.393472,300,11806.894167
-47.150265,300,11819.848962
-36.292509,300,11829.048946
-71.104099,300,11838.287622
-74.888538,300,11851.188189
-69.213883,300,11860.240902
-42.416797,300,11869.402534
-50.17661,300,11882.839391
-36.227177,300,11891.922899
-64.122122,300,11901.144168
-70.177365,300,11914.344484
-606.652596,28,11915.193111
-65.326709,300,11924.569716
-50.427636,300,11933.855597
-43.958206,300,11946.1084
-658.96262,179,11951.665288
-71.476448,300,11960.652934
-93.387702,300,11977.277317
-634.867158,180,11982.81323
-62.111963,300,11992.07415
-55.448857,300,12008.600043
-47.093617,300,12017.826807
-646.705092,250,12025.324186
-54.733375,300,12039.938133
-58.803469,300,12049.020192
-64.537684,300,12057.996612
-43.075804,300,12071.45794
-631.386227,106,12074.640596
-611.038276,39,12075.824995
-44.010833,300,12084.98473
-79.82238,300,12102.930608
-72.511202,300,12112.116467
-608.009314,103,12115.248245
-34.978058,300,12124.328185
-74.625517,300,12134.35814
-78.976231,300,12143.467262
-58.399286,300,12152.579467
-42.920938,300,12165.45653
-85.174052,300,12174.737216
-82.428303,300,12183.727733
-632.639257,131,12191.529602
-69.079481,300,12200.592692
-60.973296,300,12209.589232
-603.914029,21,12210.232093
-64.696978,300,12227.495083
-77.853274,300,12237.214363
-47.402426,300,12246.479502
-59.845142,300,12259.594026
-612.31755,70,12261.730823
-43.134923,300,12270.829884
-72.308412,300,12279.910057
-60.404672,300,12290.60038
-69.280826,300,12299.916365
-74.090684,300,12308.96878
-54.934894,300,12322.036307
-67.221185,300,12331.07264
-41.351887,300,12340.060746
-76.60077,300,12353.086223
-55.501563,300,12362.096195
-42.494317,300,12371.520375
-61.660296,300,12384.556618
-58.82395,300,12393.579423
-72.077084,300,12402.937956
-70.695785,300,12415.893385
-76.580764,300,12425.59829
-52.943838,300,12434.665934
-54.249889,300,12447.634793
-65.199579,300,12456.604326
-51.174171,300,12465.710217
-624.023449,106,12472.759438
-74.540431,300,12481.912468
-65.574175,300,12491.033605
-622.676551,142,12495.331858
-50.216774,300,12510.025109
-78.12647,300,12519.088411
-606.396461,30,12520.004331
-41.016723,300,12529.123558
-619.748309,122,12535.784603
-51.027891,300,12544.875022
-69.598635,300,12554.152907
-99.019585,300,12563.260152
-59.606549,300,12572.665188
-52.267846,300,12581.922836
-614.803715,83,12584.999399
-68.542149,300,12594.047561
-56.898553,300,12604.777181
-63.924016,300,12613.718997
-58.490771,300,12622.637717
-63.535326,300,12635.822566
-57.669824,300,12644.852409
-40.955284,300,12653.984343
-45.909645,300,12666.717593
-609.709405,123,12670.439632
-34.939913,300,12679.405565
-57.395313,300,12688.64562
-60.862153,300,12697.889652
-79.26582,300,12707.003144
-654.569405,228,12713.848104
-48.79705,300,12729.068858
-72.753566,300,12738.186965
-75.377668,300,12747.422306
-66.965749,300,12760.35392
-38.071229,300,12770.198568
-613.905331,42,12771.472002
-63.183392,300,12780.435242
-61.070547,300,12792.093003
-40.039353,300,12801.080093
-73.905618,300,12810.173848
-602.639497,47,12811.584787
-617.397349,63,12815.959478
-49.959602,300,12824.971677
-67.096408,300,12834.087516
-70.908968,300,12843.191748
-42.832773,300,12854.332914
-45.827401,300,12863.418927
-615.790481,119,12866.989229
-69.67345,300,12875.90413
-64.313739,300,12885.336158
-52.718975,300,12894.365767
-61.142859,300,12903.501253
-609.845859,117,12907.054441
-57.735325,300,12917.140074
-50.312012,300,12926.405039
-652.927284,261,12934.329029
-616.13063,94,12942.188032
-654.482267,225,12949.001276
-53.349809,300,12958.265887
-640.961817,248,12965.825568
-636.149475,199,12976.838525
-63.181343,300,12985.886686
-609.400832,54,12987.550196
-79.273887,300,12996.599166
-47.120952,300,13011.128796
-34.581113,300,13020.097054
-69.942092,300,13029.08542
-71.353367,300,13041.94215
-53.227843,300,13051.078799
-47.740857,300,13060.299699
-66.323062,300,13073.235925
-49.621948,300,13082.322008
-62.497584,300,13092.067227
-46.798354,300,13104.873002
-49.662013,300,13114.048043
-624.440299,95,13116.933225
-34.972583,300,13126.318794
-58.84695,300,13136.393046
-608.384955,55,13138.069806
-55.27359,300,13146.931197
-60.848983,300,13156.092429
-641.597231,230,13165.192875
-652.85732,271,13173.35901
-632.420581,192,13179.28015
-73.560202,300,13188.387016
-615.626332,80,13191.834243
-63.219541,300,13200.941756
-56.447848,300,13210.25586
-84.089061,300,13219.374054
-38.042563,300,13230.045925
-68.737579,300,13239.17786
-66.295623,300,13248.948039
-648.947067,233,13259.836809
-679.765452,289,13268.515556
-630.07085,141,13272.752275
-60.049588,300,13281.412465
-66.907655,300,13292.382679
-635.235533,224,13299.024023
-633.292194,215,13305.510012
-653.635493,253,13313.119108
-65.897469,300,13323.275063
-56.425489,300,13332.343916
-641.260568,232,13339.595229
-58.698355,300,13354.665106
-59.143857,300,13363.775489
-62.306355,300,13372.891114
-44.951204,300,13385.783827
-76.496103,300,13394.794396
-92.108889,300,13404.034057
-607.775418,64,13409.818028
-48.520668,300,13419.492487
-81.338997,300,13428.553997
-42.131033,300,13437.653778
-46.119377,300,13449.074827
-77.063369,300,13458.24369
-44.976848,300,13467.164086
-626.127065,158,13475.884023
-77.936305,300,13485.006671
-635.042063,144,13489.394014
-56.266858,300,13498.545456
-60.688351,300,13511.676488
-51.589605,300,13520.826208
-642.089582,204,13527.045698
-626.411457,115,13537.385611
-47.949262,300,13546.560911
-52.267207,300,13555.654565
-75.946391,300,13564.849649
-59.381533,300,13574.456597
-67.706034,300,13583.83825
-60.508888,300,13593.451891
-55.049656,300,13606.448398
-45.070475,300,13615.585584
-62.752159,300,13624.682199
-64.859525,300,13637.695499
-44.422556,300,13646.844473
-52.602934,300,13655.891815
-623.305043,124,13663.572361
-65.322846,300,13672.820044
-58.379668,300,13681.873568
-46.47621,300,13690.887749
-54.774028,300,13700.124932
-68.330476,300,13709.156554
-56.920834,300,13718.374909
-57.151667,300,13731.184748
-649.633748,266,13739.17325
-616.050812,58,13740.939109
-72.888255,300,13750.116298
-610.095925,61,13751.9483
-59.310039,300,13762.822791
-631.237719,166,13767.900301
-47.315671,300,13776.977369
-617.416314,129,13788.989819
-70.391875,300,13798.244053
-32.839938,300,13806.929489
-627.957904,206,13813.152815
-604.268883,53,13814.778467
-76.858932,300,13824.938775
-636.827427,260,13832.871033
-42.430575,300,13841.910258
-83.255897,300,13856.114066
-61.786255,300,13865.08667
-68.758889,300,13873.936151
-73.642278,300,13887.237822
-58.608802,300,13896.205978
-603.713296,29,13897.098737
-79.045184,300,13906.150777
-71.591303,300,13918.319939
-628.563162,149,13923.368824
-49.653499,300,13932.521583
-82.328502,300,13950.12045
-55.835186,300,13959.258932
-42.028264,300,13968.315741
-53.328299,300,13981.131031
-59.222405,300,13990.203092
-53.860066,300,13999.297749
-61.451608,300,14012.371477
-82.548007,300,14021.410438
-52.871692,300,14030.550245
-80.596587,300,14043.397331
-46.284356,300,14052.46308
-64.098936,300,14061.483107
-623.515802,165,14070.291853
-70.015744,300,14079.584782
-72.918801,300,14088.648579
-60.69213,300,14105.37762
-66.457539,300,14114.479487
-80.771006,300,14124.089972
-46.943248,300,14137.022903
-68.876777,300,14146.202202
-80.894335,300,14155.531914
-600.982816,17,14159.891678
-605.4358,40,14161.092517
-59.315104,300,14170.034423
-82.774446,300,14179.189381
-616.601628,74,14181.391814
-624.664154,102,14184.507569
-69.090749,300,14199.462421
-84.026939,300,14208.684566
-54.33722,300,14217.763976
-67.860452,300,14230.716108
-653.551052,219,14237.410174
-82.210851,300,14246.435053
-53.217335,300,14261.801615
-67.962934,300,14270.835287
-46.945004,300,14280.099233
-605.110949,68,14286.684202
-60.901176,300,14295.621794
-78.260078,300,14304.727784
-68.520023,300,14313.713131
-66.59935,300,14324.489378
-83.134499,300,14333.545552
-71.797064,300,14342.525366
-58.717777,300,14355.661922
-605.980384,58,14357.414594
-616.218924,115,14360.931666
-66.067073,300,14370.173251
-64.110174,300,14387.153774
-85.806169,300,14396.225984
-628.22914,181,14401.796816
-76.586556,300,14418.268725
-70.529316,300,14427.368935
-71.972756,300,14436.750213
-78.763701,300,14450.025604
-88.672505,300,14459.017792
-65.925777,300,14468.679887
-47.40498,300,14481.729357
-82.925814,300,14491.094501
-64.57116,300,14500.205068
-64.18936,300,14513.280672
-63.802207,300,14522.420844
-605.063764,45,14523.780486
-65.324363,300,14533.089257
-53.914886,300,14544.873893
-612.651599,139,14549.075178
-66.785843,300,14558.280643
-76.621498,300,14576.088234
-642.375617,147,14580.595048
-66.201706,300,14589.613664
-88.843094,300,14607.149
-77.158679,300,14616.206313
-77.561087,300,14625.315
-54.658429,300,14638.277266
-644.574061,151,14642.920746
-627.524285,124,14647.269044
-65.309507,300,14656.236895
-47.695282,300,14669.800991
-76.095294,300,14678.870034
-57.411172,300,14688.048913
-60.238578,300,14701.048692
-49.006905,300,14710.091099
-74.030352,300,14719.17261
-642.21117,168,14728.326525
-63.643247,300,14737.331031
-71.446287,300,14746.377173
-610.023971,80,14748.797927
-67.514015,300,14763.357295
-81.627554,300,14772.508635
-53.74847,300,14781.700529
-81.73414,300,14794.583221
-82.22899,300,14803.688898
-55.076596,300,14812.812636
-47.480645,300,14825.813093
-91.970356,300,14835.668579
-68.828207,300,14844.720881
-92.188382,300,14857.54386
-56.398634,300,14866.813003
-67.172907,300,14875.997426
-56.26668,300,14888.972379
-91.729,300,14898.070785
-53.50194,300,14907.229101
-64.634399,300,14920.209449
-609.175922,43,14921.498401
-622.981322,104,14924.626779
-78.954109,300,14933.657618
-603.385114,37,14934.777425
-620.761636,74,14937.032599
-39.856635,300,14951.040788
-44.788349,300,14960.122007
-82.714837,300,14969.026151
-65.794321,300,14982.006455
-67.35442,300,14991.343064
-90.436732,300,15001.071174
-62.152993,300,15013.986889
-630.863738,214,15020.452492
-84.119301,300,15029.476153
-34.233799,300,15045.479983
-80.74797,300,15054.593189
-82.462468,300,15064.102503
-87.1714,300,15077.122328
-81.06645,300,15086.201838
-77.642428,300,15095.227885
-73.032674,300,15108.154193
-68.08054,300,15117.513707
-40.380776,300,15126.700053
-76.186184,300,15139.159817
-56.754672,300,15148.514575
-82.191071,300,15157.926082
-84.015491,300,15170.949167
-51.644436,300,15180.04237
-53.874615,300,15188.974912
-67.075343,300,15202.447615
-618.552302,136,15206.701661
-73.892886,300,15215.921989
-79.244111,300,15233.747801
-70.082705,300,15242.751565
-85.292873,300,15251.807631
-55.355697,300,15264.659406
-57.353111,300,15273.667409
-40.447802,300,15282.722016
-84.461979,300,15295.73762
-70.985934,300,15304.873895
-608.389106,38,15306.023424
-68.114412,300,15315.090869
