EpThisIter,entloss,entropy,EpisodesSoFar,surrgain,TimeElapsed,explained_variance_tdlam_before,EpLenMean,optimgain,meankl,EpRewMean,TimestepsSoFar,EpRew/step
14,0.0,1.6024477,14,0.037616633,129.32319855690002,-0.05104565620422363,55.214285714285715,0.037616633,0.00715176,-24.06155414285714,1024,-0.45871590954317226
17,0.0,1.5982074,31,0.039189074,278.2934219837189,-0.05172157287597656,64.70967741935483,0.039189074,0.0072675855,-26.331513612903223,2048,-0.429755429558749
14,0.0,1.5779147,45,0.041988574,425.16459703445435,-1.3771653175354004,70.325,0.041988574,0.008707775,-27.605240075,3072,-0.4059625110149607
18,0.0,1.5728259,63,0.038339294,606.4889941215515,-0.07937490940093994,62.7,0.038339294,0.0075765615,-24.092439074999998,4096,-0.39500683368696904
15,0.0,1.5484308,78,0.041023616,766.0042126178741,-0.12269330024719238,61.5,0.041023616,0.008675443,-24.062787325,5120,-0.3996846402897466
10,0.0,1.4786407,88,0.03219302,924.314795255661,0.09256267547607422,72.1,0.03219302,0.009073523,-27.25843205,6144,-0.3940905206111214
13,0.0,1.5258659,101,0.041442193,1095.2201907634735,-0.06439208984375,79.275,0.041442193,0.008163148,-30.013531324999995,7168,-0.391240566070114
9,0.0,1.4917772,110,0.04353615,1252.986804008484,0.008282959461212158,89.325,0.04353615,0.009470333,-32.589458225,8192,-0.38234147282341224
8,0.0,1.4551268,118,0.035375707,1399.303482055664,0.028521180152893066,104.475,0.035375707,0.008865368,-36.295894849999996,9216,-0.360255430599124
8,0.0,1.4151161,126,0.043723404,1536.4825196266174,-0.08208942413330078,104.8,0.043723404,0.010746275,-35.032345125,10240,-0.35109364095274564
11,0.0,1.4433262,137,0.03639447,1672.78937625885,-0.08324503898620605,110.675,0.03639447,0.007891908,-35.1029446,11264,-0.33812798412126616
12,0.0,1.4307783,149,0.042748585,1804.3183856010437,-0.0304563045501709,105.1,0.042748585,0.008446606,-32.62419335,12288,-0.3290424641001943
7,0.0,1.4258432,156,0.038976237,1925.73344039917,-0.008463859558105469,104.225,0.038976237,0.008379664,-30.1009058,13312,-0.3144115939443773
6,0.0,1.4013662,162,0.03747703,2047.364747285843,-0.09041488170623779,107.125,0.03747703,0.009386329,-30.116140100000003,14336,-0.31714998039991416
7,0.0,1.3392141,169,0.037110217,2168.5926558971405,0.014778852462768555,115.25,0.037110217,0.008668833,-33.205198625,15360,-0.3170052484766551
6,0.0,1.3568707,175,0.0402336,2297.0183975696564,-0.09500181674957275,124.175,0.0402336,0.008949273,-33.7284207,16384,-0.29487373512980336
7,0.0,1.3411115,182,0.03783677,2424.7196593284607,0.04065048694610596,137.725,0.03783677,0.008966543,-36.14212834999999,17408,-0.2900195090477916
6,0.0,1.3450727,188,0.040712994,2543.0512421131134,0.006193995475769043,154.2,0.040712994,0.009671428,-38.595980575,18432,-0.2740264693715037
12,0.0,1.3390353,200,0.039249655,2668.163655757904,0.05445563793182373,135.025,0.039249655,0.009678459,-34.489819375,19456,-0.2798520531663648
8,0.0,1.3184881,208,0.0409412,2792.2781131267548,-0.02362382411956787,129.975,0.0409412,0.009591781,-30.6009093,20480,-0.2713833725002118
7,0.0,1.2894235,215,0.045351125,2918.9813265800476,0.12369531393051147,131.275,0.045351125,0.0086738495,-30.080803575000004,21504,-0.2647769310376614
4,0.0,1.2698678,219,0.035812236,3045.148615837097,0.18089407682418823,137.05,0.035812236,0.009827755,-29.686899100000005,22528,-0.25671236740359704
11,0.0,1.2654991,230,0.03650445,3183.3711128234863,0.06944894790649414,124.9,0.03650445,0.009747742,-26.28804545,23552,-0.25136111026287467
9,0.0,1.251365,239,0.044110265,3314.9491827487946,0.03133755922317505,126.625,0.044110265,0.01104999,-25.551868925,24576,-0.24974075913693108
10,0.0,1.2422671,249,0.03296896,3438.6502594947815,0.13396036624908447,123.825,0.03296896,0.009296454,-24.565833125,25600,-0.2409083847468363
12,0.0,1.2246342,261,0.03781763,3561.8591780662537,0.16845792531967163,93.3,0.03781763,0.009431817,-20.474565475,26624,-0.2600431798846861
9,0.0,1.2019655,270,0.03857413,3686.092851161957,0.059919893741607666,102.05,0.03857413,0.009345318,-21.056401225,27648,-0.24736680879776413
12,0.0,1.1699545,282,0.032898046,3809.0312037467957,-0.08409059047698975,96.225,0.032898046,0.009194171,-21.163753125,28672,-0.2552262857173028
5,0.0,1.1170808,287,0.041169547,3930.346359729767,-0.21759450435638428,102.375,0.041169547,0.008877456,-21.61140735,29696,-0.2572042684358668
7,0.0,1.1963601,294,0.036960557,4058.0190908908844,0.10072070360183716,118.425,0.036960557,0.010004298,-22.69112055,30720,-0.25012703194461194
6,0.0,1.1463544,300,0.037234735,4182.057770490646,0.1432005763053894,133.175,0.037234735,0.010757116,-23.888925375000003,31744,-0.24153642335018502
6,0.0,1.1442641,306,0.028168222,4308.718213796616,-0.17334210872650146,135.425,0.028168222,0.009659071,-22.917372625000002,32768,-0.24100236052701432
6,0.0,1.1529576,312,0.033520423,4444.543160915375,0.046117424964904785,147.575,0.033520423,0.009426069,-23.730528075,33792,-0.232075438828066
8,0.0,1.1520467,320,0.03073012,4596.307564735413,0.17864465713500977,155.525,0.03073012,0.009998804,-23.114967525,34816,-0.21526557484167955
6,0.0,1.1025047,326,0.033632137,4747.913969755173,0.1579749584197998,162.6,0.033632137,0.009586854,-23.944219150000002,35840,-0.19819507003638426
9,0.0,1.1167862,335,0.028466063,4898.330024242401,0.08791106939315796,149.5,0.028466063,0.008525629,-24.047069549999996,36864,-0.20757937327688838
10,0.0,1.1149062,345,0.033617303,5049.121766328812,0.1917319893836975,137.25,0.033617303,0.008913747,-23.98778375,37888,-0.21842333384510249
4,0.0,1.1378777,349,0.02912949,5200.511389255524,0.32556575536727905,133.7,0.02912949,0.009907539,-24.654902,38912,-0.22242286927127558
8,0.0,1.0975904,357,0.033493616,5355.688715696335,0.0716978907585144,139.5,0.033493616,0.009078271,-25.614536575,39936,-0.22447113164062965
8,0.0,1.0480859,365,0.039108176,5509.230377674103,0.2492077350616455,128.225,0.039108176,0.009980111,-23.91415005,40960,-0.23482406983426163
6,0.0,1.0709208,371,0.044485405,5658.78605222702,0.13549166917800903,138.725,0.044485405,0.009576497,-25.428536625,41984,-0.22529971830554088
6,0.0,1.0860759,377,0.036155537,5811.565849304199,0.3823869228363037,140.425,0.036155537,0.009071932,-24.471481400000005,43008,-0.22573105497910523
6,0.0,1.0833023,383,0.038802,5965.139489173889,0.18032288551330566,156.475,0.038802,0.009150334,-25.278383374999997,44032,-0.20981626563965344
5,0.0,1.0478907,388,0.034436774,6115.579928159714,0.16315579414367676,160.35,0.034436774,0.009281585,-25.07925645,45056,-0.20606601754322473
8,0.0,1.1058687,396,0.037297916,6266.619548559189,0.19266152381896973,155.05,0.037297916,0.009290114,-23.488018925,46080,-0.20547255983762397
9,0.0,1.0402089,405,0.035832204,6415.252700328827,0.27967357635498047,150.65,0.035832204,0.010274306,-24.617334024999998,47104,-0.21622012808956576
5,0.0,0.96378875,410,0.035660595,6564.7132387161255,0.10038846731185913,156.95,0.035660595,0.009881445,-25.603502425,48128,-0.21697180768752017
11,0.0,0.9776601,421,0.0378207,6715.515229225159,0.28448009490966797,139.425,0.0378207,0.010382406,-24.674019649999998,49152,-0.23610936017564949
5,0.0,1.0534364,426,0.036135208,6876.578180551529,0.3204067349433899,135.0,0.036135208,0.009972819,-23.8471305,50176,-0.24023095908982145
6,0.0,0.91001403,432,0.03282077,7026.072554349899,0.33877986669540405,137.725,0.03282077,0.010325022,-24.059231649999997,51200,-0.24291941788656538
7,0.0,0.8743012,439,0.029611945,7174.534805059433,0.49638527631759644,140.7,0.029611945,0.009698899,-23.961419025,52224,-0.23401398724660344
6,0.0,0.98840296,445,0.032696635,7324.5258638858795,-0.06586718559265137,157.7,0.032696635,0.009667811,-25.17688235,53248,-0.21206205512501933
7,0.0,0.9708314,452,0.032335185,7477.16211771965,0.3898373246192932,142.4,0.032335185,0.009683686,-22.730632524999997,54272,-0.21681769369940337
5,0.0,0.86312884,457,0.027814839,7620.018598556519,0.2179824709892273,154.5,0.027814839,0.008850899,-24.239628825,55296,-0.21219239676200283
10,0.0,0.9276962,467,0.035220336,7762.997539758682,0.2813979387283325,149.6,0.035220336,0.008964611,-25.3356118,56320,-0.21857808263809292
10,0.0,0.8143791,477,0.037080154,7906.495561122894,0.17545825242996216,134.625,0.037080154,0.009920958,-23.57803275,57344,-0.22961630003944125
7,0.0,0.749087,484,0.034307953,8049.317682027817,0.10277408361434937,132.775,0.034307953,0.009458099,-24.835867625,58368,-0.24227148166332987
8,0.0,0.87936765,492,0.03254441,8193.454199790955,0.4115203619003296,133.225,0.03254441,0.0094495155,-24.9880198,59392,-0.24966027347023373
7,0.0,0.8442104,499,0.037146248,8343.617518424988,-0.04823935031890869,116.175,0.037146248,0.009416108,-22.607656775,60416,-0.25778909483104007
4,0.0,0.79050833,503,0.027344607,8485.295948266983,0.5000739395618439,134.225,0.027344607,0.009827416,-24.51220305,61440,-0.23692647657669683
5,0.0,0.76388425,508,0.03794065,8627.294480800629,0.13526701927185059,139.3,0.03794065,0.009999977,-25.135237749999998,62464,-0.2397346500522816
9,0.0,0.82567394,517,0.030111773,8770.7374792099,0.3702167868614197,153.35,0.030111773,0.009567968,-26.0983015,63488,-0.231760043962088
8,0.0,0.8844011,525,0.03452963,8912.123315095901,0.474337637424469,152.225,0.03452963,0.010232925,-24.592989775,64512,-0.23114193501920619
5,0.0,0.77752316,530,0.03288546,9057.18803858757,0.033513545989990234,157.95,0.03288546,0.008271195,-25.7763208,65536,-0.22759701541696487
8,0.0,0.82467866,538,0.03753972,9201.140324831009,0.06805819272994995,156.925,0.03753972,0.0069663296,-26.26660365,66560,-0.23055162489235875
8,0.0,0.9479217,546,0.032621372,9344.513009786606,0.22170305252075195,140.75,0.032621372,0.009827018,-24.261251499999997,67584,-0.24629725782292589
3,0.0,0.70858926,549,0.03289318,9486.553914308548,0.11402761936187744,147.675,0.03289318,0.009953893,-24.400934425000003,68608,-0.23736183181567946
9,0.0,0.75535184,558,0.026229266,9628.980039596558,0.08192896842956543,151.675,0.026229266,0.008708989,-27.072883174999998,69632,-0.24186421718883536
7,0.0,0.833569,565,0.033571087,9771.247920751572,-0.5293169021606445,153.45,0.033571087,0.009961672,-27.801569100000002,70656,-0.23201685177697673
5,0.0,0.8076061,570,0.03262025,9920.859297275543,0.0763656497001648,158.425,0.03262025,0.009206379,-26.920052599999998,71680,-0.22068829861330244
6,0.0,0.61138165,576,0.031133834,10066.219285011292,-0.12967777252197266,160.525,0.031133834,0.009052077,-26.824190975,72704,-0.21710888068200615
7,0.0,0.7500207,583,0.027389308,10209.910920619965,0.11206436157226562,165.05,0.027389308,0.009233623,-28.205297099999996,73728,-0.20725834960650574
9,0.0,0.71280646,592,0.03276604,10351.908700227737,0.06989127397537231,145.625,0.03276604,0.009907794,-25.287039475,74752,-0.21163728147156635
8,0.0,0.8647824,600,0.029715639,10496.978255033493,0.22047215700149536,146.1,0.029715639,0.009153976,-26.0876964,75776,-0.20863222406038737
12,0.0,0.8973154,612,0.034902424,10644.334826469421,0.3296937346458435,125.15,0.034902424,0.009991762,-24.182154975,76800,-0.22759027018328415
7,0.0,0.84132546,619,0.025307909,10791.840629577637,0.1569582223892212,117.75,0.025307909,0.01006986,-21.943902674999997,77824,-0.22735825896237927
5,0.0,0.8211108,624,0.0322534,10936.671066522598,0.37338197231292725,121.1,0.0322534,0.009568948,-22.662936875,78848,-0.22976055919302482
13,0.0,0.71444654,637,0.03166006,11080.941664457321,-0.062476515769958496,110.1,0.03166006,0.010093387,-21.165957075,79872,-0.24529704227038404
4,0.0,0.7672293,641,0.03395118,11225.655145406723,0.23515474796295166,125.1,0.03395118,0.010076901,-22.778511375,80896,-0.23799257599502505
7,0.0,0.59283036,648,0.036943816,11373.995689868927,0.22904211282730103,136.025,0.036943816,0.010608545,-24.262128575,81920,-0.23405177521871537
12,0.0,0.90487623,660,0.034101736,11519.158648967743,0.36476290225982666,121.025,0.034101736,0.009748867,-22.35867025,82944,-0.24975010638674783
6,0.0,0.8129352,666,0.03928338,11658.917686462402,0.456155002117157,118.375,0.03928338,0.010247449,-21.202334524999998,83968,-0.24520614114161104
6,0.0,0.7015482,672,0.027941238,11799.693460702896,-0.03742635250091553,131.425,0.027941238,0.009635885,-21.443222249999998,84992,-0.22908286644376324
6,0.0,0.88020766,678,0.06509575,11944.325751781464,0.40590882301330566,141.925,0.06509575,0.01062696,-22.19698765,86016,-0.21298717329801242
7,0.0,0.7282305,685,0.036698256,12089.477495193481,0.3021826148033142,140.2,0.036698256,0.010944651,-21.083802974999998,87040,-0.21345967117614836
6,0.0,0.73976344,691,0.029411089,12233.217768907547,0.1317571997642517,144.675,0.029411089,0.010146464,-21.8096413,88064,-0.21453901723858895
6,0.0,0.6789504,697,0.029435338,12375.300813913345,0.28016525506973267,155.575,0.029435338,0.009647973,-24.147786500000002,89088,-0.20393780430913608
8,0.0,0.72168154,705,0.028614078,12519.495820999146,0.11585354804992676,157.725,0.028614078,0.010569923,-24.41608225,90112,-0.20550148224042258
6,0.0,0.80725133,711,0.031606358,12663.008606910706,0.1516554355621338,159.85,0.031606358,0.009809471,-25.3762663,91136,-0.2073996386475419
8,0.0,0.796804,719,0.035449937,12809.539738178253,0.08878231048583984,146.6,0.035449937,0.010611781,-24.979337,92160,-0.21624399136163408
9,0.0,0.7200428,728,0.037739262,12953.186597585678,0.16695493459701538,139.8,0.037739262,0.010828397,-24.671682649999997,93184,-0.22048173036677285
9,0.0,0.80682445,737,0.033714004,13095.67151761055,0.34325504302978516,130.75,0.033714004,0.009967986,-23.115029999999997,94208,-0.23042372472063538
5,0.0,0.8258913,742,0.036456957,13240.845026493073,0.19239115715026855,140.675,0.036456957,0.01386683,-24.24132735,95232,-0.22943699313893556
5,0.0,0.8994638,747,0.013863187,13382.22070980072,0.11333572864532471,144.575,0.013863187,0.011215057,-24.284664149999998,96256,-0.22491737093121814
4,0.0,0.88789064,751,0.027977819,13528.350835561752,-0.2687329053878784,152.05,0.027977819,0.009726316,-23.44882465,97280,-0.21661353502396455
7,0.0,0.77702343,758,0.035600375,13674.73351097107,0.1460058093070984,161.075,0.035600375,0.0105041275,-24.884619875,98304,-0.21225969031327363
8,0.0,0.8705794,766,0.028673828,13816.962742805481,0.09105336666107178,155.1,0.028673828,0.010388591,-24.040288775,99328,-0.2188299471249689
3,0.0,0.8914652,769,0.028418126,13960.35615825653,0.7856624275445938,173.175,0.028418126,0.0097274445,-25.671285225,100352,-0.20469440807060574
6,0.0,0.73267734,775,0.028335791,14101.796686410904,-0.07923424243927002,183.85,0.028335791,0.00950001,-27.609583725000004,101376,-0.19786064025746836
7,0.0,0.65050924,782,0.044180688,14243.588001012802,0.16975051164627075,180.5,0.044180688,0.010314288,-27.839984025,102400,-0.19587988801599895
8,0.0,0.66040033,790,0.032749712,14387.199570655823,0.17741650342941284,159.25,0.032749712,0.010022407,-26.830365125000004,103424,-0.21261179953385093
6,0.0,0.8551158,796,0.034344155,14530.835124492645,0.13994818925857544,164.975,0.034344155,0.008875876,-26.966254475,104448,-0.2134120993064917
8,0.0,0.8113596,804,0.029397305,14673.229947566986,0.07429534196853638,156.225,0.029397305,0.0099731395,-26.519979025000005,105472,-0.22699228033038596
6,0.0,0.7264419,810,0.032912653,14818.47407913208,-0.3700728416442871,148.725,0.032912653,0.010761982,-25.7612147,106496,-0.22905273355174405
5,0.0,0.92798084,815,0.03084685,14960.652132511139,0.08772295713424683,157.55,0.03084685,0.008731383,-25.2414316,107520,-0.21778435921200714
3,0.0,0.8058531,818,0.04476791,15103.860582590103,0.22162854671478271,160.5,0.04476791,0.011520189,-25.700369474999995,108544,-0.2161373248022156
8,0.0,0.79328686,826,0.037820898,15246.036736249924,0.27054113149642944,167.75,0.037820898,0.01074074,-26.38934165,109568,-0.2074527701611945
8,0.0,0.7924181,834,0.03364146,15389.057284116745,-0.21079611778259277,166.6,0.03364146,0.01049659,-26.488717700000002,110592,-0.20840691634368697
6,0.0,0.7520441,840,0.029262371,15531.810507059097,0.04733079671859741,172.825,0.029262371,0.012295542,-27.3601169,111616,-0.19848501969276272
8,0.0,0.76467156,848,0.03767314,15676.724385976791,0.23138290643692017,157.875,0.03767314,0.011199702,-25.60343775,112640,-0.210481754819663
4,0.0,0.7529978,852,0.027129851,15821.3449280262,0.3951241970062256,164.55,0.027129851,0.009819746,-25.929521550000004,113664,-0.20696441138121546
5,0.0,0.81539536,857,0.035958104,15963.362217664719,0.28564298152923584,163.5,0.035958104,0.009847617,-26.720727950000004,114688,-0.209903541108822
4,0.0,0.7255331,861,0.04667652,16106.702713251114,-0.41894686222076416,172.425,0.04667652,0.0061389445,-27.706500825,115712,-0.20358777190729133
6,0.0,0.6057319,867,0.044823132,16255.145395755768,0.1094048023223877,176.95,0.044823132,0.009096597,-28.5441015,116736,-0.2078373270063402
8,0.0,0.80019456,875,0.033974174,16400.041476488113,0.1390271782875061,169.3,0.033974174,0.010206217,-28.841852200000005,117760,-0.21858022081445494
6,0.0,0.8462139,881,0.03201474,16543.05776166916,0.32308703660964966,169.725,0.03201474,0.008727573,-28.725696700000004,118784,-0.22352918738838706
6,0.0,0.71689814,887,0.023491949,16686.586525201797,0.2716261148452759,183.625,0.023491949,0.008167437,-30.068095800000002,119808,-0.21496953784259923
7,0.0,0.6288867,894,0.040612824,16828.766224622726,0.05505925416946411,170.175,0.040612824,0.010300482,-28.558758250000004,120832,-0.23417297041188015
5,0.0,0.8539252,899,0.03430955,16973.325581789017,0.08876270055770874,165.25,0.03430955,0.010217524,-27.5110309,121856,-0.23655523737674553
5,0.0,0.750628,904,0.020794606,17116.871917247772,0.27495837211608887,164.775,0.020794606,0.004073153,-25.89564815,122880,-0.23434436593320443
5,0.0,0.8147302,909,0.029587388,17261.654046535492,0.21856939792633057,168.175,0.029587388,0.010403876,-26.891497375,123904,-0.23274266051600997
9,0.0,0.7463122,918,0.04031503,17405.975146770477,-0.019765853881835938,165.675,0.04031503,0.010442471,-25.049892749999998,124928,-0.2234455955694999
5,0.0,0.7032369,923,0.02904787,17547.098817825317,-0.2146470546722412,170.175,0.02904787,0.010496689,-24.538049475,125952,-0.21661871662169924
5,0.0,0.78540164,928,0.03132843,17694.000361442566,0.2877330183982849,172.725,0.03132843,0.012028943,-24.758934200000002,126976,-0.21292453027086666
8,0.0,0.68213046,936,0.035813462,17837.490956306458,0.26040536165237427,162.825,0.035813462,0.010544406,-25.58145545,128000,-0.22286082896438247
5,0.0,0.6428356,941,0.036129322,17982.33979654312,0.4095534682273865,169.15,0.036129322,0.011105639,-26.809300150000002,129024,-0.22285134935326437
4,0.0,0.72138965,945,0.039099198,18128.05191063881,0.31078678369522095,175.05,0.039099198,0.013505855,-27.740899475,130048,-0.21725450291738474
10,0.0,0.7097774,955,0.036641125,18269.667204856873,0.2806099057197571,168.975,0.036641125,0.009863748,-27.086169700000006,131072,-0.22374229384286962
4,0.0,0.74667054,959,0.034781557,18415.14896798134,-0.07791173458099365,170.775,0.034781557,0.011113634,-27.0987218,132096,-0.2264689113221178
6,0.0,0.7095367,965,0.03651799,18563.66754078865,0.19132596254348755,169.025,0.03651799,0.010454997,-27.394947949999995,133120,-0.22876813510959354
8,0.0,0.81556785,973,0.033347145,18708.937576532364,0.37624800205230713,161.675,0.033347145,0.010168859,-25.5726085,134144,-0.2221700972243053
8,0.0,0.7351808,981,0.030968197,18855.380281686783,-0.04916882514953613,155.05,0.030968197,0.011088423,-24.261123925,135168,-0.22080229481473848
7,0.0,0.7616569,988,0.033669442,18999.789895296097,0.17513114213943481,145.05,0.033669442,0.010548844,-23.313699775,136192,-0.23139738277700928
9,0.0,0.64615417,997,0.039951816,19144.14954853058,0.6283093988895416,131.875,0.039951816,0.011322975,-22.234758625,137216,-0.2501426315095472
6,0.0,0.64049584,1003,0.026936714,19289.52673435211,0.5245780944824219,139.3,0.026936714,0.010613038,-22.185418175000002,138240,-0.24451257237019935
7,0.0,0.7267296,1010,0.03627295,19435.669112682343,0.4265008568763733,137.05,0.03627295,0.00984006,-22.664939550000003,139264,-0.24993921610293315
8,0.0,0.6917847,1018,0.048107103,19580.108379602432,0.31244271993637085,138.75,0.048107103,0.01192726,-22.022720800000002,140288,-0.25334310235828095
4,0.0,0.67518014,1022,0.035833053,19722.932363510132,0.16653484106063843,151.175,0.035833053,0.00982061,-22.2682755,141312,-0.24227277733631994
6,0.0,0.5619718,1028,0.04814498,19866.977130889893,0.3229514956474304,158.425,0.04814498,0.009509221,-21.918269475,142336,-0.22877462864517195
5,0.0,0.6649945,1033,0.030161586,20009.303617954254,0.36400896310806274,166.375,0.030161586,0.010230202,-21.886532475000003,143360,-0.22026448056561812
8,0.0,0.54559594,1041,0.03747654,20159.300890684128,-0.0029338598251342773,154.875,0.03747654,0.011948245,-23.138529124999998,144384,-0.2273135770202753
7,0.0,0.73784965,1048,0.023415044,20304.066208839417,-0.33177340030670166,156.125,0.023415044,0.011263754,-22.1139179,145408,-0.23157070157527926
6,0.0,0.58480513,1054,0.03530688,20449.144475460052,0.21944016218185425,171.9,0.03530688,0.010711279,-23.286588974999997,146432,-0.2127048301531076
6,0.0,0.64225936,1060,0.029368559,20591.886434316635,0.22629112005233765,163.625,0.029368559,0.010896087,-23.853487074999997,147456,-0.21341789754122567
9,0.0,0.5495999,1069,0.031443384,20737.16168165207,0.12539440393447876,145.125,0.031443384,0.0096389195,-24.337683724999998,148480,-0.2363468126666684
6,0.0,0.5657062,1075,0.034734398,20880.671808958054,0.34505850076675415,146.475,0.034734398,0.009050505,-24.607642425,149504,-0.23706928749966005
7,0.0,0.61441666,1082,0.03751055,21027.418785333633,0.3856106400489807,146.55,0.03751055,0.0112742605,-24.5881025,150528,-0.23661666412455187
9,0.0,0.710952,1091,0.03763081,21176.284770965576,0.35802119970321655,139.3,0.03763081,0.010616463,-23.789228424999997,151552,-0.2424246097819581
10,0.0,0.56493545,1101,0.026299719,21320.43946146965,0.31742537021636963,124.65,0.026299719,0.0104984585,-22.1572077,152576,-0.2578374437723144
5,0.0,0.6974266,1106,0.033103865,21464.00662589073,0.12757349014282227,140.1,0.033103865,0.011606205,-23.183024,153600,-0.2428105696527732
6,0.0,0.67804027,1112,0.040622443,21609.955320596695,0.02116227149963379,142.3,0.040622443,0.010653977,-24.224095675,154624,-0.2358919946495459
5,0.0,0.61321694,1117,0.020675745,21753.42017030716,0.22428441047668457,148.525,0.020675745,0.009214651,-24.113122025,155648,-0.22469410418463234
9,0.0,0.65442014,1126,0.030496407,21895.670729875565,0.42338842153549194,137.225,0.030496407,0.010368321,-24.094553075,156672,-0.23052769448890267
5,0.0,0.6529151,1131,0.029954236,22039.16641306877,0.32455354928970337,153.975,0.029954236,0.011594954,-24.857816675000002,157696,-0.20510301280186857
3,0.0,0.71950597,1134,0.03210643,22182.403892993927,0.3770434260368347,167.7,0.03210643,0.010341013,-25.63516975,158720,-0.18977955527774779
6,0.0,0.6643858,1140,0.03068191,22327.78214263916,0.4052029848098755,181.125,0.03068191,0.009229749,-26.21848475,159744,-0.17559151320447214
3,0.0,0.58241713,1143,0.033410974,22470.54363012314,0.3660951852798462,192.225,0.033410974,0.0110728,-27.422348850000002,160768,-0.1710648080479065
5,0.0,0.6089605,1148,0.03758371,22612.140394687653,0.279205322265625,195.525,0.03758371,0.010350537,-27.572897475,161792,-0.17277473333247673
9,0.0,0.692591,1157,0.032369033,22755.743248701096,0.44380873441696167,177.75,0.032369033,0.01017689,-24.979775124999996,162816,-0.18595956589457815
5,0.0,0.6149732,1162,0.06379963,22899.75125026703,0.3473628759384155,188.8,0.06379963,0.0040387046,-25.888699599999995,163840,-0.1789618508584803
5,0.0,0.6395404,1167,0.04491927,23045.405195474625,0.6285509765148163,194.95,0.04491927,0.010381844,-25.679378975000002,164864,-0.17993814258951063
6,0.0,0.6193931,1173,0.029081408,23188.33322072029,0.36272430419921875,190.875,0.029081408,0.010585788,-26.48185075,165888,-0.18917076570650454
5,0.0,0.5485574,1178,0.030471276,23332.51553606987,0.050518572330474854,179.7,0.030471276,0.013255968,-25.57391225,166912,-0.1955372304174155
5,0.0,0.5407089,1183,0.02640489,23475.56820178032,0.3685779571533203,183.0,0.02640489,0.0115845585,-26.716510600000003,167936,-0.19560872934363085
4,0.0,0.49827945,1187,0.02630959,23618.265417814255,-0.1357882022857666,186.575,0.02630959,0.010696706,-27.555611350000003,168960,-0.1935562960226968
8,0.0,0.5868958,1195,0.039161842,23764.281264781952,0.5390327572822571,182.025,0.039161842,0.010671396,-25.974736825,169984,-0.19907601293686297
8,0.0,0.517756,1203,0.028092965,23908.838832855225,0.20873653888702393,173.275,0.028092965,0.009904303,-24.990140125,171008,-0.206068477959282
5,0.0,0.66672486,1208,0.03232724,24051.449681520462,0.2504771947860718,172.025,0.03232724,0.009163977,-26.070504125000003,172032,-0.2060487443404578
7,0.0,0.48210156,1215,0.035404712,24194.093421936035,0.18487364053726196,167.75,0.035404712,0.011788424,-25.133521350000002,173056,-0.20756978130875242
9,0.0,0.4545392,1224,0.028807452,24338.12101840973,-0.08221971988677979,145.25,0.028807452,0.0116477795,-23.348011675000002,174080,-0.23532800656516034
7,0.0,0.60425574,1231,0.03845495,24487.013383865356,0.3746969699859619,142.95,0.03845495,0.009794554,-23.356509575,175104,-0.23921312746587198
5,0.0,0.6213897,1236,0.029977197,24632.550374269485,0.22592544555664062,149.2,0.029977197,0.0098271,-24.459278875000003,176128,-0.23523351096897155
5,0.0,0.52816623,1241,0.03329492,24775.78205370903,0.24957197904586792,161.175,0.03329492,0.009903385,-25.710589575,177152,-0.2292747794317586
5,0.0,0.6161313,1246,0.026537552,24919.289627313614,-0.1143043041229248,170.3,0.026537552,0.013621895,-26.258742125000005,178176,-0.2211133726280913
7,0.0,0.6203352,1253,0.03579255,25064.190920352936,0.3481699228286743,159.95,0.03579255,0.0099490825,-25.29060815,179200,-0.22798709306569814
4,0.0,0.5410867,1257,0.035820752,25206.95067191124,0.2203763723373413,171.875,0.035820752,0.009329351,-24.997960675,180224,-0.21163695343543387
9,0.0,0.59505475,1266,0.036803965,25353.281034231186,0.572561115026474,166.075,0.036803965,0.010789978,-24.564039625,181248,-0.21170289108321771
6,0.0,0.536393,1272,0.030683808,25495.584833860397,-0.08043527603149414,168.85,0.030683808,0.009252977,-25.7576099,182272,-0.2131661580068794
6,0.0,0.61521643,1278,0.037946023,25638.174850463867,0.2976340651512146,171.175,0.037946023,0.009900952,-26.318287549999997,183296,-0.20567101742295532
5,0.0,0.52287245,1283,0.02402119,25782.138604402542,0.17968326807022095,164.325,0.02402119,0.01158594,-25.65966735,184320,-0.20764936315589302
8,0.0,0.659192,1291,0.031379346,25926.28713464737,0.5733995735645294,160.0,0.031379346,0.010664157,-25.0455258,185344,-0.2070787406921744
7,0.0,0.5503523,1298,0.030417234,26070.681771993637,0.14926087856292725,144.725,0.030417234,0.00999209,-24.395605925,186368,-0.21349055329303074
6,0.0,0.5453858,1304,0.029271198,26216.710730791092,0.39542561769485474,152.85,0.029271198,0.010416622,-25.681064525,187392,-0.2063837614669044
9,0.0,0.6066796,1313,0.027378082,26362.956951618195,0.33133840560913086,153.0,0.027378082,0.009952273,-25.060023,188416,-0.1983832406026946
8,0.0,0.68445575,1321,0.02830561,26510.01935148239,0.4027103781700134,136.125,0.02830561,0.01012064,-23.78009135,189440,-0.21196492575354092
7,0.0,0.6078546,1328,0.03983682,26655.466386318207,0.502719908952713,135.725,0.03983682,0.012685722,-24.123332075,190464,-0.21167525426333517
7,0.0,0.6244699,1335,0.029731741,26799.678483724594,0.40292543172836304,138.0,0.029731741,0.0105828345,-24.2121844,191488,-0.21573694175012142
3,0.0,0.63034093,1338,0.029062584,26941.814474582672,0.4397614002227783,153.525,0.029062584,0.011020423,-25.50504335,192512,-0.20560059894222746
5,0.0,0.5888139,1343,0.036969677,27087.5390291214,0.5164297223091125,156.925,0.036969677,0.014131352,-25.003432699999998,193536,-0.20045153410768685
5,0.0,0.6045846,1348,0.03748765,27231.961120843887,0.5141687989234924,166.725,0.03748765,0.01172174,-25.95764005,194560,-0.19788372396133921
9,0.0,0.6886326,1357,0.037648644,27377.85892868042,0.2605857849121094,167.95,0.037648644,0.009956977,-25.553087474999998,195584,-0.1984853943897802
8,0.0,0.57611716,1365,0.026634473,27522.41975092888,0.34013086557388306,162.675,0.026634473,0.010751623,-24.460602575000003,196608,-0.20218385880067496
4,0.0,0.4860383,1369,0.029415488,27665.356988430023,0.33297014236450195,173.025,0.029415488,0.011357198,-26.367249225000002,197632,-0.19923933068422878
4,0.0,0.56482196,1373,0.02870379,27809.727371931076,0.45548057556152344,185.2,0.02870379,0.010722188,-26.700700375000004,198656,-0.18487194116814093
9,0.0,0.60457987,1382,0.03929341,27953.80016875267,0.263876736164093,159.525,0.03929341,0.012940073,-24.860896000000004,199680,-0.20809351217825917
7,0.0,0.5710197,1389,0.030162344,28097.187841176987,0.3099016547203064,142.775,0.030162344,0.012214002,-23.353344,200704,-0.21788039827909583
7,0.0,0.6172726,1396,0.03706261,28240.594026327133,0.49070608615875244,155.45,0.03706261,0.010313554,-23.345527575,201728,-0.20066040268286028
3,0.0,0.6007966,1399,0.037506286,28384.772267580032,0.34710341691970825,173.525,0.037506286,0.011886082,-26.455937700000003,202752,-0.19433251153831055
6,0.0,0.65677536,1405,0.03442815,28529.88131260872,-0.0865774154663086,180.775,0.03442815,0.010137134,-27.486042500000003,203776,-0.19050595064181572
10,0.0,0.61661875,1415,0.036868505,28675.67556142807,0.15547358989715576,151.325,0.036868505,0.010346407,-26.405548475,204800,-0.2202010455428755
6,0.0,0.57283604,1421,0.02537486,28819.300870895386,-0.08520662784576416,153.9,0.02537486,0.011137483,-26.00179515,205824,-0.21678682752839498
8,0.0,0.58841765,1429,0.028925039,28963.148413658142,0.024586975574493408,158.4,0.028925039,0.009510657,-26.544494250000003,206848,-0.20882231934425438
9,0.0,0.5661962,1438,0.0295268,29107.877365350723,0.15581107139587402,136.525,0.0295268,0.009130016,-24.16921975,207872,-0.22277693978227625
5,0.0,0.6598306,1443,0.030557692,29257.031662464142,0.12448519468307495,136.525,0.030557692,0.011787477,-24.225737325,208896,-0.2253275534396833
5,0.0,0.5299744,1448,0.028790783,29402.326457977295,0.16075384616851807,145.625,0.028790783,0.013118489,-24.444816250000002,209920,-0.2152590138343517
5,0.0,0.6112993,1453,0.031795636,29545.527606248856,0.40745121240615845,155.375,0.031795636,0.010698335,-23.889367625,210944,-0.20170726480930515
6,0.0,0.5799064,1459,0.02422631,29688.85858654976,0.33191484212875366,159.1,0.02422631,0.00974908,-25.012596975,211968,-0.19571511317232915
6,0.0,0.49212426,1465,0.035207056,29834.03212952614,0.41681617498397827,169.825,0.035207056,0.011483688,-27.248268724999996,212992,-0.19446130877067125
6,0.0,0.59031487,1471,0.027698308,29982.013974905014,-0.1302417516708374,169.425,0.027698308,0.010639823,-26.016278825,214016,-0.19353044860693885
6,0.0,0.59790397,1477,0.034772653,30125.801849126816,0.41663408279418945,183.625,0.034772653,0.011403758,-26.975507100000005,215040,-0.17900676012222458
6,0.0,0.4716087,1483,0.029135764,30267.455913305283,0.11428695917129517,180.55,0.029135764,0.011113509,-26.927856724999998,216064,-0.18419502034031598
7,0.0,0.5943418,1490,0.033596285,30412.67140030861,0.45793312788009644,173.9,0.033596285,0.012969307,-26.52224265,217088,-0.18975842823139163
6,0.0,0.6587901,1496,0.03791086,30563.545870304108,0.2008610963821411,170.05,0.03791086,0.009540434,-26.131714199999998,218112,-0.1972222278108553
7,0.0,0.5545045,1503,0.022808984,30709.16252875328,0.47298866510391235,158.55,0.022808984,0.009839243,-23.149047475,219136,-0.20151419927925165
9,0.0,0.64751554,1512,0.03547444,30853.764429807663,0.2388617992401123,151.925,0.03547444,0.011777916,-22.8529011,220160,-0.20882624187482507
6,0.0,0.49450096,1518,0.020257812,31001.33126974106,0.18994140625,148.55,0.020257812,0.011804542,-23.018131275000002,221184,-0.20885158010726873
3,0.0,0.57797575,1521,0.031151246,31144.2468957901,0.3586995005607605,155.225,0.031151246,0.009632981,-22.6044535,222208,-0.2039874093501386
8,0.0,0.51492256,1529,0.020369349,31287.80780863762,0.26298272609710693,157.075,0.020369349,0.009237067,-23.578780350000002,223232,-0.20656707114649056
10,0.0,0.6043104,1539,0.030638397,31436.28620839119,0.24385380744934082,143.15,0.030638397,0.009963062,-23.496752175,224256,-0.2174286345305168
6,0.0,0.51019907,1545,0.031149738,31580.146387577057,0.121890127658844,142.45,0.031149738,0.010504107,-23.6556283,225280,-0.2248615151810899
6,0.0,0.5741341,1551,0.03231927,31721.39556503296,0.0995328426361084,150.575,0.03231927,0.009893804,-24.403176499999997,226304,-0.22107583974914516
5,0.0,0.66962177,1556,0.034886993,31866.04478621483,0.4219086766242981,162.75,0.034886993,0.011373985,-25.053791699999998,227328,-0.21379313003550315
6,0.0,0.6010282,1562,0.031444117,32012.197280406952,0.14437627792358398,153.35,0.031444117,0.011208001,-24.0512545,228352,-0.21550931567819273
7,0.0,0.5958945,1569,0.03709414,32155.864295959473,0.3461480140686035,148.45,0.03709414,0.014645123,-23.510660225,229376,-0.2188929019888366
6,0.0,0.6393193,1575,0.032028843,32299.352068662643,-0.03970062732696533,158.85,0.032028843,0.010200284,-23.771204775,230400,-0.2143895151248953
4,0.0,0.4072786,1579,0.028408863,32441.302317857742,0.3899381756782532,177.175,0.028408863,0.01004138,-25.183141274999997,231424,-0.20401541321860842
5,0.0,0.54552704,1584,0.033963475,32582.434113264084,0.5375209748744965,186.125,0.033963475,0.010738667,-26.006020349999993,232448,-0.19142920676093908
4,0.0,0.62292945,1588,0.03835305,32726.385309696198,0.31357860565185547,193.6,0.03835305,0.009584799,-24.70833845,233472,-0.17969774317248782
4,0.0,0.55258524,1592,0.031495757,32871.428684711456,0.5343675017356873,197.05,0.031495757,0.011977484,-26.979727975000003,234496,-0.18123961246975648
6,0.0,0.5330087,1598,0.03147283,33019.38768863678,0.5282712578773499,199.525,0.03147283,0.0097146565,-27.766689924999998,235520,-0.1890959880047835
3,0.0,0.5730958,1601,0.026643649,33161.66609668732,0.5581080913543701,207.95,0.026643649,0.006128502,-28.456062175,236544,-0.18644817485729087
5,0.0,0.52989674,1606,0.030029345,33303.65293431282,0.330119788646698,213.6,0.030029345,0.01138813,-28.621366424999998,237568,-0.17709435751470765
6,0.0,0.40692264,1612,0.013512872,33446.380710840225,0.10301858186721802,225.975,0.013512872,0.0070430106,-28.582146599999998,238592,-0.16079058711620456
5,0.0,0.48492283,1617,0.05836902,33592.0144944191,0.5898414850234985,221.3,0.05836902,0.009989878,-27.953539550000006,239616,-0.16408704930023216
6,0.0,0.6288536,1623,0.030052256,33733.372202157974,0.4835212826728821,208.475,0.030052256,0.011611259,-26.989504250000003,240640,-0.17303938632775662
7,0.0,0.60378337,1630,0.02859009,33876.591936826706,0.377541720867157,194.0,0.02859009,0.009334497,-26.335355725,241664,-0.18725027406669864
3,0.0,0.491898,1633,0.023965582,34017.43559718132,0.41328155994415283,197.775,0.023965582,0.011483182,-26.735949225000002,242688,-0.18546355863101632
7,0.0,0.5786493,1640,0.026561758,34162.34394264221,0.4752330183982849,185.1,0.026561758,0.010380688,-25.855615450000005,243712,-0.1950322763081129
6,0.0,0.48449373,1646,0.03372324,34307.03389906883,0.26181817054748535,179.35,0.03372324,0.013181508,-25.48358045,244736,-0.2029363850168501
4,0.0,0.5686699,1650,0.034799777,34452.26564526558,0.3050000071525574,182.1,0.034799777,0.009778225,-25.502045950000003,245760,-0.19694153584746749
7,0.0,0.5843044,1657,0.03461425,34595.84711098671,0.10806262493133545,178.875,0.03461425,0.009324999,-25.189805574999998,246784,-0.19684663202021857
7,0.0,0.60351616,1664,0.0359704,34739.414097070694,0.5225239992141724,172.85,0.0359704,0.010631274,-24.54416165,247808,-0.2034296987238235
6,0.0,0.5899601,1670,0.03314518,34883.72699570656,0.45893025398254395,178.225,0.03314518,0.010782956,-24.464854975,248832,-0.19638368788313745
5,0.0,0.63302964,1675,0.03606985,35030.68619298935,0.0836753249168396,168.0,0.03606985,0.01093838,-23.747286125,249856,-0.2008849155809779
5,0.0,0.5475467,1680,0.05204063,35173.465326070786,0.3705217242240906,178.525,0.05204063,0.01003649,-24.21345265,250880,-0.1865801850124002
4,0.0,0.5680192,1684,0.018715598,35316.07807826996,0.00480419397354126,186.525,0.018715598,0.010026166,-24.764398225,251904,-0.17998653651326904
6,0.0,0.64430034,1690,0.024162807,35457.54590368271,0.3166118264198303,182.225,0.024162807,0.010253038,-24.856678925,252928,-0.18777313234826104
7,0.0,0.52918476,1697,0.03407644,35602.54337692261,0.2669118642807007,178.75,0.03407644,0.013835031,-25.3216592,253952,-0.19013534006997118
7,0.0,0.5398927,1704,0.038685314,35747.6637532711,0.4379603862762451,182.825,0.038685314,0.010657954,-25.40859055,254976,-0.18536848598059835
5,0.0,0.40748456,1709,0.030604295,35893.068618535995,0.5054304003715515,177.775,0.030604295,0.011696184,-26.195859825000003,256000,-0.1958379794082774
5,0.0,0.59983635,1714,0.039870743,36041.727687358856,0.25961291790008545,185.925,0.039870743,0.011846206,-26.686924899999998,257024,-0.18805326166012842
6,0.0,0.5155223,1720,0.038367927,36184.9344265461,0.4117215871810913,184.3,0.038367927,0.010970567,-26.57912725,258048,-0.18749801644465264
5,0.0,0.5268141,1725,0.03418199,36331.63353180885,-0.7426878213882446,177.5,0.03418199,0.010497588,-26.9390273,259072,-0.19437880469578897
5,0.0,0.44242543,1730,0.036762703,36474.74111652374,0.36145472526550293,177.325,0.036762703,0.009804498,-27.05780095,260096,-0.19445773207989372
5,0.0,0.48883525,1735,0.01643133,36618.055537223816,0.3092653155326843,185.925,0.01643133,0.007876558,-29.011700825000002,261120,-0.19742808020711128
5,0.0,0.48360038,1740,0.023478583,36764.295016765594,0.11787229776382446,198.25,0.023478583,0.010669276,-30.180719,262144,-0.18894500221462046
7,0.0,0.477852,1747,0.022580445,36911.48275756836,0.06642484664916992,189.725,0.022580445,0.0110001005,-29.718711674999998,263168,-0.18824262280950177
3,0.0,0.40091363,1750,0.015526228,37059.499171733856,-0.10421311855316162,198.15,0.015526228,0.0068040406,-29.474925425,264192,-0.18052478454289472
8,0.0,0.4315459,1758,0.02697692,37204.03897738457,0.2962309718132019,185.0,0.02697692,0.014060895,-28.889061475,265216,-0.19584009856374096
4,0.0,0.59187645,1762,0.029015414,37344.92649888992,0.4497870206832886,192.625,0.029015414,0.010443853,-27.821916975,266240,-0.1856984791235352
6,0.0,0.38809657,1768,0.032613117,37489.143251657486,0.3444541096687317,193.725,0.032613117,0.010014156,-27.30685515,267264,-0.18779432273866678
5,0.0,0.5180791,1773,0.034650907,37637.60841059685,0.49974286556243896,183.225,0.034650907,0.009393756,-24.5590748,268288,-0.18697283388628344
10,0.0,0.49811777,1783,0.028945254,37783.6462097168,0.4923190474510193,167.1,0.028945254,0.011218871,-23.149215575000003,269312,-0.20880650539136197
4,0.0,0.57334125,1787,0.040810883,37928.10648274422,0.2076479196548462,173.0,0.040810883,0.012424253,-23.81217005,270336,-0.2068588281067551
5,0.0,0.5749611,1792,0.03003548,38075.19725203514,0.2935754656791687,172.75,0.03003548,0.013273855,-24.0076662,271360,-0.20476590119746302
5,0.0,0.3902463,1797,0.021711975,38218.087148189545,0.26992231607437134,178.175,0.021711975,0.0097975135,-24.637493300000003,272384,-0.19925257992534356
7,0.0,0.51198554,1804,0.03439583,38362.59568190575,0.4603572487831116,171.5,0.03439583,0.012233579,-25.30046635,273408,-0.20477944747037052
8,0.0,0.52280235,1812,0.045729842,38512.51159238815,0.11785721778869629,161.625,0.045729842,0.0124918595,-25.750596799999993,274432,-0.20594341628608656
6,0.0,0.61824805,1818,0.033954013,38656.3372323513,0.2178214192390442,168.6,0.033954013,0.010676786,-26.119136474999998,275456,-0.19631031776566302
6,0.0,0.5285637,1824,0.026780074,38799.743879556656,0.3846989870071411,175.975,0.026780074,0.0106964195,-26.499933724999998,276480,-0.1836629814886672
7,0.0,0.5316212,1831,0.032663524,38945.451651096344,0.2835056185722351,157.275,0.032663524,0.011436653,-24.540617349999998,277504,-0.1994529632870361
5,0.0,0.5387617,1836,0.035056055,39087.87773704529,0.126392662525177,161.875,0.035056055,0.013304169,-23.708306025,278528,-0.19513198199376683
6,0.0,0.5624386,1842,0.033533506,39237.403458595276,0.4485744833946228,158.275,0.033533506,0.011900261,-23.34073825,279552,-0.19675110590919467
5,0.0,0.5026342,1847,0.0140266195,39383.79237031937,0.23255908489227295,163.6,0.0140266195,0.006894372,-23.33660175,280576,-0.19297411083277133
5,0.0,0.6102571,1852,0.029980082,39529.59336733818,0.5286149680614471,177.925,0.029980082,0.011512352,-24.661587049999998,281600,-0.18605793112673014
7,0.0,0.63508767,1859,0.03975211,39673.17561388016,0.3168998956680298,171.075,0.03975211,0.012550219,-25.245111375,282624,-0.1972392602945658
7,0.0,0.43949097,1866,0.03191945,39815.95334291458,0.35842299461364746,171.225,0.03191945,0.011035856,-25.3764549,283648,-0.20010597851722486
7,0.0,0.5306318,1873,0.046922646,39964.318593502045,0.5839471518993378,167.05,0.046922646,0.011188074,-24.89153355,284672,-0.19977246281689243
5,0.0,0.52986044,1878,0.035752673,40109.7845518589,0.529059648513794,171.0,0.035752673,0.010685464,-25.744531799999997,285696,-0.19962523277205108
6,0.0,0.3873647,1884,0.026076056,40254.87610578537,0.12069487571716309,176.8,0.026076056,0.010924704,-27.2353836,286720,-0.19651467468809763
9,0.0,0.5816323,1893,0.033566795,40397.839742183685,0.1373978853225708,144.75,0.033566795,0.009782806,-24.47459705,287744,-0.2189111721049284
7,0.0,0.38734418,1900,0.039018907,40543.476506233215,0.587562769651413,153.125,0.039018907,0.011328009,-23.875565424999998,288768,-0.21618886429838366
7,0.0,0.5460775,1907,0.034259673,40689.30704879761,0.419217050075531,146.575,0.034259673,0.0103715705,-23.7464696,289792,-0.2201520401119693
7,0.0,0.38725728,1914,0.024825204,40833.22094964981,0.2915753126144409,151.45,0.024825204,0.009863902,-24.9034801,290816,-0.22232749913806565
8,0.0,0.44352192,1922,0.036007762,40979.85068798065,0.48777586221694946,135.75,0.036007762,0.011938536,-21.739177475,291840,-0.23225670476392396
8,0.0,0.5021363,1930,0.027089758,41125.41939115524,0.35734719038009644,140.325,0.027089758,0.012077846,-21.200064750000003,292864,-0.22871770763547436
5,0.0,0.50966066,1935,0.03340921,41270.44698095322,0.4610062837600708,148.05,0.03340921,0.012122011,-22.012110749999998,293888,-0.22484902233758594
5,0.0,0.3551172,1940,0.028079811,41415.31862950325,0.23393893241882324,149.1,0.028079811,0.013621144,-22.788326675,294912,-0.22420199694088838
7,0.0,0.5145477,1947,0.03859413,41560.18596076965,0.37570643424987793,153.75,0.03859413,0.011790281,-22.814704900000002,295936,-0.21486775927434604
6,0.0,0.41980615,1953,0.040394012,41703.781866550446,0.5984855890274048,153.425,0.040394012,0.012373732,-22.04878065,296960,-0.20926452356059694
4,0.0,0.3445339,1957,0.035356533,41847.45133829117,-0.02043759822845459,159.5,0.035356533,0.010999256,-24.0169617,297984,-0.20982775772626638
6,0.0,0.40463835,1963,0.030151973,41990.38876080513,0.6707346141338348,178.2,0.030151973,0.011053036,-26.117133149999994,299008,-0.1924412018956628
4,0.0,0.34748268,1967,0.023181893,42132.368389844894,0.4658185839653015,186.05,0.023181893,0.00882142,-26.868318875,300032,-0.1830440373480508
8,0.0,0.3226983,1975,0.028570972,42277.1792652607,0.33552318811416626,177.775,0.028570972,0.009984105,-25.524441175,301056,-0.18959164215803073
8,0.0,0.34324795,1983,0.019777924,42423.95483112335,0.553388774394989,168.5,0.019777924,0.0039373124,-25.5168878,302080,-0.19240243271784252
8,0.0,0.40689582,1991,0.020761728,42568.46791887283,0.30842506885528564,160.425,0.020761728,0.0039728764,-24.651492100000002,303104,-0.20058821186858392
7,0.0,0.3497975,1998,0.026416473,42712.00673222542,-0.07324647903442383,147.475,0.026416473,0.009754196,-23.191172125,304128,-0.2138056915582054
7,0.0,0.38349736,2005,0.03999796,42855.55255198479,0.5137331187725067,144.3,0.03999796,0.010260111,-23.140846599999996,305152,-0.21567722984409304
8,0.0,0.51504743,2013,0.036527492,43004.42114162445,0.5723952949047089,129.05,0.036527492,0.010619206,-22.777847625,306176,-0.22190649519544134
4,0.0,0.49876094,2017,0.029130347,43149.02654194832,0.23535972833633423,144.7,0.029130347,0.008567996,-24.531955600000003,307200,-0.21204603806434572
5,0.0,0.45164448,2022,0.023868265,43291.418312072754,0.2874597907066345,160.125,0.023868265,0.010827238,-25.9852503,308224,-0.2060687667154287
11,0.0,0.55341274,2033,0.027495347,43435.77894997597,0.33718669414520264,144.775,0.027495347,0.011207504,-24.7033475,309248,-0.20994089291230084
9,0.0,0.47046894,2042,0.036520503,43582.1731967926,0.4367268681526184,137.425,0.036520503,0.010087414,-23.464366425,310272,-0.20792301543557218
7,0.0,0.5581297,2049,0.029311338,43726.72698020935,0.5141970813274384,141.175,0.029311338,0.01077577,-22.794096525000004,311296,-0.20312993196446288
6,0.0,0.41409224,2055,0.022946715,43869.64488816261,-0.20770931243896484,143.35,0.022946715,0.008653102,-22.675805200000003,312320,-0.20063017045394274
8,0.0,0.31515276,2063,0.022895187,44012.99655652046,0.4335561990737915,124.9,0.022895187,0.0131468205,-20.8224776,313344,-0.2169916676281975
5,0.0,0.4535234,2068,0.027786208,44156.122923612595,0.3771248459815979,136.175,0.027786208,0.011771949,-21.929122725000003,314368,-0.21392871132975505
5,0.0,0.2901972,2073,0.014765166,44300.67422437668,-0.2255648374557495,149.95,0.014765166,0.0039990116,-22.048329875,315392,-0.20530904419275062
8,0.0,0.3679205,2081,0.031838432,44444.6894659996,0.2693493366241455,155.875,0.031838432,0.010616429,-21.785028099999998,316416,-0.21158239582935656
4,0.0,0.4887087,2085,0.020881709,44588.68747019768,0.1093524694442749,160.3,0.020881709,0.009995072,-22.845160175,317440,-0.2124627065602626
7,0.0,0.5146391,2092,0.02842097,44733.43984699249,0.3517014980316162,159.8,0.02842097,0.0092707,-22.343815475,318464,-0.21497811847004789
9,0.0,0.51081806,2101,0.037332892,44878.51377034187,0.44527119398117065,155.05,0.037332892,0.013103305,-21.66106065,319488,-0.21669816950786797
8,0.0,0.42017388,2109,0.03672406,45025.21346831322,0.5652017295360565,147.775,0.03672406,0.009763618,-20.697483124999998,320512,-0.21712059622915342
6,0.0,0.5693159,2115,0.032787308,45167.4294924736,0.29564785957336426,146.375,0.032787308,0.009426622,-21.50774145,321536,-0.22285769265627958
5,0.0,0.5381329,2120,0.027375959,45309.32613492012,0.5733052790164948,153.225,0.027375959,0.010254074,-22.810487000000002,322560,-0.20990272833246593
5,0.0,0.41971844,2125,0.03978344,45455.34400892258,0.3927510380744934,150.475,0.03978344,0.011571312,-22.496531150000003,323584,-0.21102124100842587
8,0.0,0.39582935,2133,0.0343555,45606.99522900581,0.42525655031204224,145.125,0.0343555,0.010906034,-22.886441050000002,324608,-0.21237693414214798
6,0.0,0.5305346,2139,0.029919349,45752.86835408211,0.607386440038681,157.0,0.029919349,0.010975229,-23.176720075,325632,-0.2048159923000262
8,0.0,0.49918008,2147,0.03273952,45898.623566150665,0.13929367065429688,163.775,0.03273952,0.014442268,-24.446296375,326656,-0.1976128475626175
5,0.0,0.5345353,2152,0.031638846,46047.084755420685,0.4497950077056885,171.2,0.031638846,0.010995708,-26.067794299999996,327680,-0.1928490628623023
7,0.0,0.6333412,2159,0.035292864,46189.433109521866,0.41409832239151,162.375,0.035292864,0.011763959,-24.512411774999997,328704,-0.19828180541136745
7,0.0,0.59568954,2166,0.032164358,46343.206342458725,0.7748745977878571,151.175,0.032164358,0.009859762,-23.4138929,329728,-0.2100522220483593
5,0.0,0.53745043,2171,0.033233337,46484.521069049835,0.11014425754547119,160.85,0.033233337,0.010113211,-24.465254100000003,330752,-0.21162850643451353
6,0.0,0.36727592,2177,0.035236232,46632.24568319321,0.1473904252052307,173.225,0.035236232,0.010269188,-25.934959749999997,331776,-0.19654231404495834
8,0.0,0.51729417,2185,0.01968659,46780.64839506149,0.7597920447587967,158.575,0.01968659,0.009857315,-23.511168675,332800,-0.20985863988503115
8,0.0,0.53204393,2193,0.038977306,46924.686519384384,0.4075503349304199,149.125,0.038977306,0.010697508,-21.721313650000003,333824,-0.2203817488582877
8,0.0,0.6007754,2201,0.03363096,47072.15928721428,0.694845587015152,138.05,0.03363096,0.013750585,-21.388927674999998,334848,-0.22267541627316553
8,0.0,0.5938692,2209,0.04518236,47217.51936125755,0.5309069454669952,128.575,0.04518236,0.009504627,-20.124882975,335872,-0.22303815113331998
6,0.0,0.4696684,2215,0.026650341,47362.50424575806,0.608180046081543,134.2,0.026650341,0.008490726,-20.462734450000003,336896,-0.21972408270762261
6,0.0,0.44363108,2221,0.10452311,47506.66617155075,0.481273889541626,141.2,0.10452311,0.014637895,-20.927642725,337920,-0.2158722991148431
7,0.0,0.45160136,2228,0.035348743,47649.95753002167,0.30512481927871704,139.3,0.035348743,0.011964227,-21.814007325,338944,-0.2228973230049857
6,0.0,0.5195354,2234,0.033334278,47792.81423473358,0.3851817846298218,152.425,0.033334278,0.00994087,-22.91071605,339968,-0.20875121953083003
8,0.0,0.5314664,2242,0.028053567,47938.219430446625,0.5952870845794678,150.675,0.028053567,0.011858832,-23.09529,340992,-0.21381386200534372
12,0.0,0.63221,2254,0.0345736,48083.00633573532,0.4670146107673645,132.45,0.0345736,0.0102551,-21.119373325,342016,-0.21920024833626622
8,0.0,0.4922235,2262,0.030227598,48228.51771116257,0.5171149671077728,118.325,0.030227598,0.010533251,-21.6887429,343040,-0.23702502666189237
5,0.0,0.6724947,2267,0.029105276,48372.33867883682,0.05885887145996094,131.925,0.029105276,0.011824908,-21.228991,344064,-0.21689009054679503
6,0.0,0.46534762,2273,0.03347617,48516.18912744522,0.48990708589553833,134.1,0.03347617,0.009813632,-21.110042575,345088,-0.21369593155503389
5,0.0,0.4182459,2278,0.030956067,48661.62421584129,-0.4140009880065918,137.325,0.030956067,0.011043923,-20.860413899999998,346112,-0.21623896335410037
6,0.0,0.55827904,2284,0.03226212,48812.66648721695,0.5140478312969208,146.3,0.03226212,0.012648346,-20.604838524999998,347136,-0.21294827890275006
5,0.0,0.59111536,2289,0.019875988,48957.57099080086,0.22062945365905762,165.425,0.019875988,0.010915394,-22.216262,348160,-0.19348907551603314
9,0.0,0.6356908,2298,0.01858409,49101.76164317131,0.4378994107246399,166.15,0.01858409,0.0043506115,-21.326057025,349184,-0.20039232171140817
6,0.0,0.50666136,2304,0.02292737,49246.118873119354,0.23712849617004395,163.375,0.02292737,0.009386654,-21.740666700000002,350208,-0.19727667385992417
10,0.0,0.44992498,2314,0.027418358,49397.77993154526,0.3289340138435364,152.45,0.027418358,0.010605538,-21.316353575,351232,-0.2132065864108335
4,0.0,0.4284748,2318,0.017988363,49543.40883207321,0.5281716883182526,155.325,0.017988363,0.0068068784,-22.282147200000004,352256,-0.20710161887179696
7,0.0,0.4667164,2325,0.028168008,49687.682706832886,0.18535643815994263,139.85,0.028168008,0.010862883,-21.978703425,353280,-0.21155293387893312
5,0.0,0.41551435,2330,0.025571808,49830.83722758293,-0.02873671054840088,151.875,0.025571808,0.009352476,-23.2208084,354304,-0.2042358229132591
7,0.0,0.42725855,2337,0.030115569,49974.855770111084,0.42107248306274414,157.575,0.030115569,0.011799947,-24.156362675,355328,-0.19395999297688032
7,0.0,0.5304093,2344,0.022347873,50120.01699137688,0.4754166603088379,157.3,0.022347873,0.009904862,-24.063024249999998,356352,-0.19712380533511561
7,0.0,0.29396737,2351,0.015024081,50266.54798078537,0.35852164030075073,160.975,0.015024081,0.0042787497,-24.937337574999997,357376,-0.19630412363396849
9,0.0,0.47899187,2360,0.027579326,50413.24411559105,0.4026358127593994,145.9,0.027579326,0.011331284,-23.111326374999997,358400,-0.2126273257700652
5,0.0,0.43487227,2365,0.029290272,50561.133993148804,0.37734276056289673,159.875,0.029290272,0.0110097425,-24.4754963,359424,-0.21074716247778316
8,0.0,0.47956306,2373,0.036509074,50702.890431165695,0.6162643730640411,137.125,0.036509074,0.012582163,-22.512992575,360448,-0.23014630819360207
6,0.0,0.39997303,2379,0.028495923,50848.19740772247,0.4246896505355835,144.775,0.028495923,0.012187923,-23.010614975,361472,-0.2254757117985732
6,0.0,0.4537567,2385,0.028980821,50992.21868634224,0.41511768102645874,152.475,0.028980821,0.010651081,-23.521752175,362496,-0.21384963076359806
5,0.0,0.5167744,2390,0.033114508,51137.600759744644,0.7199464440345764,154.35,0.033114508,0.011430767,-22.877309825,363520,-0.2111120196451278
3,0.0,0.55406064,2393,0.04746376,51281.14292216301,0.08285892009735107,172.05,0.04746376,0.013119348,-23.3558289,364544,-0.19469505563871756
12,0.0,0.5515962,2405,0.028966904,51430.626945734024,0.5428922772407532,151.775,0.028966904,0.01132684,-21.5377661,365568,-0.20177649106312626
7,0.0,0.4469648,2412,0.03125154,51575.22132897377,0.3867461681365967,157.775,0.03125154,0.01127604,-22.149283175,366592,-0.20043536241509657
9,0.0,0.4547772,2421,0.029266499,51718.16158270836,0.4367542266845703,146.525,0.029266499,0.009558076,-20.597134625000002,367616,-0.20933690497371232
6,0.0,0.46396804,2427,0.013020467,51864.35507631302,0.5346802473068237,137.575,0.013020467,0.0036526497,-20.1850412,368640,-0.21585450202826975
6,0.0,0.35213864,2433,0.028973382,52010.23460459709,0.5697225332260132,126.75,0.028973382,0.0131081585,-21.2383792,369664,-0.2276841895045568
7,0.0,0.53553367,2440,0.027703334,52155.546771764755,0.4210507869720459,138.475,0.027703334,0.010263972,-21.655451774999996,370688,-0.21752463345741244
7,0.0,0.4660182,2447,0.02037235,52298.32133936882,0.4786983132362366,147.225,0.02037235,0.004032311,-22.7744259,371712,-0.20555889592448526
7,0.0,0.30983222,2454,0.036046147,52443.15116858482,0.3835678696632385,143.8,0.036046147,0.011190777,-22.2672103,372736,-0.21246731453293705
4,0.0,0.503827,2458,0.04342763,52585.50366663933,0.13449519872665405,161.6,0.04342763,0.008686718,-23.372003475,373760,-0.19897682772970696
5,0.0,0.3773391,2463,0.022715803,52736.38622164726,0.6599113643169403,172.175,0.022715803,0.010868758,-24.18784335,374784,-0.19197657097994658
5,0.0,0.567378,2468,0.038888592,52881.5387904644,0.38839030265808105,169.125,0.038888592,0.012946603,-24.3507338,375808,-0.19734329337525208
6,0.0,0.43944538,2474,0.027180005,53026.32289671898,-0.08950960636138916,176.225,0.027180005,0.0112714935,-24.29941345,376832,-0.19058553816342622
5,0.0,0.39613873,2479,0.019050535,53176.54495596886,0.18075573444366455,179.95,0.019050535,0.009957207,-25.701887225,377856,-0.19400340376772254
4,0.0,0.3805288,2483,0.030175019,53323.32554745674,0.4043273329734802,192.025,0.030175019,0.012660663,-26.9197426,378880,-0.1916240318207846
5,0.0,0.44867197,2488,0.024602583,53468.62143611908,0.2148403525352478,197.625,0.024602583,0.012092723,-27.895215450000002,379904,-0.18969751342147062
5,0.0,0.38600624,2493,0.028631054,53611.556500434875,0.4060049057006836,205.0,0.028631054,0.011042963,-29.260997525,380928,-0.182519429189481
9,0.0,0.49951005,2502,0.030136615,53757.49894452095,0.35849320888519287,183.225,0.030136615,0.009237501,-27.728836950000005,381952,-0.1901960947222839
4,0.0,0.35272568,2506,0.012832552,53903.28980374336,0.34760332107543945,193.725,0.012832552,0.004801319,-29.102239125,382976,-0.18647976032939373
6,0.0,0.40967914,2512,0.033293158,54050.83707165718,0.4784005284309387,187.375,0.033293158,0.012809105,-30.201086350000004,384000,-0.20057339079281172
5,0.0,0.31997517,2517,0.014653681,54197.914630413055,0.3972681760787964,190.625,0.014653681,0.0039540553,-31.137789774999998,385024,-0.19442691326418599
6,0.0,0.4587681,2523,0.035238422,54341.16047024727,0.475990891456604,175.675,0.035238422,0.010298836,-29.186673475,386048,-0.20218546902344103
8,0.0,0.4314093,2531,0.023238555,54486.414430856705,0.4648282527923584,166.55,0.023238555,0.004283958,-27.841568674999998,387072,-0.20933716177266176
6,0.0,0.48750252,2537,0.014881748,54634.99725651741,0.5417492091655731,168.175,0.014881748,0.0039494555,-27.71453735,388096,-0.20874261093539043
6,0.0,0.38997328,2543,0.03698196,54779.62137508392,0.36713677644729614,171.25,0.03698196,0.004854161,-26.826607575000004,389120,-0.20474911834944987
8,0.0,0.40158036,2551,0.023676619,54926.253304719925,0.41683101654052734,158.1,0.023676619,0.011813028,-23.34216465,390144,-0.20656106998051751
5,0.0,0.39165682,2556,0.034242213,55071.377165555954,0.13121825456619263,163.125,0.034242213,0.011175905,-22.35503515,391168,-0.1974351260743465
5,0.0,0.34951943,2561,0.022240225,55216.384418964386,0.31296753883361816,168.125,0.022240225,0.009448527,-22.32034505,392192,-0.19368808515530753
6,0.0,0.41312715,2567,0.014271155,55362.17836809158,0.21811622381210327,162.9,0.014271155,0.003793707,-22.5417347,393216,-0.2035875000869365
8,0.0,0.37936652,2575,0.025145873,55506.650304317474,0.5853429436683655,164.375,0.025145873,0.010351015,-21.995373575,394240,-0.20778919348584646
11,0.0,0.53349686,2586,0.040986266,55656.257424116135,0.5666588544845581,131.875,0.040986266,0.013557038,-20.9036204,395264,-0.2289894173577728
7,0.0,0.5145978,2593,0.018307438,55802.16861605644,0.586929589509964,137.8,0.018307438,0.0043804767,-21.445534674999998,396288,-0.2181960296084103
5,0.0,0.35409093,2598,0.015136033,55949.07628726959,-0.04236710071563721,137.6,0.015136033,0.004386962,-22.01875085,397312,-0.22036113695793622
5,0.0,0.43896025,2603,0.03851736,56094.80663561821,0.2915559411048889,144.95,0.03851736,0.01370312,-23.00806755,398336,-0.21616703930279488
7,0.0,0.4056558,2610,0.01632087,56239.45178151131,0.5644271969795227,136.5,0.01632087,0.0043973443,-22.466115300000002,399360,-0.22560910665464462
5,0.0,0.4262691,2615,0.015903663,56386.93000125885,0.6798539161682129,150.55,0.015903663,0.0051088366,-24.018009275,400384,-0.2039909369599985
5,0.0,0.33309317,2620,0.017869353,56530.59154486656,0.5461212694644928,166.425,0.017869353,0.004508859,-25.6130865,401408,-0.1935869890965209
4,0.0,0.49349678,2624,0.034430012,56675.05474281311,0.7121195793151855,186.125,0.034430012,0.011863694,-27.189651875,402432,-0.18545309632173085
4,0.0,0.41723216,2628,0.035058793,56819.20083737373,0.5574658215045929,191.3,0.035058793,0.009753744,-27.405770875,403456,-0.18272781125472637
5,0.0,0.37565216,2633,0.021449283,56962.575573682785,0.4483559727668762,201.475,0.021449283,0.009171139,-28.497546524999997,404480,-0.17880926647607295
11,0.0,0.5672414,2644,0.030609129,57105.67379927635,0.5449877083301544,172.825,0.030609129,0.011425268,-25.3589326,405504,-0.19614708355876254
6,0.0,0.5057022,2650,0.031116717,57249.54697704315,0.6026920974254608,179.375,0.031116717,0.010655154,-26.484973425,406528,-0.18848123158128563
7,0.0,0.3226658,2657,0.031150512,57396.428826093674,0.03936183452606201,173.75,0.031150512,0.008029288,-25.767305874999998,407552,-0.19929045901805365
6,0.0,0.5575001,2663,0.023392811,57546.12588381767,0.31429189443588257,159.95,0.023392811,0.01017876,-24.514286325,408576,-0.21037045241692023
8,0.0,0.47813368,2671,0.029284194,57697.01782846451,0.6749281883239746,141.5,0.029284194,0.0122607,-22.9985899,409600,-0.2275718941214969
9,0.0,0.43048504,2680,0.03035899,57845.25410294533,0.44032299518585205,141.0,0.03035899,0.01004736,-23.350800399999997,410624,-0.23058225484249867
6,0.0,0.46080387,2686,0.026346322,57993.92257332802,0.6181573271751404,147.25,0.026346322,0.010785733,-23.671376799999997,411648,-0.2251907866434663
5,0.0,0.3422938,2691,0.03186641,58143.53192400932,0.3748564124107361,149.05,0.03186641,0.010870365,-23.290051275,412672,-0.21803064968585179
8,0.0,0.46937257,2699,0.024851907,58290.963582754135,0.17106980085372925,136.35,0.024851907,0.011596463,-22.767490974999998,413696,-0.227818731180583
7,0.0,0.42147785,2706,0.029834047,58438.107359170914,0.003952741622924805,144.3,0.029834047,0.01090829,-23.143884475,414720,-0.21861977618455217
5,0.0,0.38441908,2711,0.044924926,58584.553738832474,0.28116703033447266,158.525,0.044924926,0.013807372,-24.021627950000003,415744,-0.2052639001814048
6,0.0,0.44220513,2717,0.044198606,58732.474954128265,0.6189039647579193,156.7,0.044198606,0.012250506,-23.099072200000002,416768,-0.2078950334092327
7,0.0,0.43036005,2724,0.02631291,58883.20463562012,0.5371288955211639,160.5,0.02631291,0.011647638,-23.964596074999996,417792,-0.20786642743566483
6,0.0,0.47491863,2730,0.024684943,59035.60680580139,0.43003618717193604,153.125,0.024684943,0.011311776,-23.793736625,418816,-0.21144238468634535
7,0.0,0.53190786,2737,0.025115969,59179.24185371399,0.5825376808643341,158.525,0.025115969,0.011140959,-23.74636345,419840,-0.20595662475187676
4,0.0,0.36967406,2741,0.014294814,59327.5481441021,-0.10204637050628662,164.25,0.014294814,0.0042135543,-24.850823050000002,420864,-0.20582777550519132
8,0.0,0.43974736,2749,0.03754615,59493.96720290184,0.4770175814628601,159.2,0.03754615,0.012394804,-23.851764824999997,421888,-0.20747446848641293
11,0.0,0.44020465,2760,0.03552708,59643.79975795746,0.5023970305919647,140.75,0.03552708,0.013571858,-23.4144237,422912,-0.21859091414342052
8,0.0,0.6030055,2768,0.033906803,59794.28065299988,0.5043170154094696,141.875,0.033906803,0.011592457,-23.596954225,423936,-0.2231447606104439
5,0.0,0.4330275,2773,0.021164048,59937.94154214859,0.5017623603343964,142.1,0.021164048,0.012859475,-23.978611075,424960,-0.2220445813662363
6,0.0,0.57415134,2779,0.03376425,60081.91261601448,0.5015573501586914,141.45,0.03376425,0.010158689,-23.335457325,425984,-0.2200023155294195
4,0.0,0.4477391,2783,0.024093453,60227.5196723938,0.43915653228759766,138.325,0.024093453,0.0045298277,-23.412478650000004,427008,-0.22419466605641217
7,0.0,0.519873,2790,0.033842042,60371.0445690155,0.6144118010997772,151.625,0.033842042,0.009515201,-25.122705725000003,428032,-0.21676816602644983
4,0.0,0.5214248,2794,0.024992201,60514.95398926735,0.4610856771469116,168.75,0.024992201,0.010919077,-27.016141349999998,429056,-0.20387450013786063
6,0.0,0.5459881,2800,0.029473003,60658.90579986572,0.4078747630119324,176.6,0.029473003,0.0116274385,-26.987872349999996,430080,-0.2032920042159553
6,0.0,0.38772628,2806,0.028589364,60803.1429438591,0.5299369692802429,178.875,0.028589364,0.011766912,-27.671128275,431104,-0.20252391331416542
5,0.0,0.4551797,2811,0.018124541,60949.4617357254,0.4200274348258972,193.825,0.018124541,0.0065039247,-29.224564599999997,432128,-0.19291816709181825
8,0.0,0.3909141,2819,0.032377116,61096.32555818558,0.5266618132591248,180.575,0.032377116,0.009405873,-29.05403665,433152,-0.20934371897463286
6,0.0,0.5080594,2825,0.04045456,61246.87187933922,0.5661624670028687,172.85,0.04045456,0.0101347715,-27.136060675,434176,-0.21138798469481718
7,0.0,0.3909306,2832,0.031834695,61392.78729557991,0.4368096590042114,158.675,0.031834695,0.009293895,-24.609048374999997,435200,-0.22001417023715858
6,0.0,0.43762738,2838,0.015959553,61536.3955411911,0.6432380378246307,155.85,0.015959553,0.004291076,-25.374228975,436224,-0.2277828917791099
5,0.0,0.5249524,2843,0.026946656,61680.87921643257,0.617172360420227,173.575,0.026946656,0.01338026,-27.52002515,437248,-0.2130153000805602
5,0.0,0.4816737,2848,0.027772825,61828.03724575043,0.3140910267829895,164.725,0.027772825,0.011441284,-26.191674525000003,438272,-0.2164589051114957
5,0.0,0.5777416,2853,0.029149724,61971.55595064163,0.49953991174697876,170.45,0.029149724,0.009685426,-26.071669024999995,439296,-0.2070550066802186
7,0.0,0.45781815,2860,0.028526653,62116.343279361725,0.3449389934539795,169.675,0.028526653,0.010558881,-25.8179474,440320,-0.19614091356139376
6,0.0,0.56298083,2866,0.027216576,62260.07882642746,0.5059459507465363,177.7,0.027216576,0.011665137,-26.912650099999997,441344,-0.1867337824145704
10,0.0,0.5070966,2876,0.029476013,62406.419407606125,0.4632303714752197,160.525,0.029476013,0.010097153,-25.630286075000004,442368,-0.2023521117687405
9,0.0,0.48983562,2885,0.028658636,62551.27553868294,0.604644775390625,148.7,0.028658636,0.011689192,-23.071483174999997,443392,-0.20403801022809614
3,0.0,0.4944455,2888,0.03716022,62695.946717977524,-0.9645092487335205,153.05,0.03716022,0.011217066,-23.247897299999998,444416,-0.20230982017650878
7,0.0,0.6268643,2895,0.030910693,62837.97634267807,0.4388498067855835,149.2,0.030910693,0.0114428755,-24.241422675000003,445440,-0.221406356801442
5,0.0,0.36530468,2900,0.026968785,62982.773095846176,0.3329118490219116,153.725,0.026968785,0.010408191,-25.11960115,446464,-0.22302035654836833
5,0.0,0.3860598,2905,0.034449495,63133.837411403656,0.4440789818763733,159.7,0.034449495,0.0144941835,-25.120056375,447488,-0.21863417430889748
5,0.0,0.3503679,2910,0.025766734,63279.14668297768,0.5385850071907043,166.075,0.025766734,0.013153592,-24.976256575,448512,-0.21250136793130733
8,0.0,0.4569933,2918,0.036415793,63439.57169628143,0.5476183593273163,169.825,0.036415793,0.011262126,-26.180511524999996,449536,-0.21616385796543733
8,0.0,0.5781778,2926,0.03492362,63590.364000082016,0.648219645023346,167.475,0.03492362,0.009840098,-26.2976528,450560,-0.20981930543657862
8,0.0,0.58464503,2934,0.030306818,63737.42851996422,0.6144614815711975,153.05,0.030306818,0.014413653,-22.9170753,451584,-0.21405699760770353
6,0.0,0.51182824,2940,0.025191579,63884.96228194237,0.6842249631881714,151.675,0.025191579,0.01113756,-21.962055000000003,452608,-0.2160819634556328
5,0.0,0.40239635,2945,0.028107183,64029.781937122345,0.129069983959198,154.775,0.028107183,0.010221144,-23.391132950000003,453632,-0.2220561801239822
4,0.0,0.4795298,2949,0.03045629,64176.61666035652,0.6360394954681396,154.975,0.03045629,0.011606919,-23.1415546,454656,-0.2215864704812156
7,0.0,0.5103532,2956,0.02442614,64323.12328982353,0.3407978415489197,155.7,0.02442614,0.012065919,-22.878409124999997,455680,-0.21908872468687424
5,0.0,0.4194527,2961,0.023747716,64469.25104832649,0.6724822521209717,166.975,0.023747716,0.0124600595,-24.0443829,456704,-0.21103624214326602
5,0.0,0.56564724,2966,0.03476696,64615.95353126526,0.6602098941802979,181.7,0.03476696,0.012738761,-24.229866075,457728,-0.20387054994276702
3,0.0,0.5325736,2969,0.044731416,64760.58859324455,-0.42716991901397705,188.25,0.044731416,0.012566565,-24.545912675,458752,-0.19714596531995998
7,0.0,0.4279217,2976,0.031929422,64909.648973703384,0.34507858753204346,196.325,0.031929422,0.010882866,-25.0791484,459776,-0.19279274707185504
6,0.0,0.48198384,2982,0.027974699,65057.31424212456,0.5329372882843018,191.225,0.027974699,0.01001194,-25.337231350000003,460800,-0.1934019336225245
5,0.0,0.5401416,2987,0.026599068,65208.300058841705,0.7928782999515533,192.025,0.026599068,0.010275289,-25.5953455,461824,-0.18983856681043657
6,0.0,0.55103636,2993,0.026706882,65353.02878189087,0.5576824843883514,195.075,0.026706882,0.010615325,-25.451177275000003,462848,-0.18803189583786017
5,0.0,0.4975214,2998,0.020698588,65504.84829044342,0.21104472875595093,200.125,0.020698588,0.008942824,-25.563069275,463872,-0.1808156339676683
5,0.0,0.49300453,3003,0.022911934,65650.66207790375,0.508840948343277,193.2,0.022911934,0.01103248,-25.989856250000003,464896,-0.1911996008136279
4,0.0,0.5245959,3007,0.03952138,65801.70648407936,0.6324250996112823,199.6,0.03952138,0.009976601,-26.786847075000004,465920,-0.18478313853886943
8,0.0,0.61552316,3015,0.0368921,65955.8864827156,0.5425364673137665,191.1,0.0368921,0.011362819,-26.764775075,466944,-0.19369108678312436
4,0.0,0.4741001,3019,0.027127404,66108.14665937424,0.45058053731918335,192.95,0.027127404,0.014056193,-27.467684475,467968,-0.19843414730579592
4,0.0,0.47121006,3023,0.023243591,66255.58282089233,0.6118392944335938,200.875,0.023243591,0.013158642,-27.4234006,468992,-0.18952852841662385
4,0.0,0.4231118,3027,0.03541778,66401.67462301254,0.5353214144706726,203.95,0.03541778,0.011457425,-27.234071874999994,470016,-0.18385745554357213
9,0.0,0.50793463,3036,0.033594582,66549.34578561783,0.6289612054824829,189.325,0.033594582,0.010201086,-26.162915575,471040,-0.19763896962790223
4,0.0,0.5440764,3040,0.031226858,66698.41056156158,0.6859389841556549,183.85,0.031226858,0.0124816885,-25.469506425,472064,-0.2009258387036598
7,0.0,0.55720085,3047,0.034612354,66851.82126545906,0.6166901290416718,179.225,0.034612354,0.009599799,-25.756037674999998,473088,-0.2052666296010302
6,0.0,0.4818103,3053,0.023367602,67001.67835855484,0.47981709241867065,188.925,0.023367602,0.010366876,-27.181945849999998,474112,-0.19205180386432444
8,0.0,0.4205113,3061,0.035255425,67150.07542896271,0.5724604725837708,167.8,0.035255425,0.010214751,-25.128182775000003,475136,-0.20556395906720212
6,0.0,0.5087007,3067,0.032636642,67291.22521328926,0.4662178158760071,154.2,0.032636642,0.010113391,-24.601750475,476160,-0.22005371427605155
6,0.0,0.60056716,3073,0.029187676,67436.40952277184,0.6198544502258301,157.05,0.029187676,0.009785634,-24.578598699999997,477184,-0.21506353886696067
4,0.0,0.55172336,3077,0.030849963,67594.44026660919,0.7757361829280853,176.825,0.030849963,0.010424268,-25.543463475,478208,-0.19713553701451847
6,0.0,0.5221812,3083,0.023041809,67755.66575574875,0.4780139923095703,169.875,0.023041809,0.011487714,-25.463187625,479232,-0.2025078626416033
6,0.0,0.5160035,3089,0.0123066995,67913.67943406105,0.614728569984436,166.725,0.0123066995,0.0043979427,-24.707593574999997,480256,-0.19913556474464605
10,0.0,0.5648924,3099,0.039317526,68071.68373346329,0.5052626430988312,167.475,0.039317526,0.012238473,-24.354447999999998,481280,-0.19255471972522406
8,0.0,0.37917227,3107,0.04008823,68221.88952350616,0.44544321298599243,156.35,0.04008823,0.011886407,-23.09177805,482304,-0.20388489870988993
5,0.0,0.472151,3112,0.027925868,68375.94314694405,0.41218698024749756,155.125,0.027925868,0.010651467,-23.818204275,483328,-0.20791424434530015
6,0.0,0.41461873,3118,0.026598651,68522.0126144886,0.22400861978530884,146.075,0.026598651,0.008687822,-24.729654325,484352,-0.22202611853719373
7,0.0,0.5208526,3125,0.025996018,68668.08187770844,0.4221499562263489,146.925,0.025996018,0.009086204,-24.90391035,485376,-0.22686527993004013
10,0.0,0.5739666,3135,0.02876281,68819.69213628769,0.4817062020301819,138.7,0.02876281,0.010675013,-23.8241692,486400,-0.24254766551968218
8,0.0,0.56170774,3143,0.033522073,68968.92300200462,0.6981401741504669,133.775,0.033522073,0.010903678,-22.821096825,487424,-0.2454304072155055
9,0.0,0.43027315,3152,0.031468194,69123.2520866394,0.46206748485565186,132.75,0.031468194,0.010807357,-22.083179675,488448,-0.23964953824445753
7,0.0,0.4836572,3159,0.034116082,69277.770840168,0.5872405767440796,126.875,0.034116082,0.011178009,-20.09544315,489472,-0.2327837184247273
7,0.0,0.51972264,3166,0.043047614,69434.16880917549,0.618751734495163,122.3,0.043047614,0.010966853,-19.909524575,490496,-0.2376288499750152
11,0.0,0.46873522,3177,0.03232142,69584.6511232853,-0.3012113571166992,123.475,0.03232142,0.013600622,-20.139497799999997,491520,-0.2296662388100521
9,0.0,0.32324436,3186,0.03509197,69743.0394141674,0.4054092764854431,118.475,0.03509197,0.011236858,-20.7845462,492544,-0.2372428015270014
7,0.0,0.60558,3193,0.030242996,69899.29410099983,0.6320098340511322,120.375,0.030242996,0.010470933,-20.23938265,493568,-0.23575108900911612
9,0.0,0.39231706,3202,0.02628315,70038.2706553936,0.29755741357803345,117.725,0.02628315,0.01204487,-19.335012625,494592,-0.2328217124855431
10,0.0,0.41215765,3212,0.02833526,70177.399797678,0.28169310092926025,118.475,0.02833526,0.011059043,-19.141386275,495616,-0.23757797143580203
4,0.0,0.5180273,3216,0.029375777,70316.59421110153,0.7680703550577164,127.15,0.029375777,0.010342895,-20.58503935,496640,-0.2341659641958143
6,0.0,0.30821508,3222,0.03155706,70460.64169716835,0.5154034197330475,139.725,0.03155706,0.0117286,-20.97150465,497664,-0.22142834325532917
7,0.0,0.5148983,3229,0.027370416,70602.27880358696,0.2908773422241211,138.725,0.027370416,0.009468667,-21.61046395,498688,-0.21853511966881514
7,0.0,0.41755185,3236,0.029218495,70740.61301374435,0.24410200119018555,140.4,0.029218495,0.00981601,-21.6880674,499712,-0.21852980963117688
6,0.0,0.3256217,3242,0.033366628,70871.83595490456,0.46262580156326294,147.85,0.033366628,0.0115525285,-22.493638749999995,500736,-0.2114099501214149
