# {"t_start": 1565275176.0163898, "env_id": "highway-discrete-v0"} 
r,l,t
-620.102369,53,3.17887
-619.602794,33,3.855627
-609.297125,18,4.223529
-635.383784,107,6.366048
-620.43119,78,7.950029
-609.920569,39,8.726858
-605.164841,18,9.102221
-647.070329,89,10.877664
-622.853185,55,11.982285
-628.009837,86,13.705906
-606.179186,19,14.088021
-612.244818,27,14.640419
-608.716822,40,15.444337
-613.307188,33,16.127225
-636.770444,62,17.358649
-608.817998,28,17.928264
-630.745076,49,18.909189
-604.910975,25,19.41796
-608.403979,20,23.715769
-620.93927,53,24.780928
-613.926172,40,25.588133
-605.732387,15,25.90261
-625.024207,43,26.761055
-606.647057,25,27.2693
-619.114568,51,28.310855
-612.673119,21,28.738578
-612.208203,44,29.61889
-611.420435,45,30.507558
-607.803377,24,30.997447
-626.607727,56,32.143779
-649.759033,77,33.657993
-621.52187,51,34.699529
-608.902054,30,35.313596
-634.904492,53,36.399792
-620.317877,41,37.225334
-616.025294,51,38.266576
-667.492428,137,41.0202
-623.313243,40,41.832797
-647.744896,102,43.89538
-608.497236,28,44.696346
-633.357001,77,46.258138
-619.662173,51,47.266142
-635.010068,64,48.543617
-657.979244,103,50.506916
-653.851099,86,52.187602
-604.172807,20,52.608627
-608.034879,33,53.290263
-700.846577,213,57.587772
-611.051227,39,58.367832
-611.688182,37,59.116916
-675.238135,136,61.827207
-610.870206,30,62.4203
-649.73009,78,63.998756
-630.824314,48,65.686196
-646.835844,91,67.461034
-622.119171,45,68.383352
-613.946527,68,69.763933
-617.720649,45,70.678566
-621.723113,72,72.109652
-619.097757,34,72.810442
-610.141901,27,73.348231
-626.850784,68,74.707522
-610.147137,23,75.178605
-618.597764,46,76.125498
-611.97115,31,76.755723
-641.911593,72,78.203449
-633.782854,96,80.123367
-611.902355,33,80.79548
-623.412206,71,82.247085
-619.496132,48,83.204956
-652.88487,94,85.135459
-630.798064,61,86.749721
-611.063113,31,87.378442
-612.152867,51,88.395309
-612.253233,36,89.129804
-648.027045,94,91.038259
-623.303991,61,92.259163
-132.10598,300,98.367039
-617.40636,32,99.005499
-641.619948,79,100.652776
-722.342586,220,104.981675
-628.863638,50,105.982968
-674.815571,142,109.205025
-634.061485,65,110.497829
-630.573848,79,112.147598
-635.790278,69,113.594786
-608.431871,20,114.012491
-614.033639,26,114.542021
-620.554335,37,115.30028
-645.762402,86,117.027286
-604.969313,17,117.37367
-691.351247,206,121.544958
-655.284477,89,123.307159
-621.782599,41,124.130887
-602.834072,18,124.507113
-633.116989,86,126.266962
-611.921966,19,126.650549
-618.509183,55,128.353768
-620.504553,43,129.225883
-633.541579,80,130.888785
-691.612048,174,134.427679
-642.013505,107,136.581124
-605.613195,18,136.94506
-649.238746,95,138.875089
-604.174698,15,139.189481
-618.874046,50,140.195912
-617.625747,53,141.262105
-643.64873,83,142.916601
-671.726689,154,146.015985
-643.018752,79,147.591109
-691.61189,169,151.43431
-605.791698,23,151.905245
-689.591813,177,155.503322
-610.75366,27,156.056075
-612.295299,41,156.893181
-623.930623,54,157.974967
-713.110983,207,162.100443
-616.469284,31,162.73881
-618.905615,36,163.473979
-629.322455,68,164.840943
-618.648509,43,165.72792
-629.005891,73,170.310699
-630.285047,58,171.505358
-609.084821,38,172.276102
-618.775429,48,173.240585
-657.06592,122,175.684296
-606.293632,23,176.14638
-604.469668,20,176.550728
-607.998881,29,177.130174
-611.841193,22,177.568905
-609.236394,39,178.34813
-611.378132,26,178.866498
-633.639199,67,180.195863
-623.845972,69,181.598315
-608.721666,44,182.480186
-621.656467,60,183.701516
-616.474064,43,184.571324
-624.43252,50,185.567887
-614.341808,33,186.2272
-631.03489,50,187.241296
-639.631949,78,188.840282
-605.240655,20,189.254436
-612.812149,36,190.363233
-608.39978,29,190.946118
-613.318111,46,191.872871
-614.007464,22,192.327021
-627.485421,43,193.188236
-667.525713,131,195.887961
-655.226579,136,198.675268
-634.617296,67,200.038041
-657.382133,104,202.094233
-633.768161,92,203.964288
-621.719952,43,204.833612
-636.89602,97,206.82146
-683.192947,157,210.121643
-618.86024,39,211.461672
-609.420183,28,212.032001
-672.894302,168,215.352685
-626.379014,71,216.76308
-615.921551,51,217.787495
-651.715729,120,220.284888
-630.204974,57,221.436509
-619.944487,59,222.61651
-608.109322,30,223.231122
-609.504235,45,224.156868
-643.327593,102,226.185825
-649.387301,138,229.133429
-628.186751,51,230.247789
-606.358782,28,230.808948
-609.95823,29,232.273925
-604.606386,18,232.648153
-613.274238,37,233.400636
-639.619771,60,234.617239
-609.036456,30,235.211283
-606.324442,30,235.813597
-617.800267,49,236.813958
-642.938857,81,238.49152
-658.183701,113,240.731159
-607.120217,21,241.159002
-603.194468,18,241.527487
-666.604052,154,244.672822
-655.649894,124,247.176693
-605.226999,19,247.569095
-616.78663,28,248.139334
-603.810943,30,248.752882
-648.097789,117,251.112143
-720.401379,243,257.423312
-620.466653,49,258.411649
-604.13472,22,258.862391
-617.315722,43,259.72217
-606.398244,21,260.149247
-604.19527,21,260.573748
-605.632883,34,261.250996
-636.282243,77,262.800539
-628.589914,57,263.924282
-639.050392,69,265.29137
-653.688322,107,267.43613
-620.134376,39,268.227804
-609.618928,31,268.851842
-604.272317,18,269.222626
-628.93446,54,270.311356
-607.331646,28,270.875733
-631.703438,101,272.91353
-654.597236,129,275.889301
-645.700757,73,277.362862
-612.301635,25,277.869921
-630.141936,71,279.323068
-610.818279,33,280.001936
-606.854479,25,280.512259
-669.152721,133,283.084343
-608.382918,26,283.606212
-623.169611,66,284.960631
-655.141281,143,287.855579
-651.997787,117,290.206793
-606.778859,31,290.830725
-619.303637,45,291.723855
-635.509152,92,295.947989
-617.118537,44,296.831703
-614.653224,35,297.538668
-628.006602,58,298.740538
-634.667692,73,300.235854
-637.138273,90,302.084109
-638.368369,105,304.198198
-606.510342,36,304.932311
-631.469717,60,306.150123
-647.179051,98,308.154493
-618.696029,36,308.882589
-640.64502,124,311.362341
-618.512471,37,312.106911
-618.164013,28,312.682066
-613.888701,22,313.134343
-619.013094,43,314.005558
-662.574158,143,317.885314
-624.538611,64,319.1724
-620.04785,56,320.320558
-695.620008,216,325.230828
-605.265462,27,325.772374
-620.197651,34,326.456379
-633.027773,84,328.125189
-627.141286,55,329.192973
-629.213316,77,330.722223
-612.986775,40,331.53404
-663.381198,188,335.364308
-612.905353,35,336.062138
-617.404264,70,337.672017
-640.022854,100,339.731623
-129.038613,300,346.012557
-617.379291,32,346.670692
-638.405862,76,348.222245
-636.1531,99,350.190224
-691.746401,163,353.40287
-632.692195,64,354.693852
-606.15274,22,355.138055
-603.757645,23,357.704126
-669.832673,137,360.548332
-131.183815,300,366.454015
-606.030908,34,367.156025
-615.017029,39,367.950686
-714.755119,218,372.538711
-614.05061,54,373.627897
-604.815259,17,373.987451
-617.737477,50,375.003229
-630.578393,74,376.460814
-623.387934,77,377.982107
-731.77179,280,383.708374
-618.197959,48,384.656556
-645.019449,102,386.617277
-118.016764,300,392.726233
-612.329642,22,393.17446
-642.033674,99,395.14061
-607.090811,29,395.729569
-605.578701,18,398.950377
-641.844038,92,400.811675
-635.629046,65,402.120357
-664.826293,159,405.311963
-612.92959,45,406.215573
-623.63776,55,407.333174
-650.836695,126,409.886588
-630.459956,56,411.022084
-612.673837,47,411.966281
-618.347161,28,412.536164
-617.668956,49,413.527862
-617.915688,48,414.491114
-654.265706,100,416.559189
-608.077859,26,417.085322
-615.911627,27,417.641539
-606.150434,22,419.876496
-678.375458,141,422.608769
-694.851264,260,427.841528
-632.098893,75,429.397382
-618.107186,36,430.119634
-631.403803,71,431.507094
-639.549564,94,433.427838
-655.125137,121,435.8622
-647.839414,130,438.490944
-623.075838,72,441.5518
-133.490556,300,447.666884
-701.634574,269,453.09807
-640.806496,78,454.674345
-648.76675,118,457.106272
-616.145341,53,458.207638
-604.229487,20,458.614702
-623.436652,35,459.335014
-613.581221,43,460.241974
-604.569568,18,460.611049
-624.229704,61,462.361811
-616.152776,42,463.207503
-621.533059,65,464.533558
-646.722979,92,466.389199
-673.457421,178,470.09308
-612.886722,41,470.928663
-612.309789,41,471.751463
-118.831507,300,477.95217
-619.151788,52,478.991253
-658.495118,114,481.312157
-619.013047,50,483.181822
-681.293969,156,486.332125
-623.988029,48,487.299818
-690.303598,232,491.758368
-689.42619,172,495.235856
-669.487773,133,497.835007
-635.730681,108,500.041895
-623.519949,64,501.362434
-620.234726,52,502.40662
-134.730383,300,508.740388
-639.832111,89,510.535394
-621.098147,47,511.472049
-643.003395,119,513.857917
-729.304257,293,519.760122
-632.180925,80,525.000157
-611.569718,39,525.786171
-656.455365,116,528.025552
-660.138389,113,530.28967
-630.784892,86,532.051638
-666.464028,154,535.144771
-715.88865,238,539.997932
-629.502316,67,541.347861
-619.625412,62,545.334859
-670.411663,163,548.462709
-615.739966,35,549.160617
-617.945602,30,549.77217
-662.358145,139,552.588204
-715.388479,247,557.543428
-627.354813,62,558.777442
-102.828734,300,570.76914
-120.376818,300,577.476293
-703.794471,234,582.15851
-623.839752,36,586.937504
-132.20959,300,593.168259
-144.945391,300,599.103283
-669.40035,176,602.624002
-619.436284,56,603.744182
-139.231981,300,613.195359
-631.800232,77,614.758272
-140.362144,300,621.130828
-633.747373,84,622.866146
-642.017069,102,630.535161
-740.112279,266,635.799743
-642.567253,96,637.660905
-627.82683,70,639.076877
-124.794038,300,644.722601
-667.607812,128,647.247081
-732.911009,252,654.137378
-608.52485,26,654.73238
-737.746128,289,660.760303
-672.890926,158,664.160418
-616.196165,39,664.946843
-671.414647,164,668.200879
-631.532583,59,671.451771
-725.329544,237,676.26043
-639.660793,87,678.002115
-652.071584,93,679.880418
-623.961219,60,681.096503
-139.207502,300,687.12994
-615.609175,34,691.793349
-148.252395,300,697.831134
-613.89515,52,698.858003
-655.906212,115,701.251426
-605.658545,24,701.740078
-724.845991,284,707.471522
-654.726823,95,709.392865
-651.837889,94,711.298575
-683.223106,201,715.983436
-138.394207,300,722.096957
-619.250954,66,723.461056
-627.141846,42,724.308684
-654.660902,126,726.865595
-633.049577,73,728.327597
-663.126783,144,735.870568
-161.026624,300,741.900881
-680.182495,172,745.528573
-143.443089,300,751.743625
-128.810472,300,760.231273
-615.897147,53,761.318447
-135.073189,300,767.46401
-690.852783,162,770.666444
-656.417679,135,773.404487
-144.738461,300,781.451669
-130.317303,300,787.526521
-630.018451,72,789.014598
-624.401364,52,790.055187
-173.502625,300,796.340304
-618.281267,33,797.140671
-157.767097,300,803.639633
-164.278282,300,809.929788
-620.430813,36,810.65817
-657.305843,128,813.305607
-660.933308,126,815.784842
-615.986874,28,816.354986
-148.5487,300,824.099177
-625.128736,62,825.344556
-613.125686,33,826.017337
-139.485198,300,832.413486
-621.285116,52,833.496808
-614.777862,42,834.347618
-662.777494,112,836.645825
-615.857291,25,839.856538
-147.173155,300,845.911421
-157.601357,300,852.117399
-153.565594,300,858.378848
-641.369683,77,859.929944
-138.136372,300,866.642635
-740.2649,293,872.613955
-662.115501,120,875.02613
-613.216258,25,875.538954
-660.836856,151,878.651363
-132.383079,300,887.667346
-129.334977,300,893.640608
-614.876975,37,894.397433
-154.281907,300,900.314229
-152.925696,300,908.734085
-138.707173,300,914.986029
-667.535195,140,917.778053
-603.34142,27,924.321602
-127.731621,300,930.571777
-131.328568,300,936.90153
-617.124589,45,937.81473
-654.604563,125,940.303437
-140.429015,300,950.941508
-622.625956,45,951.847371
-613.806855,23,952.319382
-657.627781,162,955.549903
-141.810041,300,961.310965
-637.829322,71,962.763049
-658.4356,108,964.975941
-668.240191,140,968.223923
-134.576846,300,974.442123
-133.568996,300,980.415187
-624.309971,54,981.517682
-656.758723,123,988.756123
-713.367393,242,993.585881
-696.469112,157,996.744466
-635.797328,78,998.29838
-154.664283,300,1004.508847
-662.546776,116,1006.8149
-149.516893,300,1013.227448
-634.981574,115,1015.48674
-624.874442,52,1016.552949
-689.544719,182,1020.281845
-626.741374,57,1021.463066
-136.592601,300,1027.605032
-606.051407,27,1028.641128
-642.197029,108,1030.828989
-155.498791,300,1036.968291
-154.505547,300,1043.143164
-630.274229,60,1050.417867
-142.453184,300,1056.358083
-628.778545,46,1057.297036
-624.506518,50,1058.299806
-697.866269,188,1062.028919
-669.512708,124,1064.545166
-643.10459,97,1066.499311
-135.498666,300,1075.856314
-604.084291,23,1076.317827
-144.009682,300,1082.510097
-617.104077,44,1083.421068
-144.657632,300,1089.568299
-151.010981,300,1096.87453
-607.459217,27,1097.423988
-719.582126,226,1102.257432
-658.910152,105,1104.382621
-142.631205,300,1110.52371
-120.150144,300,1118.151013
-132.774648,300,1124.11873
-106.908001,300,1130.18136
-637.711666,83,1131.837321
-644.724191,73,1134.257729
-145.464766,300,1140.29421
-153.410699,300,1146.658762
-614.533542,45,1147.579154
-140.881055,300,1153.732652
-633.56922,86,1155.717238
-158.347277,300,1161.847035
-610.932624,25,1162.350268
-631.310031,53,1163.408464
-153.277125,300,1169.691211
-608.801213,30,1170.293962
-689.404822,214,1179.202675
-151.372696,300,1185.444105
-646.682544,125,1187.968186
-653.462466,132,1190.618247
-153.093213,300,1202.347298
-613.78434,26,1202.876345
-149.475986,300,1209.072679
-121.118581,300,1215.102943
-145.759389,300,1223.160259
-129.88138,300,1229.126372
-134.598139,300,1235.115954
-615.229796,31,1238.40833
-163.21761,300,1244.450563
-131.717685,300,1250.265168
-143.436765,300,1256.405916
-144.342413,300,1264.682855
-618.936601,30,1265.285806
-667.770156,160,1268.516994
-692.026508,181,1272.230323
-112.848055,300,1278.362572
-144.356342,300,1285.737868
-629.430094,78,1287.291996
-627.638035,56,1288.428559
-705.748451,198,1292.396797
-702.729472,222,1296.844389
-665.682535,124,1302.768002
-144.40465,300,1308.868489
-158.841271,300,1315.114608
-121.606797,300,1320.836694
-155.013204,300,1327.300614
-137.474795,300,1333.481213
-135.094638,300,1339.495361
-653.322503,123,1341.960503
-671.800385,138,1344.975722
-620.256584,44,1345.854979
-161.238504,300,1351.884596
-690.102439,197,1355.826055
-650.590667,96,1357.736326
-650.735455,102,1359.808012
-644.761666,101,1361.849041
-108.618916,300,1369.12203
-142.45611,300,1375.249952
-145.590835,300,1381.213461
-122.722418,300,1389.750893
-121.314606,300,1395.698442
-647.242744,80,1397.301665
-661.789028,145,1400.203211
-614.913098,35,1405.072688
-617.357398,35,1405.771602
-128.444882,300,1411.710314
-129.470057,300,1417.742201
-161.945128,300,1424.036138
-686.293301,175,1428.87402
-155.093197,300,1434.875201
-638.119877,70,1436.284472
-616.033467,26,1436.823658
-623.508492,40,1437.64457
-659.955813,104,1439.762144
-624.098186,43,1440.621567
-607.08387,27,1446.560047
-631.255188,76,1448.101859
-158.674287,300,1454.378294
-139.905806,300,1460.456559
-125.661587,300,1466.833144
-624.037424,50,1468.373885
-638.159291,95,1470.29093
-654.325696,129,1472.751349
-158.354785,300,1478.950492
-610.909498,34,1479.632308
-679.030904,199,1483.676034
-137.408749,300,1494.31875
-680.876512,184,1498.183998
-649.107889,124,1500.671952
-618.715317,32,1501.322016
-148.421313,300,1507.646556
-682.835679,201,1513.529019
-646.104139,90,1515.401451
-155.771766,300,1521.767205
-622.715871,48,1522.728899
-687.182342,220,1527.253347
-729.144353,228,1535.384271
-134.575646,300,1541.3161
-122.41839,300,1547.108928
-123.605855,300,1557.667041
-139.742026,300,1563.736888
-122.939461,300,1569.447191
-659.666719,148,1575.019937
-635.121854,86,1576.789458
-652.326255,97,1578.749197
-142.04204,300,1585.140952
-148.278038,300,1591.259351
-639.355457,88,1595.014919
-140.016604,300,1600.618936
-151.361648,300,1606.584922
-118.685201,300,1613.036051
-689.771649,195,1617.871784
-132.42325,300,1624.182993
-717.685742,263,1629.297972
-642.886217,91,1636.168656
-169.37955,300,1642.397036
-737.603918,259,1647.694365
-137.20528,300,1653.945117
-625.358781,52,1656.584289
-160.579484,300,1662.817943
-662.001564,144,1665.722877
-173.542186,300,1671.683219
-642.34998,84,1678.271178
-141.571618,300,1684.000805
-704.588936,226,1688.719825
-144.078218,300,1694.525129
-122.847449,300,1703.081883
-633.494924,78,1704.699704
-678.905812,166,1707.984421
-634.696568,70,1709.430161
-134.92613,300,1715.306733
-648.72852,93,1717.166711
-141.188894,300,1723.739244
-152.290692,300,1730.015162
-142.322138,300,1736.094958
-629.122742,49,1737.074658
-619.55012,43,1737.928282
-710.673905,230,1743.290684
-133.431562,300,1749.30705
-642.071212,81,1750.955778
-158.166884,300,1757.20914
-621.815857,47,1760.559323
-631.452686,72,1762.011341
-622.909827,44,1762.901205
-140.674127,300,1768.695391
-691.261262,180,1772.358362
-128.519847,300,1777.731277
-142.707066,300,1785.76133
-98.427328,300,1791.422212
-140.582158,300,1797.511003
-622.124388,52,1798.570501
-712.366654,280,1805.817566
-110.965959,300,1811.586396
-698.033214,235,1816.190099
-626.513978,52,1817.26034
-606.698976,15,1817.573028
-147.34865,300,1826.680784
-133.591096,300,1832.920543
-128.45807,300,1838.908405
-136.390731,300,1847.756855
-644.758671,93,1849.579994
-134.52314,300,1855.535107
-160.072302,300,1861.83392
-613.331623,38,1863.35647
-658.231094,144,1866.149846
-130.869771,300,1872.376765
-156.796195,300,1878.283503
-628.199185,70,1884.582731
-704.021131,213,1888.989196
-138.304697,300,1895.128813
-628.37435,57,1896.263132
-133.574329,300,1902.002757
-149.152538,300,1910.286707
-156.593686,300,1916.645985
-650.047214,119,1919.10366
-123.20226,300,1925.07844
-622.39382,45,1926.233474
-636.284128,73,1927.663679
-124.627602,300,1933.761165
-633.861592,59,1934.954161
-125.226502,300,1941.031957
-639.50904,76,1947.452771
-137.783935,300,1953.371629
-154.391592,300,1959.505037
-694.753798,196,1963.435781
-140.964072,300,1972.703411
-149.88819,300,1978.776935
-114.422908,300,1984.674723
-616.349969,26,1987.841015
-125.87599,300,1993.774474
-670.39509,117,1996.190169
-661.784815,99,1998.120546
-620.128298,44,1999.005566
-676.013616,180,2002.672147
-668.799579,163,2005.839617
-626.28323,53,2008.896874
-159.389812,300,2014.910635
-625.007531,73,2016.350182
-150.163549,300,2021.672864
-624.027319,52,2022.732056
-607.481046,34,2023.423783
-622.644524,49,2024.411914
-648.567376,135,2027.157231
-612.076308,33,2028.521792
-614.687009,40,2029.328702
-627.987544,56,2030.444105
-638.639693,74,2031.9213
-649.431913,102,2033.919038
-131.008765,300,2040.019336
-657.849986,110,2042.213444
-141.631794,300,2047.941182
-158.926882,300,2054.63057
-679.412764,161,2057.682599
-158.380133,300,2063.781416
-685.593357,169,2067.219679
-613.708454,26,2069.737333
-138.931279,300,2075.829617
-630.491693,60,2077.035877
-159.932531,300,2083.090759
-628.435188,68,2084.491647
-157.893712,300,2096.029603
-153.32048,300,2102.27287
-638.493022,93,2104.144739
-655.140304,103,2106.250233
-666.811816,144,2109.036784
-128.962971,300,2116.927816
-155.387862,300,2123.002627
-631.00902,65,2124.313554
-685.129189,169,2127.761817
-150.042627,300,2137.72778
-614.278177,47,2138.689057
-133.58506,300,2144.83134
-660.21147,117,2147.145352
-619.12647,46,2148.082107
-619.146838,37,2153.266473
-141.247301,300,2159.187167
-147.373394,300,2165.607888
-656.787728,116,2167.948081
-142.224932,300,2179.700857
-616.908638,46,2180.633082
-126.31258,300,2186.675488
-141.566813,300,2192.854656
-128.038412,300,2200.590921
-124.573759,300,2206.457426
-137.302362,300,2212.520916
-609.421031,20,2212.931793
-127.819835,300,2221.539203
-624.075206,70,2222.906448
-122.6396,300,2228.800965
-125.866401,300,2234.832487
-640.367754,109,2238.170023
-132.182065,300,2244.354902
-626.598952,70,2245.701572
-612.257004,41,2246.529474
-654.650873,117,2248.856796
-144.185269,300,2254.700283
-667.593404,143,2259.607439
-155.076438,300,2265.72414
-125.393319,300,2271.746897
-624.581425,52,2272.802489
-614.618466,35,2273.512412
-103.34686,300,2283.701237
-627.775658,56,2284.848044
-639.088377,69,2286.226373
-631.079615,72,2287.666379
-618.601841,49,2288.642706
-716.203953,222,2293.247178
-617.771343,40,2299.377358
-107.173351,300,2305.392168
-163.727933,300,2311.652956
-626.210515,55,2312.75807
-608.187681,36,2313.478436
-114.315936,300,2325.715762
-131.324946,300,2332.033374
-120.5527,300,2338.145283
-646.601381,104,2340.243198
-670.558908,142,2343.669943
-124.065522,300,2349.764428
-639.636892,87,2351.488083
-155.649095,300,2357.895471
-156.037787,300,2368.012815
-148.369925,300,2374.134113
-625.006351,57,2375.271357
-622.965937,42,2376.122983
-128.857962,300,2382.085135
-153.185454,300,2388.848528
-106.455793,300,2394.823812
-133.258342,300,2400.978936
-630.630341,77,2405.055154
-143.67534,300,2410.838643
-615.320629,27,2411.377317
-149.728566,300,2417.235008
-128.831167,300,2423.229103
-125.748009,300,2429.875843
-616.212636,30,2430.489011
-129.204397,300,2436.599502
-157.641559,300,2442.350784
-132.920569,300,2450.384608
-156.795962,300,2456.557647
-124.338998,300,2462.486201
-628.858251,71,2463.916102
-137.923837,300,2471.031465
-123.681001,300,2477.080882
-144.70521,300,2483.184491
-617.655185,33,2483.857709
-112.659738,300,2491.97624
-680.156979,186,2495.68456
-661.252562,157,2498.907967
-153.038082,300,2505.242504
-668.129255,162,2510.180577
-130.950132,300,2516.269053
-123.708686,300,2522.369707
-608.186006,23,2522.837496
-611.046981,30,2523.443188
-116.302669,300,2533.700204
-168.928603,300,2539.769861
-117.830884,300,2545.811648
-127.947365,300,2554.618219
-671.651496,159,2557.947278
-162.85779,300,2564.167422
-159.015251,300,2575.74514
-133.25368,300,2581.68184
-144.401793,300,2587.826514
-121.178873,300,2596.51694
-105.20233,300,2602.690816
-621.228803,56,2603.815357
-138.356978,300,2609.460461
-617.713822,31,2611.537538
-116.000909,300,2617.591738
-133.214465,300,2623.844939
-142.082758,300,2630.101283
-164.66396,300,2638.170587
-670.763072,156,2641.30479
-624.68267,42,2642.146985
-628.414017,50,2643.138566
-646.180009,102,2645.185254
-131.157249,300,2651.657214
-143.032674,300,2659.388446
-169.847451,300,2665.269577
-115.193211,300,2671.475951
-612.612021,21,2674.397184
-626.805817,102,2676.492337
-653.659633,123,2678.947152
-631.261434,72,2680.419783
-730.632182,240,2685.302877
-122.947787,300,2691.486797
-684.290754,177,2698.721309
-136.895778,300,2704.806422
-126.234902,300,2710.795027
-173.848428,300,2722.144681
-660.100715,147,2725.065637
-669.648708,141,2727.761877
-645.496891,75,2729.293588
-625.583717,62,2730.559258
-188.919154,300,2742.901689
-171.096789,300,2748.728712
-122.721169,300,2754.808514
-164.437406,300,2763.553669
-676.870425,166,2766.932669
-628.7808,63,2768.213198
-116.988686,300,2774.168342
-686.152877,165,2781.4785
-177.702629,300,2787.543372
-110.274061,300,2793.582071
-612.445722,29,2794.173657
-620.491205,47,2799.529219
-122.209002,300,2805.727531
-686.544142,208,2809.988814
-120.887081,300,2815.960737
-700.893437,282,2824.904788
-110.40875,300,2830.980163
-132.824083,300,2837.073436
-660.919534,132,2839.714897
-681.360643,209,2844.211007
-161.770317,300,2850.464379
-645.122023,87,2852.194
-613.393923,53,2853.274307
-144.481443,300,2859.402419
-638.495693,82,2862.69679
-132.016165,300,2868.911341
-695.459848,191,2872.591224
-616.780464,41,2873.428115
-117.801115,300,2879.68554
-613.069738,33,2882.768324
-670.015947,154,2885.949098
-617.685267,51,2886.973805
-135.425616,300,2893.140101
-622.079736,47,2894.085815
-139.116316,300,2900.11839
-120.035634,300,2909.11832
-670.07501,134,2911.890601
-617.001153,61,2913.146434
-146.692005,300,2918.806773
-633.184346,72,2920.28696
-627.424675,53,2921.371696
-617.102184,51,2922.41041
-145.408019,300,2929.69561
-671.951973,141,2932.509503
-628.987746,91,2934.314532
-147.960797,300,2940.482842
-626.390654,91,2942.291768
-159.021577,300,2950.455465
-129.957269,300,2956.473417
-670.085843,136,2959.25026
-618.271607,55,2960.37451
-166.383692,300,2971.473732
-150.619948,300,2977.330601
-135.628581,300,2983.434109
-150.305779,300,2992.101593
-731.48282,281,2997.76443
-159.198954,300,3003.83832
-669.196503,111,3006.076374
-664.245485,113,3009.105437
-118.075264,300,3015.345845
-171.964395,300,3021.463366
-727.764126,263,3026.601311
-636.397493,101,3029.697423
-613.071874,21,3030.129797
-700.404256,204,3034.308137
-649.421688,86,3036.081302
-141.828149,300,3042.41955
-128.9357,300,3048.512277
-649.661258,113,3051.159143
-123.526626,300,3056.969552
-138.857552,300,3063.214386
-119.54338,300,3068.790019
-154.127175,300,3075.13201
-161.874886,300,3081.26847
-714.938411,197,3085.159235
-150.057185,300,3095.937994
-122.022467,300,3102.016153
-163.315109,300,3107.709684
-739.190398,273,3116.009938
-155.442947,300,3121.088871
-128.402915,300,3127.204624
-666.997224,138,3133.240628
-141.163025,300,3139.512882
-628.593257,48,3140.482603
-625.745675,73,3141.930792
-608.558382,37,3142.673321
-133.110811,300,3148.792758
-122.129222,300,3157.882554
-116.44157,300,3164.015626
-613.056411,25,3164.533092
-148.23994,300,3170.748065
-677.687477,207,3176.987473
-117.032767,300,3183.181735
-668.772718,178,3186.937239
-613.090599,66,3188.241081
-643.209183,101,3190.259645
-108.206433,300,3199.851934
-136.758525,300,3205.862462
-121.482872,300,3211.879761
-189.292712,300,3220.477065
-126.523312,300,3226.542766
-137.290915,300,3232.140119
-112.031548,300,3240.822313
-126.076207,300,3246.835224
-144.775495,300,3253.024273
-634.247406,80,3254.606916
-662.487765,126,3258.143038
-118.223475,300,3264.153505
-123.724197,300,3270.476851
-624.951811,78,3272.052805
-618.100378,29,3272.636947
-690.6808,147,3275.574847
-688.001386,193,3280.444662
-708.294866,233,3285.097151
-147.741455,300,3291.02998
-606.856799,18,3297.5523
-113.389038,300,3302.639539
-111.54226,300,3308.572066
-623.874123,69,3309.932906
-155.143043,300,3316.036511
-116.06456,300,3322.926049
-637.238613,86,3324.677125
-156.93462,300,3330.674527
-148.78309,300,3336.824872
-654.569048,120,3339.953191
-168.822059,300,3345.894892
-103.070269,300,3351.906885
-697.619979,204,3356.008833
-665.286694,140,3360.892201
-138.538498,300,3366.848796
-642.746399,87,3368.547233
-138.653043,300,3374.52844
-614.680838,35,3375.238976
-133.707392,300,3384.595392
-626.363275,62,3385.839612
-127.920962,300,3391.880553
-134.293801,300,3397.981334
-141.687148,300,3405.418099
-644.949135,141,3408.194156
-148.791356,300,3414.301857
-702.640744,225,3418.522376
-617.123819,33,3419.203003
-689.757785,216,3424.244569
-133.541007,300,3430.392539
-612.995782,25,3430.899081
-133.852372,300,3437.050733
-649.694311,142,3439.914855
-614.419885,35,3441.567346
-654.390802,102,3443.605358
-125.300436,300,3449.765563
-612.664663,23,3450.235268
-618.717943,33,3450.895276
-643.998757,125,3453.420326
-160.363375,300,3459.404223
-133.23855,300,3467.884151
-139.973782,300,3473.60654
-137.830786,300,3479.700197
-616.331283,49,3480.673396
-618.128262,46,3481.593884
-670.946753,167,3485.605086
-146.778577,300,3491.523923
-130.033294,300,3497.684635
-639.189536,89,3499.539039
-118.036857,300,3509.077388
-622.959365,44,3509.950998
-119.084483,300,3515.533287
-632.810759,81,3517.152279
-118.859289,300,3529.228188
-123.015068,300,3535.227905
-640.556831,98,3537.170156
-136.418661,300,3543.182254
-658.144828,99,3545.795572
-612.638983,27,3546.342218
-110.900743,300,3552.260556
-156.210548,300,3558.33449
-635.085124,78,3559.930938
-116.792526,300,3570.259199
-610.760975,22,3570.717082
-632.086418,71,3572.160362
-110.812892,300,3578.331012
-614.300186,60,3579.531098
-105.590026,300,3591.257158
-728.897254,262,3596.528104
-653.372739,126,3599.044348
-616.446543,43,3599.891004
-158.027439,300,3611.489395
-645.554802,97,3613.431518
-124.52409,300,3619.340694
-638.153555,81,3621.01884
-634.393083,100,3623.034338
-153.795041,300,3632.086058
-663.704388,112,3634.342816
-130.510647,300,3640.555937
-117.536608,300,3646.532698
-93.260741,300,3652.572501
-121.55876,300,3658.6455
-626.954269,85,3660.348474
-690.881644,181,3663.91341
-648.836533,102,3665.936158
-151.491015,300,3673.274164
-109.146603,300,3678.989681
-142.19057,300,3684.131363
-663.855922,144,3689.62569
-141.198782,300,3695.287431
-118.666301,300,3701.407299
-666.012571,134,3709.69572
-111.645115,300,3715.7775
-697.329288,236,3720.462336
-133.940027,300,3726.111828
-127.672397,300,3733.09022
-121.966496,300,3739.150915
-117.766023,300,3745.078701
-88.541149,300,3753.49377
-157.03261,300,3759.529783
-136.183028,300,3765.575056
-618.179476,30,3768.749701
-625.894166,47,3769.683877
-99.893239,300,3775.63439
-145.990903,300,3781.668445
-105.107065,300,3787.739668
-751.13935,281,3794.419405
-152.75992,300,3800.500934
-103.901036,300,3806.477834
-614.739744,26,3810.003979
-653.186346,112,3812.255083
-651.056317,106,3814.379461
-133.073746,300,3820.28448
-610.066374,34,3820.975214
-638.055456,75,3822.478473
-170.746968,300,3828.648075
-134.20888,300,3836.410573
-145.156636,300,3842.582555
-128.894975,300,3848.440709
-138.416545,300,3857.184915
-612.08069,21,3857.60995
-120.561218,300,3863.513776
-612.592599,23,3863.981694
-142.132476,300,3869.959821
-108.915526,300,3877.813567
-165.74285,300,3883.986191
-89.571773,300,3890.242244
-648.730737,153,3895.917174
-137.296865,300,3901.969992
-148.899684,300,3907.739497
-119.784563,300,3919.512269
-105.040047,300,3925.558775
-158.100449,300,3931.681861
-113.041307,300,3939.98462
-117.87572,300,3945.888537
-107.857204,300,3951.955394
-626.763541,76,3953.480735
-627.838952,61,3955.822593
-105.439095,300,3961.949061
-626.442031,75,3963.44236
-635.490416,93,3965.29831
-626.963439,47,3966.237192
-137.107705,300,3972.362577
-634.672881,84,3974.035992
-663.840044,110,3977.602922
-125.780037,300,3983.569974
-96.273554,300,3989.784136
-155.626118,300,3995.842766
-123.519754,300,4002.200044
-144.463358,300,4008.091621
-136.411614,300,4014.095219
-613.194323,45,4014.991236
-129.330464,300,4022.906374
-141.86433,300,4028.916829
-167.929038,300,4035.104014
-626.315726,56,4036.242965
-94.764563,300,4043.790408
-623.241265,68,4045.176662
-165.696772,300,4051.540336
-126.857584,300,4057.695897
-618.215178,35,4059.632832
-684.85081,187,4063.599211
-122.097648,300,4069.582488
-111.25301,300,4075.638168
-666.616056,170,4083.249982
-623.455161,62,4084.479977
-106.501192,300,4090.053857
-93.180856,300,4095.967363
-618.259876,49,4096.92862
-117.442535,300,4105.861378
-607.259414,39,4106.622683
-663.793454,184,4110.28382
-620.111792,33,4110.944921
-647.002674,170,4114.355152
-116.106781,300,4126.456176
-82.852291,300,4131.710572
-116.24925,300,4137.613836
-619.924998,44,4141.11165
-622.220217,43,4141.983057
-158.524494,300,4148.187027
-624.088717,58,4149.36535
-101.093999,300,4155.327728
-146.063157,300,4167.157696
-617.542588,31,4167.7866
-95.352421,300,4173.942048
-88.65841,300,4179.830533
-99.641173,300,4187.561445
-121.591099,300,4193.316322
-87.89297,300,4199.383815
-619.891475,47,4202.927365
-120.347976,300,4208.814948
-613.5054,32,4209.464143
-166.214084,300,4214.983762
-610.94098,49,4215.961167
-665.31713,170,4219.334722
-671.473785,151,4224.998836
-658.341247,126,4227.383512
-96.915936,300,4233.261179
-661.129566,192,4237.129009
-123.168823,300,4248.399878
-627.937213,55,4249.495579
-104.940543,300,4255.620579
-119.39002,300,4261.867926
-116.476807,300,4269.393378
-122.435047,300,4275.558079
-628.11243,64,4276.828827
-128.438567,300,4282.872062
-108.770903,300,4290.122581
-145.336074,300,4296.122524
-648.75532,128,4298.648906
-687.986446,155,4301.721256
-137.276224,300,4310.882064
-690.840532,278,4316.37735
-691.818147,252,4321.513277
-623.999132,86,4323.247313
-104.710465,300,4331.528127
-145.22267,300,4337.532735
-656.002764,120,4339.820497
-637.361454,86,4341.543647
-106.249545,300,4351.486446
-153.451273,300,4357.629748
-612.348049,32,4358.26409
-638.328469,91,4360.067338
-150.166053,300,4366.027584
-107.361639,300,4372.211983
-153.292725,300,4378.330523
-98.975871,300,4384.24679
-627.18614,92,4386.090459
-101.189534,300,4392.758794
-153.362579,300,4399.018002
-129.748098,300,4405.159069
-139.588171,300,4413.564108
-103.577479,300,4419.281946
-154.744016,300,4425.280534
-109.175918,300,4433.687633
-138.488011,300,4439.812019
-122.355879,300,4445.645724
-620.639932,46,4449.202209
-113.407449,300,4455.331196
-615.395467,55,4456.440939
-644.716354,110,4458.629171
-149.725721,300,4464.689524
-640.346337,88,4466.444628
-644.101912,118,4471.427073
-148.550318,300,4477.570031
-143.994794,300,4483.732872
-152.568242,300,4489.88752
-621.181694,55,4491.234882
-655.245925,119,4493.544311
-616.146778,56,4494.669535
-93.327817,300,4500.806927
-142.891922,300,4506.973492
-639.23757,83,4508.727138
-104.220908,300,4517.16191
-622.529535,45,4518.060509
-641.808351,113,4520.303292
-104.561519,300,4526.451996
-623.160114,50,4527.467185
-620.070902,35,4532.877944
-93.317703,300,4539.066696
-109.220465,300,4545.196319
-617.317145,38,4545.975766
-634.294505,113,4548.250403
-126.901407,300,4559.376217
-126.039278,300,4565.364926
-614.301503,45,4566.264112
-135.184321,300,4572.077577
-604.499576,16,4572.403371
-101.31238,300,4579.788917
-682.261977,197,4583.758872
-605.985452,12,4584.018659
-108.549635,300,4590.139346
-94.464258,300,4600.900903
-97.53035,300,4607.195972
-622.113196,39,4607.983039
-147.657267,300,4613.840119
-607.45772,25,4616.150524
-612.459085,29,4616.802385
-643.053746,103,4619.14029
-109.377187,300,4625.095933
-132.555151,300,4631.207098
-652.829351,119,4633.61019
-118.377024,300,4642.836264
-609.532717,26,4643.372882
-614.425792,55,4644.494507
-111.1802,300,4650.612393
-134.92528,300,4656.51976
-618.768468,72,4658.951621
-624.684712,55,4660.053891
-110.022003,300,4666.438932
-111.52746,300,4672.866363
-113.916443,300,4685.105388
-107.551642,300,4691.546786
-673.250209,151,4695.009764
-112.959247,300,4707.076726
-641.284382,111,4709.299807
-132.46966,300,4715.646723
-106.728718,300,4721.694513
-135.726218,300,4728.016741
-655.180594,167,4731.405425
-696.195917,237,4736.071489
-69.983098,300,4742.093904
-119.093486,300,4748.963268
-109.060328,300,4755.164488
-159.096427,300,4761.22873
-621.571186,66,4765.147645
-644.880834,115,4767.426982
-117.565931,300,4773.605902
-639.378734,91,4775.401736
-81.588845,300,4781.568841
-646.488284,145,4784.510619
-632.620439,78,4786.363394
-145.242242,300,4792.526813
-101.16139,300,4798.563706
-688.236543,270,4804.02544
-150.008781,300,4811.681619
-144.387528,300,4817.723806
-615.676184,83,4819.393297
-623.835409,150,4822.487093
-650.301998,144,4829.364893
-128.478889,300,4835.394082
-647.046394,141,4838.257992
-608.8626,36,4838.986727
-83.800237,300,4844.448702
-634.693571,76,4845.997275
-94.651399,300,4852.961737
-79.918797,300,4859.03957
-107.299251,300,4865.172364
-603.859334,24,4868.297642
-639.011116,127,4870.81456
-113.563043,300,4876.363297
-125.987165,300,4882.454162
-616.525442,56,4888.970099
-641.184739,90,4890.799003
-642.256199,86,4892.514939
-147.262146,300,4898.29852
-119.023899,300,4904.096379
-618.806612,42,4904.947205
-643.044162,141,4911.051127
-109.836032,300,4917.12091
-104.813565,300,4923.379167
-644.756438,116,4925.724036
-670.488987,183,4932.887353
-133.197197,300,4938.951045
-120.216397,300,4944.964474
-138.955102,300,4956.034647
-685.496565,180,4959.605166
-100.332522,300,4965.414836
-134.491796,300,4976.583426
-76.461777,300,4982.083884
-118.98162,300,4987.844637
-145.671237,300,4996.505808
-94.220463,300,5002.654279
-134.84687,300,5008.703643
-608.70716,30,5011.89776
-105.960353,300,5017.861355
-100.450319,300,5023.997181
-80.590814,300,5030.173485
-93.453611,300,5038.010107
-609.023349,36,5038.730187
-109.104518,300,5044.65902
-115.689505,300,5050.607654
-128.180021,300,5058.653861
-132.772186,300,5064.671301
-101.036923,300,5070.813161
-650.896529,133,5076.121623
-646.138384,100,5078.136727
-120.632612,300,5084.041987
-700.58246,237,5088.928306
-633.267666,131,5091.470712
-98.13859,300,5099.941386
-122.920958,300,5106.089418
-664.787642,212,5110.240293
-678.986655,213,5118.884252
-692.027239,231,5123.512399
-120.232762,300,5129.449962
-662.120264,197,5133.384451
-639.219046,117,5137.529562
-636.337771,102,5139.662497
-103.89725,300,5145.849186
-151.367918,300,5151.531532
-634.366493,92,5157.560361
-658.211967,148,5160.519653
-100.519662,300,5166.554746
-682.470267,260,5171.808888
-131.309456,300,5182.412712
-109.383545,300,5188.680766
-109.144698,300,5194.763011
-108.326404,300,5203.348443
-658.15389,121,5205.856553
-689.268618,208,5210.280579
-121.205887,300,5216.280669
-628.420808,84,5217.987764
-138.53226,300,5224.45677
-128.42609,300,5230.823754
-100.456222,300,5236.601076
-118.569435,300,5245.16929
-113.144469,300,5251.320025
-654.728831,149,5254.361607
-112.685288,300,5266.106735
-668.333419,274,5271.692533
-700.603911,232,5276.435243
-622.558758,84,5278.138513
-634.98828,107,5280.262233
-114.079819,300,5287.006259
-688.854816,209,5291.271474
-606.163709,29,5291.849328
-114.192463,300,5297.825135
-636.030365,69,5299.215273
-84.212352,300,5307.705468
-111.773316,300,5313.658673
-618.969784,29,5314.240093
-107.790199,300,5320.150351
-621.590429,56,5323.297794
-628.19658,86,5324.994514
-109.189257,300,5331.008123
-629.414357,87,5332.751653
-98.877249,300,5338.741666
-135.003978,300,5348.956542
-110.850845,300,5355.06269
-97.401571,300,5360.890266
-107.432606,300,5369.278118
-82.024843,300,5375.27584
-129.186465,300,5381.305581
-75.430481,300,5389.872005
-685.554554,204,5394.098828
-95.433048,300,5399.902042
-619.420455,66,5401.227015
-639.365017,94,5406.335886
-85.466606,300,5412.317848
-120.951182,300,5418.349149
-119.201707,300,5424.392879
-614.389816,25,5424.890943
-110.552317,300,5430.705077
-656.143756,177,5434.294236
-109.631457,300,5440.318201
-124.8855,300,5451.317369
-662.172942,279,5457.370098
-616.78701,63,5458.615649
-62.166693,300,5464.557096
-123.784986,300,5472.267694
-115.835808,300,5478.199038
-603.743698,63,5479.477901
-98.895358,300,5485.442774
-97.622959,300,5492.36384
-614.496516,57,5493.485298
-75.118451,300,5499.654754
-123.553828,300,5505.751781
-115.959351,300,5513.101837
-619.832375,54,5514.198921
-628.733936,91,5516.019367
-97.743364,300,5521.455063
-621.929203,89,5528.98771
-94.802494,300,5535.07724
-121.777114,300,5541.211101
-112.684633,300,5547.427463
-643.134582,128,5550.656209
-114.094464,300,5556.769291
-103.975418,300,5562.912131
-646.938093,127,5572.006772
-107.00516,300,5577.934649
-92.826804,300,5583.833054
-627.036234,65,5591.429392
-101.721687,300,5597.37374
-114.420858,300,5603.39319
-631.999111,109,5605.661325
-620.635623,64,5612.007773
-103.068569,300,5618.280992
-88.107066,300,5624.4993
-123.778516,300,5630.543725
-664.671329,207,5635.835253
-79.974768,300,5642.007043
-96.476193,300,5648.054373
-620.989559,68,5653.837579
-109.702951,300,5659.938875
-646.451991,154,5663.020302
-630.315237,87,5664.753215
-111.126644,300,5670.987531
-623.861162,78,5674.986276
-51.628572,300,5681.084457
-85.091912,300,5687.168063
-87.095239,300,5692.989943
-662.938915,219,5698.447512
-613.956893,40,5699.25644
-90.29712,300,5705.327284
-104.717345,300,5711.218386
-132.956683,300,5720.704661
-96.075218,300,5726.764293
-623.926034,50,5727.775285
-613.45311,44,5728.668677
-96.775801,300,5734.653644
-69.525839,300,5741.451153
-677.598028,236,5746.098464
-107.08605,300,5752.061792
-654.418667,146,5754.998373
-98.366027,300,5762.106635
-634.466089,84,5763.790812
-120.202356,300,5769.904956
-108.454083,300,5775.920369
-87.74024,300,5782.744761
-668.225329,231,5787.282005
-80.992541,300,5793.362335
-659.110175,142,5796.308256
-103.260216,300,5803.487226
-97.057628,300,5809.507639
-107.123499,300,5815.425488
-107.240915,300,5824.068984
-96.508708,300,5830.322984
-118.030466,300,5836.311191
-629.493657,67,5837.667505
-90.208688,300,5844.688269
-136.907725,300,5850.808215
-89.995125,300,5856.828697
-641.326231,172,5862.963442
-87.59868,300,5868.574518
-619.412451,52,5869.630122
-118.048417,300,5875.104146
-634.284925,166,5878.277946
-613.529306,28,5878.840625
-69.548698,300,5885.101884
-115.526029,300,5891.173692
-57.748582,300,5896.913834
-613.062102,36,5900.270431
-73.795192,300,5906.212409
-125.566111,300,5912.227199
-115.422529,300,5918.257738
-103.853573,300,5926.160332
-99.659372,300,5932.542045
-109.345637,300,5938.322931
-100.613972,300,5947.058357
-110.320172,300,5953.203116
-95.899629,300,5959.297081
-622.473526,78,5963.434604
-645.154106,202,5967.457437
-99.684343,300,5973.825808
-110.501195,300,5979.783098
-87.145163,300,5988.745021
-140.654599,300,5994.990635
-107.369027,300,6000.664397
-603.412569,27,6001.198696
-108.856538,300,6009.230347
-641.126413,150,6012.161005
-116.253178,300,6018.286877
-121.232534,300,6030.029482
-99.220564,300,6035.976574
-115.538988,300,6041.948531
-112.017105,300,6050.486909
-72.292088,300,6056.519752
-115.372058,300,6062.150959
-650.253514,165,6067.916234
-104.496219,300,6073.30537
-91.373383,300,6079.301647
-99.47661,300,6090.560917
-103.54062,300,6096.557975
-116.049671,300,6102.537712
-95.554638,300,6111.189006
-105.341757,300,6116.967027
-109.863303,300,6123.056907
-105.044598,300,6131.798792
-105.193133,300,6137.912937
-120.540857,300,6143.93221
-141.420893,300,6152.655627
-81.557776,300,6158.649709
-78.551733,300,6164.624614
-131.854855,300,6173.366954
-79.420246,300,6179.614476
-92.610169,300,6185.782496
-80.685143,300,6194.290156
-111.177008,300,6200.255301
-66.781826,300,6206.402649
-86.605114,300,6214.781784
-97.158717,300,6220.870555
-649.763289,113,6223.104405
-621.082641,65,6224.415011
-117.267198,300,6235.63575
-89.523958,300,6241.471782
-108.613929,300,6247.445011
-95.009915,300,6256.131702
-106.033625,300,6262.431291
-93.228041,300,6268.449556
-94.476359,300,6276.993582
-81.787943,300,6283.226974
-118.210706,300,6289.261007
-156.566017,300,6297.984964
-92.215761,300,6304.002931
-86.383218,300,6309.830804
-92.936854,300,6318.528207
-708.167044,286,6324.312517
-642.828989,122,6326.746206
-99.623636,300,6333.249827
-654.799303,204,6337.881114
-108.05797,300,6343.331618
-98.561778,300,6349.474246
-620.236088,56,6350.578737
-101.117743,300,6360.298573
-114.901714,300,6366.324562
-655.680491,193,6370.260965
-103.048162,300,6380.992179
-114.945825,300,6386.961923
-95.016598,300,6392.913066
-81.709954,300,6401.471054
-104.989993,300,6407.444889
-82.503757,300,6413.391178
-105.192491,300,6422.177083
-94.978183,300,6428.530142
-616.939426,71,6429.962632
-103.487056,300,6435.889779
-70.188723,300,6443.017704
-636.172644,103,6445.083894
-79.829798,300,6451.486027
-97.085947,300,6457.472
-83.060754,300,6463.68106
-104.670226,300,6469.712199
-618.358986,55,6470.801243
-619.777459,60,6472.001945
-90.215961,300,6477.921557
-66.342691,300,6484.285747
-126.847296,300,6490.305956
-624.082581,60,6491.50801
-642.565463,168,6494.961523
-669.394448,243,6503.800861
-86.794949,300,6509.88563
-84.597739,300,6516.037055
-641.998836,101,6521.913175
-105.821694,300,6528.020818
-70.301567,300,6534.097512
-98.635885,300,6540.095131
-87.141425,300,6546.913892
-108.471574,300,6553.120712
-617.995314,72,6554.593385
-651.764225,118,6556.968238
-119.904732,300,6567.255037
-649.731726,134,6569.955172
-85.227518,300,6575.942451
-678.808162,210,6586.09287
-71.330745,300,6591.3593
-77.194531,300,6597.416462
-108.187785,300,6608.09919
-79.266133,300,6614.301703
-685.573853,253,6619.17548
-666.897559,208,6626.973654
-98.403924,300,6632.045276
-50.776489,300,6638.213403
-112.686536,300,6648.755107
-650.79039,214,6653.165596
-74.884024,300,6659.299044
-666.675598,277,6669.449455
-86.63565,300,6675.231558
-89.132442,300,6681.679009
-117.084502,300,6690.910598
-620.573695,78,6692.487798
-71.194424,300,6698.634665
-685.486554,289,6704.403603
-104.774392,300,6711.612923
-75.430635,300,6717.681157
-116.589816,300,6723.795996
-55.082704,300,6732.526899
-77.458979,300,6738.498749
-84.869231,300,6744.483985
-109.605431,300,6753.354212
-77.521757,300,6759.447466
-56.449812,300,6765.204793
-77.326528,300,6773.709109
-90.146045,300,6779.471226
-66.782797,300,6785.479704
-73.831598,300,6794.046498
-679.868033,282,6799.780801
-617.804576,78,6801.311765
-104.259856,300,6807.3063
-75.905732,300,6814.669883
-62.093798,300,6820.66952
-84.772508,300,6826.6329
-629.262562,101,6828.71081
-95.460948,300,6835.393966
-103.24642,300,6841.364831
-87.302605,300,6847.426209
-75.407048,300,6855.523281
-95.16967,300,6861.647703
-90.418044,300,6867.016164
-97.696151,300,6875.697826
-61.803267,300,6881.570894
-100.825713,300,6887.5724
-75.556948,300,6896.232812
-95.321079,300,6902.26088
-51.244407,300,6908.154373
-604.707026,39,6908.934063
-106.676137,300,6916.724896
-70.164257,300,6922.671946
-66.312814,300,6928.906437
-80.117704,300,6937.337803
-83.490571,300,6943.326451
-58.475938,300,6949.207253
-637.221144,87,6953.523028
-79.557013,300,6959.582492
-114.787946,300,6965.744405
-80.603603,300,6971.666365
-71.701219,300,6978.64346
-97.886678,300,6984.752118
-63.855539,300,6990.857513
-84.167751,300,6999.610067
-78.773164,300,7005.790971
-87.658781,300,7011.75094
-93.865824,300,7020.243997
-606.486059,38,7021.022319
-83.36987,300,7027.11235
-83.186497,300,7033.043001
-662.424621,144,7037.731241
-84.938108,300,7043.472377
-92.956034,300,7049.578996
-79.024793,300,7061.616103
-69.047175,300,7067.596144
-81.829691,300,7073.391418
-629.258304,113,7075.594234
-78.882957,300,7081.963895
-644.793392,172,7085.373543
-93.994288,300,7091.270998
-655.246283,200,7100.464463
-640.432246,223,7104.962424
-91.326929,300,7110.938441
-96.109596,300,7117.081483
-667.857695,247,7122.234279
-95.51633,300,7128.20149
-70.992824,300,7134.488505
-619.664063,44,7139.115621
-54.963268,300,7145.143665
-61.647168,300,7151.203035
-78.641117,300,7156.72409
-112.279831,300,7164.162126
-630.064303,163,7167.307867
-91.86679,300,7173.414463
-74.176541,300,7185.101475
-106.757543,300,7191.152304
-88.726123,300,7197.148227
-73.977943,300,7205.76768
-87.41991,300,7211.798969
-85.228193,300,7217.78854
-77.681999,300,7226.050879
-66.327082,300,7231.948141
-618.955251,70,7233.346904
-73.197844,300,7239.331746
-97.925493,300,7246.619143
-641.827191,141,7249.421571
-102.502543,300,7255.436137
-98.945249,300,7267.490301
-67.84546,300,7273.656968
-76.802869,300,7279.635012
-98.148051,300,7288.258883
-64.942894,300,7294.273814
-89.14012,300,7300.375171
-82.670986,300,7309.135973
-63.823746,300,7315.244438
-624.96604,139,7318.012712
-51.483729,300,7329.635985
-58.89284,300,7335.759229
-625.210881,76,7337.235746
-619.618414,75,7338.680194
-82.980771,300,7350.448592
-661.941992,183,7354.130493
-89.03116,300,7359.867969
-77.8625,300,7370.668258
-66.12994,300,7376.755984
-59.017677,300,7382.672421
-636.242319,119,7385.073402
-92.978113,300,7391.313519
-96.417877,300,7397.301982
-611.648158,50,7398.306692
-73.152454,300,7404.215103
-90.952175,300,7412.168272
-88.976374,300,7417.995404
-80.683871,300,7424.202094
-73.618786,300,7432.854033
-84.943033,300,7438.901412
-85.036787,300,7444.863095
-99.232847,300,7453.402866
-89.077936,300,7459.370293
-59.517154,300,7465.424001
-74.024221,300,7473.936288
-82.461948,300,7479.97122
-98.353529,300,7486.097851
-73.56159,300,7494.621875
-88.897324,300,7500.692721
-98.936421,300,7506.685673
-127.288254,300,7515.244313
-87.281712,300,7521.238729
-62.308504,300,7527.098612
-87.305386,300,7535.570747
-73.826027,300,7541.672927
-69.774845,300,7547.717631
-79.772586,300,7556.509341
-84.829535,300,7562.67949
-618.266508,78,7564.245209
-632.569655,134,7566.88867
-609.598982,106,7569.017383
-621.583152,68,7570.367259
-111.248925,300,7577.216985
-83.823298,300,7583.515782
-101.026637,300,7589.663493
-669.713672,233,7596.710667
-85.135342,300,7602.690374
-92.205407,300,7608.824728
-94.36741,300,7619.128886
-104.789327,300,7625.214319
-87.855089,300,7630.647431
-73.973351,300,7639.223198
-102.494724,300,7645.213946
-107.06294,300,7651.313745
-90.674836,300,7660.053453
-81.493,300,7666.106168
-97.606372,300,7672.064837
-79.529828,300,7680.503342
-91.883682,300,7686.466894
-616.08158,57,7687.608317
-52.521229,300,7693.46268
-85.170944,300,7700.964168
-123.402392,300,7707.136136
-58.628528,300,7713.541668
-99.786757,300,7722.020387
-650.493125,170,7725.424593
-633.206783,84,7727.095025
-117.379985,300,7733.018675
-620.408252,60,7734.201217
-111.930505,300,7742.592611
-94.515224,300,7747.688703
-124.061484,300,7753.773986
-103.372858,300,7762.260325
-88.432529,300,7768.178984
-98.807833,300,7774.093622
-626.71088,105,7778.701186
-75.652188,300,7784.779597
-98.301187,300,7790.838355
-104.811605,300,7796.892501
-96.429024,300,7803.392393
-78.897657,300,7809.627093
-123.804998,300,7815.643114
-100.055969,300,7824.316363
-616.313631,26,7824.837535
-613.630032,86,7826.584381
-106.731829,300,7832.737325
-86.215929,300,7838.560823
-75.920086,300,7844.785348
-619.428983,108,7846.971608
-73.68517,300,7853.105902
-84.094823,300,7859.183519
-603.518701,28,7860.191313
-62.036086,300,7866.235183
-76.852817,300,7872.230012
-53.625004,300,7878.251509
-90.29798,300,7886.059164
-77.127477,300,7892.0732
-680.280649,190,7895.877527
-609.881955,40,7901.44987
-75.276811,300,7907.123019
-78.197289,300,7913.048709
-94.831929,300,7918.546047
-624.307564,84,7920.274282
-91.580942,300,7926.435176
-114.029691,300,7932.409942
-84.315843,300,7938.499166
-104.668424,300,7947.241481
-50.573798,300,7953.360183
-74.356891,300,7959.315505
-77.164066,300,7967.840495
-80.138287,300,7973.853412
-95.516035,300,7979.825934
-77.95465,300,7988.401654
-100.296981,300,7994.514442
-74.283869,300,8000.525958
-72.010705,300,8009.020443
-661.434137,215,8013.174441
-75.726807,300,8019.163384
-93.415433,300,8029.323318
-84.524393,300,8035.376201
-80.008974,300,8041.417555
-94.240068,300,8050.080248
-66.09448,300,8056.133832
-120.926564,300,8062.260192
-95.968221,300,8070.774922
-67.325574,300,8076.844898
-99.690407,300,8083.018375
-88.843085,300,8091.739421
-92.176788,300,8097.773551
-89.516838,300,8103.919571
-79.954427,300,8112.575837
-626.624589,50,8113.578393
-88.881681,300,8119.769181
-77.801407,300,8126.011277
-68.204732,300,8133.698738
-76.661921,300,8139.702082
-85.566705,300,8145.521453
-78.240464,300,8154.148682
-95.157832,300,8159.494635
-637.384443,110,8161.699684
-649.233967,149,8164.774609
-86.055675,300,8174.216593
-47.559581,300,8180.240849
-637.156968,93,8182.13449
-96.694124,300,8188.237165
-70.842045,300,8195.085499
-77.981414,300,8201.053899
-656.383145,209,8205.294894
-66.763821,300,8215.968356
-87.151951,300,8222.052352
-612.975445,59,8223.229292
-73.445363,300,8229.042658
-642.476196,122,8232.909849
-82.552227,300,8238.818397
-64.344924,300,8245.111962
-61.057848,300,8251.301492
-634.748188,90,8253.286471
-85.881617,300,8259.273016
-66.058577,300,8265.329364
-89.544958,300,8271.328326
-86.722284,300,8278.316841
-108.599508,300,8283.893929
-63.24758,300,8289.853507
-605.096909,24,8290.340046
-669.832514,268,8297.866011
-76.309752,300,8303.861005
-74.834557,300,8310.041309
-98.655287,300,8319.475017
-79.830824,300,8325.201764
-92.828879,300,8331.447638
-69.796435,300,8340.251274
-613.120238,29,8340.839077
-101.747552,300,8346.865525
-91.011137,300,8352.847042
-101.204268,300,8360.899118
-631.050492,91,8362.732393
-105.02974,300,8368.811212
-618.573112,85,8370.509532
-95.015467,300,8381.798818
-75.531759,300,8387.347946
-114.276979,300,8393.414473
-81.294352,300,8402.25587
-75.569695,300,8408.28058
-98.564557,300,8413.920521
-76.685055,300,8422.822435
-81.625608,300,8428.946435
-98.877925,300,8435.051404
-613.293353,33,8435.710244
-72.785111,300,8443.917786
-76.124608,300,8449.980858
-71.825609,300,8456.216409
-85.918477,300,8464.954722
-59.698044,300,8470.973301
-84.187903,300,8476.982461
-64.410892,300,8485.670895
-86.32455,300,8491.746333
-74.137609,300,8497.782653
-82.645408,300,8506.163845
-91.343684,300,8512.343254
-621.814927,81,8513.958233
-617.993847,90,8515.734221
-611.070647,28,8516.290142
-68.037081,300,8527.039114
-90.534577,300,8532.818289
-104.637667,300,8538.943514
-96.846175,300,8547.67576
-80.168956,300,8553.805324
-102.815407,300,8559.934001
-89.480653,300,8568.463699
-75.015976,300,8574.473225
-92.603412,300,8580.605616
-64.735015,300,8589.455308
-66.880007,300,8595.214743
-84.819337,300,8601.446239
-603.97944,21,8601.874072
-106.83346,300,8609.96186
-125.695757,300,8616.125179
-90.714263,300,8622.192086
-72.059665,300,8630.732775
-642.543901,169,8634.282834
-71.866252,300,8640.344266
-82.220384,300,8651.684259
-58.132593,300,8657.760689
-629.846273,126,8660.297453
-84.620057,300,8672.55571
-115.529743,300,8678.683089
-627.601965,189,8682.342659
-604.305481,67,8683.684029
-91.72222,300,8693.274621
-611.608105,54,8694.345545
-121.321452,300,8700.366384
-109.896404,300,8706.574682
-67.325795,300,8713.830778
-72.691631,300,8719.856823
-96.76472,300,8725.956134
-74.061939,300,8734.675879
-94.105021,300,8740.624101
-620.209283,81,8742.250616
-76.933678,300,8747.731517
-614.30374,36,8748.455401
-95.820247,300,8754.684301
-73.246468,300,8761.115869
-82.187996,300,8767.227673
-103.770997,300,8775.765034
-620.067987,84,8777.36075
-86.809606,300,8783.01758
-93.014768,300,8788.998462
-82.867033,300,8796.148054
-623.820809,60,8797.397447
-100.437469,300,8803.39602
-86.306594,300,8808.942822
-86.022934,300,8816.714354
-80.80944,300,8822.799736
-613.370614,62,8824.024709
-607.588299,60,8825.238424
-89.849476,300,8831.298917
-635.731517,101,8833.545971
-628.455286,123,8835.98283
-81.077407,300,8842.010629
-116.48326,300,8848.187349
-100.169362,300,8858.057956
-86.996791,300,8864.231492
-74.054351,300,8870.527968
-68.336056,300,8879.145481
-72.09764,300,8885.368237
-122.791161,300,8891.059056
-629.133531,80,8895.232902
-80.619082,300,8901.217984
-54.264022,300,8907.313761
-91.261632,300,8912.934341
-635.065506,100,8915.874876
-665.513468,280,8921.595154
-100.241363,300,8927.154721
-90.766645,300,8933.128279
-79.911735,300,8940.175809
-37.138701,300,8946.173081
-112.47028,300,8952.031401
-67.411364,300,8961.140489
-92.649615,300,8967.132637
-90.908131,300,8973.220621
-601.134711,26,8976.300977
-74.965397,300,8982.175868
-615.119175,65,8983.470338
-633.533598,96,8985.388783
-88.825179,300,8991.255797
-601.111406,21,8991.672807
-646.580784,174,8999.782707
-69.639428,300,9005.794369
-70.956381,300,9011.818125
-109.701376,300,9022.644123
-90.714996,300,9028.713748
-96.416225,300,9034.262183
-624.791899,79,9038.521464
-81.267331,300,9044.50693
-100.796578,300,9050.5193
-64.05158,300,9056.795577
-608.96903,17,9058.203877
-85.039084,300,9064.171818
-77.763654,300,9069.430096
-628.198163,141,9072.242638
-83.359242,300,9083.522943
-79.478578,300,9089.681005
-67.97427,300,9095.982573
-85.090613,300,9104.605834
-603.14999,28,9105.172367
-66.803294,300,9110.94218
-54.699964,300,9116.961995
-76.214297,300,9124.781812
-87.160031,300,9130.857911
-654.673212,248,9135.928057
-98.053883,300,9145.616661
-70.990146,300,9151.584569
-94.67173,300,9157.806204
-88.771805,300,9166.604287
-88.117059,300,9172.640399
-83.548139,300,9178.52414
-78.65198,300,9187.299084
-98.648557,300,9193.22733
-54.586262,300,9198.976173
-609.25974,18,9199.346619
-658.276306,261,9206.88547
-607.543428,37,9207.639125
-629.166995,148,9210.564615
-75.334505,300,9216.639815
-77.807497,300,9228.444987
-94.906854,300,9234.395874
-81.492169,300,9240.342139
-69.540027,300,9249.09535
-57.5673,300,9254.547986
-83.361328,300,9260.575008
-646.152011,269,9268.211868
-71.540089,300,9274.276042
-59.570699,300,9280.498871
-85.78099,300,9289.444671
-654.021816,244,9294.280849
-89.031382,300,9299.794303
-610.978121,39,9300.577071
-70.151948,300,9309.302191
-640.16706,127,9311.870113
-101.405836,300,9317.972389
-617.561878,83,9319.643937
-101.936198,300,9330.202628
-665.860905,243,9335.103086
-100.747607,300,9341.233735
-75.698107,300,9350.917141
-84.078792,300,9356.940765
-72.477369,300,9363.142964
-83.248296,300,9371.790902
-103.905249,300,9377.938758
-58.851877,300,9384.002205
-94.074775,300,9392.64862
-635.310518,118,9395.01387
-69.738008,300,9401.04301
-60.112369,300,9406.936587
-64.769337,300,9413.213052
-93.660266,300,9419.326339
-628.199815,73,9420.789035
-99.695039,300,9426.804126
-72.714383,300,9433.953169
-630.202596,150,9436.974693
-85.381342,300,9442.99259
-87.532893,300,9454.963838
-94.483555,300,9460.952677
-634.577896,151,9464.022709
-602.286621,22,9464.467782
-621.65226,83,9466.180462
-105.212819,300,9474.90688
-72.435661,300,9480.990321
-608.945817,73,9482.411786
-82.441619,300,9488.519147
-83.374066,300,9495.024214
-52.986109,300,9501.024874
-92.248526,300,9507.096545
-62.67855,300,9515.942159
-59.013428,300,9521.941949
-63.943667,300,9527.917364
-59.183852,300,9535.79572
-93.876817,300,9541.90216
-79.979171,300,9547.895441
-110.901486,300,9556.537197
-66.4496,300,9562.564474
-61.105229,300,9568.799512
-83.958153,300,9577.445184
-65.197628,300,9583.354549
-88.185788,300,9589.278486
-72.429926,300,9597.74891
-80.538321,300,9603.879875
-80.986737,300,9609.963347
-22.035828,300,9618.673477
-60.330672,300,9624.567343
-607.768127,43,9625.451807
-87.397995,300,9631.478206
-84.773857,300,9639.435411
-75.673375,300,9645.724114
-71.147809,300,9651.703791
-64.298952,300,9660.447772
-90.9756,300,9666.786577
-617.769889,70,9668.200653
-101.959628,300,9674.320852
-82.558717,300,9681.328419
-99.712489,300,9687.346328
-77.6976,300,9693.562038
-83.809596,300,9702.167235
-75.21924,300,9708.5346
-53.51085,300,9714.341168
-65.88872,300,9722.852215
-80.23214,300,9728.590005
-657.353372,288,9734.515448
-98.239791,300,9743.303604
-77.176381,300,9749.417176
-92.638035,300,9755.439146
-672.380253,285,9763.744025
-52.816543,300,9769.767477
-80.093477,300,9775.754955
-68.556829,300,9784.748348
-93.467259,300,9790.533536
-98.904174,300,9796.512776
-613.261324,48,9797.490697
-71.043023,300,9804.945928
-90.495034,300,9810.881065
-64.382778,300,9816.89409
-57.67977,300,9825.759062
-88.412129,300,9831.854091
-622.977022,96,9833.778287
-67.450209,300,9839.915498
-72.916824,300,9846.698491
-651.411556,204,9850.814735
-56.656572,300,9857.103623
-86.6594,300,9867.81117
-73.463289,300,9873.696811
-71.931971,300,9879.65581
-640.358523,220,9886.823276
-93.028147,300,9892.862778
-56.191726,300,9899.119192
-94.747571,300,9909.458959
-80.927031,300,9915.514618
-87.393374,300,9921.510936
-65.290749,300,9930.062202
-66.710224,300,9936.077934
-68.814303,300,9942.095781
-607.691521,57,9943.250583
-86.806422,300,9950.722479
-626.013218,89,9952.433942
-66.617448,300,9958.175328
-98.255835,300,9964.189018
-77.593969,300,9971.162261
-82.07317,300,9977.436438
-62.667057,300,9983.388037
-101.616938,300,9992.261554
-612.115545,77,9993.792684
-78.304195,300,9999.873252
-73.094963,300,10005.945203
-63.214851,300,10013.046538
-81.85719,300,10019.100386
-86.148626,300,10024.835633
-89.655056,300,10033.456683
-57.428593,300,10039.412347
-73.773861,300,10045.158398
-72.755194,300,10053.749832
-88.982614,300,10059.68752
-57.573407,300,10065.807279
-58.057416,300,10074.037037
-53.186075,300,10080.01185
-88.620407,300,10085.86183
-82.089036,300,10094.480047
-64.094508,300,10100.609429
-74.646767,300,10106.407659
-91.259005,300,10115.380064
-87.450128,300,10121.406341
-95.782985,300,10127.365304
