# {"t_start": 1564593459.4492538, "env_id": "highway-discrete-v0"} 
r,l,t
-633.667876,77,5.046772
-623.092772,57,8.06999
-655.555639,126,14.665431
-634.395343,87,19.138691
-678.548243,180,29.85477
-608.317217,34,31.979574
-650.352932,123,39.287953
-650.60444,132,46.930794
-666.159314,174,57.121016
-678.650292,190,70.686847
-648.380374,154,80.018548
-631.809889,95,85.774472
-665.387301,142,94.47505
-608.229865,21,95.83161
-662.980387,158,105.655477
-624.001715,71,109.950662
-682.431375,186,121.136991
-624.574814,67,125.941224
-612.740457,43,128.617242
-624.903213,51,131.898095
-655.319765,137,140.493139
-616.017856,42,143.097857
-631.010917,80,148.002477
-671.330323,182,158.725249
-626.448438,70,162.983021
-642.883259,105,169.384978
-612.157528,35,171.50295
-677.878611,200,183.311538
-623.492997,48,187.255149
-628.115413,73,191.69868
-648.342869,133,199.681122
-664.078589,188,210.906032
-129.64631,300,228.865928
-609.036117,29,230.657858
-685.438457,192,242.215391
-611.967139,32,248.103863
-676.742561,176,258.597013
-652.835976,126,266.058402
-609.292898,27,267.751767
-612.198227,34,269.866657
-613.888576,34,271.96513
-123.972497,300,291.032572
-622.41277,56,294.625813
-615.886102,50,297.695326
-665.508328,168,308.26853
-110.654892,300,329.017643
-648.055121,120,336.498068
-665.694693,149,345.764891
-613.745398,40,348.218493
-610.610404,36,350.526679
-618.461437,51,353.706196
-664.443213,151,362.861996
-624.058001,67,366.99599
-669.094037,155,383.099633
-623.752266,79,387.878848
-613.17601,35,390.060275
-122.920614,300,407.851272
-621.789251,56,411.345838
-125.820328,300,429.196752
-631.309838,72,433.637843
-132.260051,300,453.701836
-655.620806,128,461.513849
-647.095095,119,468.76041
-606.421254,23,470.251072
-698.194635,222,483.709973
-617.082117,41,500.548987
-608.905405,19,501.805872
-609.316353,29,503.608457
-124.248204,300,521.66698
-620.126854,54,524.966706
-616.541274,54,528.308733
-641.105975,106,534.821627
-641.427453,86,540.173556
-654.750822,124,547.789501
-632.857406,76,565.597784
-607.253179,19,566.868307
-608.759408,42,569.524998
-643.36711,103,575.948207
-616.122607,33,578.072569
-623.18254,54,581.504669
-638.051865,100,587.678005
-611.395628,29,589.550009
-126.728575,300,607.839708
-616.850414,55,611.252411
-610.350394,29,613.095909
-663.704237,162,623.025169
-643.224332,113,631.614201
-656.406058,160,641.575804
-124.41968,300,659.806239
-629.114737,59,663.449275
-701.694912,261,679.375224
-635.634528,79,692.305314
-654.936072,147,701.48256
-116.033154,300,720.503253
-677.547398,204,733.371347
-617.843199,37,735.778755
-610.319942,21,737.165156
-658.511614,143,746.030099
-629.604652,74,750.633672
-693.101324,228,766.2346
-690.848628,212,779.178522
-136.847064,300,797.524584
-629.624624,63,801.538434
-622.414725,58,819.231313
-616.000241,44,822.007043
-617.035992,51,825.270159
-629.26989,80,830.330879
-620.165318,49,833.388435
-121.18111,300,851.995201
-674.423857,168,862.486866
-612.234167,28,881.74163
-642.358358,106,888.398872
-647.218938,120,895.977116
-108.344147,300,914.597102
-616.249656,37,917.021703
-608.589412,23,918.56787
-652.335571,133,926.78909
-634.935978,79,931.695786
-612.210645,32,946.247259
-654.345352,132,954.433902
-693.246727,206,967.313232
-676.832621,194,979.491993
-699.897868,241,994.48359
-700.450964,245,1023.820053
-664.896534,170,1034.367685
-668.652348,185,1046.134149
-115.629633,300,1065.122821
-610.142484,39,1067.655923
-105.993465,300,1092.008194
-653.420774,122,1099.748269
-614.566668,40,1102.371204
-117.014863,300,1121.377107
-640.304687,98,1127.658575
-605.348672,20,1129.002117
-616.564965,40,1140.985283
-643.685763,126,1148.865929
-661.092198,153,1158.492855
-696.137803,236,1173.26463
-613.24964,40,1175.840924
-620.844705,54,1179.334792
-611.057724,43,1182.131304
-612.654984,30,1184.129274
-622.474103,59,1187.865316
-617.57763,78,1208.625207
-678.496975,185,1220.359667
-610.250885,32,1222.497466
-622.753262,55,1225.962849
-640.967564,86,1231.46294
-615.238719,33,1233.600435
-617.861591,44,1236.498652
-612.777747,31,1238.565688
-668.303523,145,1247.778564
-119.947596,300,1266.561848
-615.987946,40,1271.601825
-649.198406,139,1280.399994
-664.582196,154,1290.197033
-621.025956,70,1294.751901
-616.40557,42,1297.50152
-633.84875,86,1302.921739
-648.926763,126,1310.993545
-623.881716,52,1314.381952
-628.157053,73,1319.133794
-642.41358,98,1341.183928
-630.994828,87,1346.769201
-616.444744,41,1349.47735
-605.334451,31,1351.553021
-660.355903,140,1360.538388
-611.191478,30,1362.561169
-101.604043,300,1381.864051
-654.791584,124,1389.716763
-114.836109,300,1420.247157
-661.825562,138,1429.098902
-117.199159,300,1448.273223
-661.894794,168,1458.936658
-612.823626,37,1461.380044
-610.937134,31,1468.904355
-674.458948,182,1480.548454
-121.543773,300,1499.844246
-646.104546,99,1506.262683
-652.180075,119,1514.003645
-611.614386,31,1534.922288
-659.664293,145,1544.389699
-703.683463,278,1562.48136
-610.478421,25,1564.197486
-696.419196,269,1581.385615
-124.272709,300,1618.907033
-642.716741,108,1626.136058
-679.830951,216,1640.277795
-622.948759,59,1644.217742
-618.841785,44,1647.160778
-690.023112,241,1663.558198
-666.155436,161,1680.090222
-115.456381,300,1702.436447
-109.227522,300,1724.323394
-654.144079,137,1753.396602
-645.132666,137,1763.262863
-649.371494,114,1771.430612
-118.627796,300,1793.177542
-119.258242,300,1814.787852
-658.571632,134,1827.403546
-610.431567,26,1829.385888
-629.660725,75,1834.851766
-663.165344,166,1846.847473
-628.999792,63,1851.531403
-637.211544,95,1858.497093
-647.583091,109,1866.458655
-108.133638,300,1888.048811
-622.918472,50,1891.708893
-647.325408,113,1900.780083
-681.555193,237,1917.914732
-625.486549,54,1921.989894
-116.391571,300,1945.899024
-613.038779,31,1948.257626
-671.931405,154,1982.202916
-630.45706,90,1989.168434
-636.450911,92,1996.003812
-618.912297,55,2000.126518
-622.233541,54,2004.171123
-634.805568,89,2010.784323
-623.741784,57,2015.04987
-625.168662,59,2019.758501
-105.170084,300,2041.858652
-628.10668,79,2053.513675
-123.613174,300,2075.592928
-121.916283,300,2097.636129
-116.850348,300,2119.990123
-621.88566,46,2127.187244
-112.243219,300,2149.164751
-663.257307,164,2161.29368
-640.725084,94,2168.27858
-630.088275,73,2173.846059
-122.427071,300,2195.840294
-612.26041,36,2198.594904
-644.322737,130,2209.715204
-636.881664,99,2217.087379
-615.363595,40,2220.134873
-648.412653,122,2229.268115
-634.704598,77,2235.047712
-709.259039,254,2253.879056
-659.871298,144,2264.692097
-114.502487,300,2298.836219
-113.917535,300,2321.065252
-113.357244,300,2343.382007
-653.107793,145,2363.759132
-641.616432,104,2371.558744
-629.077781,75,2377.224576
-651.754042,135,2387.33636
-104.078262,300,2409.74052
-667.3367,178,2443.254805
-610.51062,25,2445.246813
-119.212521,300,2467.678745
-626.439308,59,2472.147568
-607.597118,23,2474.052487
-650.789028,133,2484.06499
-111.373122,300,2506.546513
-620.871968,52,2511.401774
-625.748846,62,2516.143338
-128.783425,300,2538.90711
-709.181058,249,2557.631721
-632.134425,84,2564.114358
-625.558845,66,2569.147785
-638.129767,120,2594.377778
-120.617478,300,2616.975708
-610.743683,30,2619.323169
-609.872504,27,2621.438148
-700.535145,249,2640.325287
-669.768694,181,2676.478592
-619.28889,49,2680.252892
-630.696334,72,2685.785396
-707.393142,297,2708.348792
-716.220745,289,2730.117665
-659.128907,148,2752.112042
-693.064805,266,2772.225642
-123.43609,300,2794.864998
-633.42813,83,2801.200033
-613.435416,45,2804.727987
-640.402675,95,2811.979545
-617.159106,42,2815.258005
-635.560913,78,2825.141044
-107.953477,300,2848.233643
-700.930096,237,2866.224554
-121.058599,300,2888.999957
-665.656146,173,2910.905546
-113.652563,300,2933.794875
-710.800251,249,2952.712417
-610.462309,31,2955.202569
-720.290406,281,2997.723227
-655.045959,137,3008.242091
-617.77342,48,3012.00622
-127.996278,300,3034.863933
-110.225918,300,3077.962661
-686.165846,227,3095.486363
-112.930768,300,3118.313399
-635.063264,82,3124.702085
-611.044521,38,3127.76362
-610.756663,33,3136.720995
-112.750288,300,3159.686955
-118.913966,300,3182.598098
-617.229717,44,3186.083204
-122.120967,300,3209.135749
-629.455657,60,3217.860572
-683.462144,188,3232.352659
-660.145586,152,3244.136522
-627.396257,61,3248.966198
-624.730288,79,3255.177517
-651.296605,140,3266.09608
-114.189054,300,3289.176976
-113.423041,300,3316.200069
-611.89485,33,3318.85353
-617.74575,49,3322.710063
-126.404148,300,3346.080145
-640.797498,105,3354.310438
-613.376127,34,3375.643786
-614.339264,32,3378.272031
-699.930934,243,3397.344601
-604.92707,23,3399.258174
-613.198563,35,3402.099694
-120.759192,300,3425.487154
-664.302034,184,3439.801198
-110.903941,300,3477.143911
-647.474922,120,3486.609258
-114.513431,300,3509.837272
-694.975456,234,3527.98851
-109.681413,300,3557.153978
-618.525245,51,3561.25965
-110.019992,300,3584.727257
-123.225233,300,3608.27574
-611.168283,28,3616.671652
-126.576196,300,3640.230134
-106.627852,300,3663.807101
-117.091177,300,3687.157213
-113.20991,300,3718.723635
-628.868256,75,3724.684416
-115.028575,300,3748.181906
-112.901025,300,3771.818118
-705.812808,270,3797.572943
-106.085226,300,3821.175914
-128.492195,300,3844.9519
-625.119485,76,3851.006345
-629.558586,72,3856.746113
-126.517232,300,3881.361948
-106.827268,300,3905.194385
-116.893953,300,3929.171556
-106.784891,300,3963.134603
-684.368126,221,3980.653496
-695.428407,257,4001.006507
-658.938218,143,4012.353573
-619.667466,54,4016.7898
-616.358362,38,4019.96308
-653.781534,133,4032.172806
-93.146764,300,4055.798482
-117.47179,300,4079.65952
-679.958343,220,4120.631926
-121.987355,300,4144.4189
-113.501549,300,4168.220995
-626.808492,56,4172.764497
-622.00767,54,4177.187592
-692.067285,256,4205.781831
-113.586,300,4229.41977
-625.213513,61,4234.303344
-108.041975,300,4258.188451
-112.027014,300,4291.111111
-657.584623,151,4303.279403
-118.52417,300,4327.207951
-626.948454,61,4332.167226
-620.939355,49,4353.85889
-639.811227,93,4361.493437
-116.391707,300,4385.408329
-638.822158,89,4392.828627
-109.476172,300,4416.891848
-116.218743,300,4456.83732
-664.735591,184,4471.771188
-117.899974,300,4495.605508
-644.920967,98,4503.498029
-103.294845,300,4539.517575
-661.764587,158,4552.269117
-687.690499,240,4571.641522
-110.002962,300,4595.659655
-658.284795,151,4610.535632
-107.502042,300,4634.554747
-92.66996,300,4658.911941
-120.347505,300,4705.572351
-682.777632,208,4722.508945
-630.711833,83,4729.32585
-605.576878,21,4731.145551
-115.027009,300,4755.793939
-609.081757,26,4758.044551
-657.669935,150,4777.724138
-106.876444,300,4802.184846
-655.423518,167,4815.939066
-102.751904,300,4840.322744
-681.868994,216,4867.1368
-643.872507,83,4874.000684
-127.565567,300,4898.200873
-121.382015,300,4922.59884
-623.270791,77,4928.973309
-122.798697,300,4957.849462
-669.519626,165,4971.357863
-106.0462,300,4995.826528
-612.894297,47,4999.788635
-117.290133,300,5042.12204
-654.816518,119,5051.993915
-616.800561,43,5055.596707
-121.175077,300,5079.921714
-704.47478,254,5122.70603
-685.521202,220,5141.014462
-117.913076,300,5165.68134
-624.368338,65,5171.145087
-648.192886,100,5179.458231
-624.426977,66,5184.944146
-113.39578,300,5211.793599
-126.355303,300,5236.818455
-124.634726,300,5261.315764
-631.115444,65,5266.774869
-614.071837,46,5276.106448
-116.25014,300,5301.070577
-616.667894,44,5304.792584
-110.975566,300,5329.497229
-123.94527,300,5354.204701
-698.174614,244,5377.761144
-653.666338,144,5389.675359
-637.015961,107,5398.64508
-658.555423,201,5415.311231
-660.545143,161,5428.823485
-113.015425,300,5468.217856
-111.704491,300,5493.203614
-674.208502,255,5514.250096
-118.584334,300,5553.761465
-110.590781,300,5579.207301
-107.05857,300,5604.270584
-110.911218,300,5640.315351
-647.900508,125,5650.85064
-647.656015,150,5663.51709
-613.709784,40,5666.979589
-104.828063,300,5692.486276
-105.377438,300,5727.398571
-622.033945,48,5731.544827
-120.389317,300,5756.772017
-97.134946,300,5781.797813
-620.545736,47,5792.734646
-674.415125,172,5807.371817
-109.702746,300,5832.651815
-109.103875,300,5858.002186
-695.057803,251,5897.276357
-610.190454,38,5900.606581
-121.829575,300,5926.130842
-610.037829,25,5928.339575
-110.89077,300,5953.673104
-627.921767,87,5961.066505
-108.986256,300,5988.91595
-122.42777,300,6014.228129
-638.12573,94,6022.255828
-676.583215,219,6040.802534
-650.757924,148,6063.346344
-624.224666,77,6069.975671
-110.431366,300,6095.398218
-651.623361,104,6104.53176
-623.873914,64,6110.121143
-120.532839,300,6135.845541
-651.047662,152,6152.022931
-699.816285,247,6172.971148
-124.392247,300,6198.627172
-109.255825,300,6224.154393
-105.876005,300,6252.569206
-96.874533,300,6278.407811
-703.730922,269,6301.605744
-121.575214,300,6341.268885
-707.8652,282,6365.333009
-677.881589,199,6382.36118
-624.893395,65,6388.025238
-102.178291,300,6429.422323
-103.899561,300,6455.083347
-617.50909,42,6458.812951
-107.175666,300,6484.464497
-626.422437,73,6498.323042
-641.45621,102,6507.25275
-104.290918,300,6533.075007
-656.756582,186,6549.064379
-111.4506,300,6575.169227
-109.073183,300,6607.190253
-120.236903,300,6633.193173
-621.311041,72,6639.51635
-108.252734,300,6665.531524
-126.25198,300,6696.183699
-116.747972,300,6721.923608
-117.537635,300,6747.662239
-108.750117,300,6784.603306
-637.471495,94,6792.774401
-661.759566,136,6804.560748
-101.569647,300,6830.289656
-134.374244,300,6873.329851
-106.35571,300,6899.255454
-696.790505,242,6920.151854
-615.259092,46,6940.352829
-635.059391,85,6947.845038
-653.719923,116,6958.029663
-672.389962,191,6974.557611
-617.313291,42,6978.298255
-715.814681,280,7002.392112
-660.800569,171,7040.482298
-660.983312,144,7053.046273
-696.750686,217,7071.963811
-641.41885,114,7081.967161
-106.380558,300,7108.06809
-120.11434,300,7141.434206
-631.220655,58,7146.663558
-116.899094,300,7172.570198
-113.998371,300,7198.78931
-111.133357,300,7231.256823
-115.336175,300,7257.379094
-108.548126,300,7283.937362
-630.699978,75,7301.907576
-615.133591,36,7305.198959
-114.029538,300,7331.587431
-125.142615,300,7357.749014
-107.279173,300,7383.898216
-110.980366,300,7412.036217
-680.641459,281,7436.663486
-116.574698,300,7463.143774
-620.004241,65,7468.959426
-107.720689,300,7502.697206
-106.145553,300,7529.086707
-106.592823,300,7555.230093
-627.658375,67,7572.728688
-112.403625,300,7599.467703
-102.354895,300,7626.099353
-91.625422,300,7652.261543
-665.775282,181,7673.91173
-114.556696,300,7700.198651
-623.240314,53,7704.976173
-112.189582,300,7731.420714
-92.816233,300,7775.289918
-107.806172,300,7801.727766
-659.988816,124,7813.050917
-115.648209,300,7839.849081
-110.72405,300,7867.029753
-86.691946,300,7893.559718
-704.767429,253,7916.102751
-627.560939,69,7922.356126
-615.597791,49,7936.486177
-655.463154,191,7953.540452
-704.979927,276,7978.174613
-109.86032,300,8004.64573
-612.221529,26,8007.102449
-648.978598,117,8034.255437
-646.494184,155,8048.172808
-94.962634,300,8074.928813
-650.299672,171,8090.300277
-619.856041,42,8094.167509
-111.157415,300,8142.688836
-613.00286,31,8145.551091
-98.976055,300,8172.407705
-115.048557,300,8199.278186
-95.787435,300,8234.991203
-101.300758,300,8261.831738
-618.824967,68,8268.032563
-613.779842,46,8272.306251
-668.997681,221,8292.223441
-661.985235,199,8318.67033
-111.571409,300,8346.359941
-120.601357,300,8375.536734
-612.087567,29,8399.288678
-100.618506,300,8426.8217
-111.270487,300,8454.346241
-91.973625,300,8481.658234
-104.615202,300,8518.228646
-106.692249,300,8545.617248
-106.834254,300,8573.098208
-107.613284,300,8612.681924
-105.328962,300,8640.141543
-93.633094,300,8667.645799
-644.507829,128,8691.501168
-667.169125,155,8705.705107
-674.9178,161,8720.635253
-108.704444,300,8749.625727
-697.262102,249,8772.564516
-98.784656,300,8803.517979
-660.621817,178,8819.931147
-103.72129,300,8849.481897
-104.040321,300,8900.030538
-606.298961,15,8901.56978
-114.419395,300,8928.972852
-113.97707,300,8956.287647
-100.812073,300,8994.337674
-115.33608,300,9021.850644
-92.765233,300,9049.421011
-98.822298,300,9089.653606
-114.314853,300,9117.374973
-80.492756,300,9145.033935
-93.991096,300,9184.499418
-107.738963,300,9212.356005
-112.942043,300,9240.203995
-94.175003,300,9279.859113
-682.760766,202,9298.670942
-118.028465,300,9326.401882
-94.973867,300,9375.459424
-674.013747,230,9396.815404
-629.852417,77,9404.010592
-111.120462,300,9431.801454
-96.233455,300,9470.922141
-115.468096,300,9498.694033
-90.265367,300,9526.476624
-613.159548,40,9542.427954
-629.909947,110,9552.687727
-653.711406,147,9566.439806
-110.15829,300,9594.266648
-650.362905,152,9608.514655
-121.367684,300,9662.650184
-110.054611,300,9690.561369
-630.968161,79,9698.104594
-95.575227,300,9726.223793
-691.046019,232,9752.563307
-685.443855,256,9776.372276
-87.687319,300,9804.198327
-644.899011,143,9817.701628
-105.259846,300,9855.152817
-82.677369,300,9883.43642
-83.292289,300,9911.504794
-99.550387,300,9952.044281
-645.061789,136,9964.924317
-614.693412,44,9969.194103
-101.57768,300,9997.351215
-94.171976,300,10049.202913
-100.039756,300,10077.34149
-612.071336,39,10081.164246
-676.280749,255,10105.255254
-618.323533,48,10122.756635
-104.515292,300,10151.183673
-609.250224,36,10154.718727
-83.784694,300,10182.859397
-631.897593,84,10190.829446
-121.271056,300,10243.790754
-655.128391,163,10259.384712
-119.885721,300,10287.921953
-619.139953,57,10293.467161
-109.380022,300,10341.80101
-107.016081,300,10370.248173
-631.51148,74,10377.383262
-79.778402,300,10405.99391
-616.229983,45,10415.804494
-112.461741,300,10444.430321
-100.240534,300,10472.881718
-127.50441,300,10501.302185
-610.811831,47,10514.074947
-99.820057,300,10542.592559
-108.607673,300,10571.108296
-118.647159,300,10599.771114
-100.577165,300,10636.283367
-618.523813,45,10640.729086
-84.051067,300,10669.307111
-613.029522,29,10672.221642
-667.977142,201,10691.591033
-636.252245,99,10701.183876
-620.881534,71,10713.507667
-95.239539,300,10742.673293
-657.79407,154,10757.457657
-107.087863,300,10786.260419
-628.260154,78,10813.713665
-628.468088,76,10821.393788
-615.115816,48,10826.162913
-675.877536,197,10845.207114
-650.177952,133,10858.114035
-116.261323,300,10886.866679
-111.621316,300,10934.903098
-118.629918,300,10963.807996
-621.602356,67,10970.313839
-635.694662,118,10981.760174
-608.30956,20,10983.839624
-103.79108,300,11034.415153
-652.675162,177,11051.432039
-661.074018,172,11068.18416
-84.699005,300,11097.558836
-97.331804,300,11134.317477
-104.772564,300,11161.517152
-108.831057,300,11187.747084
-621.558569,47,11191.989362
-74.227349,300,11226.487464
-89.243913,300,11253.452066
-79.098904,300,11280.184562
-93.130551,300,11318.012852
-632.743675,93,11326.271008
-92.948429,300,11352.451517
-617.642189,47,11356.740198
-668.138553,247,11404.006881
-643.923578,131,11415.570902
-654.409926,162,11429.744207
-99.127279,300,11455.796095
-660.374762,172,11487.621918
-101.470717,300,11513.993593
-115.699937,300,11540.273764
-115.634898,300,11589.543143
-114.115363,300,11615.83716
-626.224324,123,11626.653003
-106.917175,300,11653.354308
-712.912587,295,11680.189083
-715.69785,289,11705.905269
-81.446964,300,11732.485159
-95.477499,300,11772.304795
-610.295208,36,11775.64088
-667.499878,181,11791.80745
-91.787765,300,11818.444174
-647.321167,128,11829.736846
-93.425698,300,11864.090051
-702.454471,253,11886.456479
-86.210098,300,11913.335664
-632.759771,133,11940.990073
-82.988709,300,11967.941152
-93.628267,300,11994.610187
-626.412336,97,12031.30816
-85.625201,300,12058.555277
-85.513323,300,12085.397007
-692.378046,293,12111.655438
-618.169417,54,12120.421935
-96.335884,300,12146.990993
-89.534097,300,12173.909673
-637.780855,101,12182.941185
-106.083614,300,12233.616144
-113.791305,300,12260.704262
-638.613658,96,12269.479494
-94.894741,300,12295.623165
-647.780518,150,12312.212043
-99.887677,300,12338.86169
-659.348066,160,12353.062227
-637.483081,86,12360.963949
-666.32137,269,12385.033714
-674.010089,258,12413.71448
-103.405363,300,12440.517092
-85.473913,300,12467.269701
-108.857988,300,12509.739851
-685.366574,270,12534.144027
-639.91238,110,12543.981133
-626.712261,74,12550.68719
-608.400898,25,12577.577626
-96.813919,300,12604.447025
-90.465298,300,12630.98395
-109.200192,300,12657.670409
-119.22753,300,12694.036834
-106.539845,300,12720.638777
-72.209258,300,12747.612878
-123.535336,300,12786.273452
-101.849198,300,12813.582596
-87.345995,300,12841.054147
-613.995109,35,12856.130236
-79.72028,300,12883.238707
-615.258788,42,12887.105887
-95.809138,300,12914.049719
-102.497307,300,12941.066154
-105.787573,300,12973.320722
-632.736437,79,12980.618671
-87.208017,300,13007.79268
-92.239145,300,13034.919251
-689.930661,270,13063.445392
-646.269661,121,13074.370503
-88.02938,300,13101.761042
-82.108474,300,13128.967766
-635.888568,143,13145.78951
-79.501782,300,13173.121211
-87.766801,300,13200.111832
-111.411602,300,13253.507596
-93.855994,300,13280.665317
-95.544411,300,13308.26566
-630.766437,90,13328.463366
-81.11563,300,13356.096557
-109.439317,300,13383.586838
-118.354427,300,13411.497111
-84.661491,300,13442.708205
-637.722543,137,13455.51772
-80.602168,300,13483.335755
-695.116535,260,13506.825088
-95.573106,300,13537.392228
-68.745679,300,13564.895041
-89.087408,300,13592.315093
-664.309632,191,13621.896958
-112.370578,300,13650.126942
-659.077048,207,13669.366464
-96.846264,300,13696.766683
-607.92978,23,13702.130795
-613.226399,36,13705.647
-614.902251,44,13709.946736
-84.411911,300,13737.598502
-99.766273,300,13765.434375
-78.355817,300,13793.415196
-109.471035,300,13823.483867
-108.84152,300,13851.393318
-102.526328,300,13878.873267
-94.319396,300,13918.652546
-87.017644,300,13946.477463
-98.017189,300,13973.97966
-108.28531,300,14013.302246
-636.959779,89,14021.546121
-75.358617,300,14049.125237
-109.005875,300,14077.287603
-76.629761,300,14109.394614
-119.84009,300,14137.05355
-92.270834,300,14165.30236
-111.509837,300,14205.276643
-85.25674,300,14232.766033
-613.797074,34,14236.183876
-124.209652,300,14264.161299
-650.027762,120,14284.554367
-78.859685,300,14312.588906
-649.941519,117,14323.64196
-665.791829,190,14341.77562
-77.325467,300,14398.739594
-710.189715,272,14424.60743
-86.374116,300,14452.621011
-93.882414,300,14495.189455
-685.49936,284,14522.031945
-95.046962,300,14550.0759
-100.388312,300,14592.136504
-92.743616,300,14619.962157
-102.965092,300,14647.992711
-71.004755,300,14688.554286
-96.867951,300,14716.595123
-76.236837,300,14744.856505
-620.097594,74,14751.849489
-86.370485,300,14785.636443
-78.513245,300,14813.915798
-632.412832,73,14821.035488
-612.778882,34,14824.380607
-64.500558,300,14852.883925
-97.919886,300,14883.557468
-83.132505,300,14912.25081
-84.16567,300,14940.408383
-649.974022,139,14966.279787
-75.550855,300,14994.54601
-115.512646,300,15023.08058
-85.482831,300,15079.206411
-89.974803,300,15108.015553
-105.850981,300,15137.034315
-115.027252,300,15178.884918
-111.60437,300,15207.469016
-83.713485,300,15236.146597
-640.856336,97,15258.004378
-80.66904,300,15286.931877
-90.601781,300,15315.272709
-647.121252,108,15325.861796
-614.212872,42,15330.053609
-654.954441,176,15347.202074
-659.421504,145,15361.912957
-676.527062,221,15383.176845
-93.603097,300,15411.532015
-678.520653,288,15439.102664
-92.50009,300,15474.948965
-86.891471,300,15503.927047
-77.827739,300,15533.106798
-694.403342,279,15572.601764
-610.411089,25,15575.16458
-690.70261,240,15597.961813
-76.604056,300,15627.072095
-77.861044,300,15673.842154
-614.263081,35,15677.335332
-96.550863,300,15705.863042
-83.954809,300,15735.045281
-96.544695,300,15773.459156
-82.570663,300,15802.501959
-635.161212,109,15812.905211
-631.462907,112,15823.606726
-86.861039,300,15873.068289
-76.997993,300,15901.962947
-76.981402,300,15930.669045
-83.0909,300,15973.089266
-646.29232,131,15985.831887
-95.128418,300,16015.02024
-78.543229,300,16073.651679
-97.310147,300,16102.638054
-81.418312,300,16131.69589
-609.363206,24,16134.231276
-78.435014,300,16173.990063
-90.911571,300,16203.419745
-611.931344,48,16208.20886
-79.040861,300,16237.258934
-81.211739,300,16274.773027
-106.047396,300,16303.999858
-675.690162,213,16325.380773
-638.679865,133,16359.815543
-106.890675,300,16388.900102
-75.183355,300,16418.49406
-618.069972,45,16423.014679
-621.832329,67,16454.774232
-86.836275,300,16484.720889
-614.377537,50,16489.699788
-82.452503,300,16519.541018
-98.899872,300,16548.825813
-76.092283,300,16579.80537
-70.977921,300,16608.83337
-72.673273,300,16638.730476
-680.653966,248,16676.19451
-98.01902,300,16705.750185
-627.180138,65,16712.321933
-96.278313,300,16742.330463
-612.399467,38,16758.090881
-98.322617,300,16787.465014
-99.953289,300,16817.147969
-642.502124,90,16826.135218
-697.433577,272,16852.8363
-612.289077,24,16855.392068
-652.798372,160,16872.076054
-96.779763,300,16901.735733
-680.712598,293,16930.998944
-77.509999,300,16987.793111
-78.942874,300,17017.753063
-629.785644,90,17026.706881
-93.978113,300,17056.649522
-621.22991,53,17066.158767
-79.844012,300,17096.085836
-79.665935,300,17125.983964
-80.421694,300,17155.79565
-86.964401,300,17193.212016
-685.810732,252,17218.857452
-102.505502,300,17249.031258
-659.592296,175,17285.385752
-83.433573,300,17315.879109
-650.664219,145,17330.572263
-83.482406,300,17361.02857
-100.302753,300,17402.643033
-81.356853,300,17432.808129
-81.647967,300,17463.907526
-78.478566,300,17507.304127
-78.541248,300,17538.171875
-87.973597,300,17568.715791
-87.730299,300,17612.355689
-100.246277,300,17642.936874
-105.30244,300,17673.192865
-79.289313,300,17717.6213
-98.549744,300,17748.482733
-78.278449,300,17779.369584
-97.092405,300,17823.880127
-684.838682,287,17853.080834
-112.472871,300,17883.908844
-76.315525,300,17929.764123
-87.700858,300,17960.540788
-640.89689,128,17973.882625
-607.509912,21,18007.386836
-621.137843,56,18013.263065
-99.380276,300,18044.351016
-89.279384,300,18075.587007
-105.798311,300,18106.385006
-66.543913,300,18143.779751
-83.30268,300,18174.782773
-75.953425,300,18205.49228
-77.52883,300,18250.968121
-91.85239,300,18282.410409
-100.831393,300,18313.299886
-110.965208,300,18357.641465
-71.224618,300,18388.947566
-86.645338,300,18420.440202
-658.554687,194,18454.241567
-638.713482,78,18462.606771
-91.438814,300,18494.05275
-643.105241,156,18510.473634
-67.167792,300,18573.506235
-88.216552,300,18605.279707
-679.246265,199,18626.161918
-683.275432,272,18679.748123
-74.777391,300,18711.175956
-632.208564,85,18720.125435
-82.883023,300,18751.590392
-614.519625,43,18764.261829
-70.485353,300,18796.437157
-73.753374,300,18827.530805
-611.378258,38,18831.71664
-69.363271,300,18863.233016
-69.269152,300,18899.8674
-68.153742,300,18931.193238
-684.411262,248,18957.366693
-80.410976,300,19008.909971
-86.118127,300,19040.453157
-78.952615,300,19071.751068
-76.600641,300,19116.828655
-81.680622,300,19147.836711
-647.003742,185,19167.252244
-610.086422,29,19170.503295
-78.24936,300,19225.11644
-76.539061,300,19256.456435
-647.888317,123,19269.576772
-74.662645,300,19301.482785
-623.536709,96,19312.826414
-79.558623,300,19344.385239
-70.839594,300,19375.816072
-62.680882,300,19406.815136
-90.267348,300,19442.617122
-76.732846,300,19474.308602
-644.507737,117,19486.626698
-68.844873,300,19518.547065
-80.34684,300,19552.120982
-83.983151,300,19583.121152
-58.214844,300,19614.796095
-66.39442,300,19660.390301
-627.820799,72,19667.994378
-79.462984,300,19698.850436
-74.429655,300,19730.474051
-69.973057,300,19768.262753
-105.547607,300,19799.975324
-102.987493,300,19831.50064
-75.221955,300,19877.139014
-73.320818,300,19908.773512
-74.539412,300,19940.586879
-67.271927,300,19986.795705
-73.577772,300,20018.225785
-101.669853,300,20050.488679
-65.415613,300,20096.057865
-80.031505,300,20128.410082
-637.543132,118,20140.968167
-66.754345,300,20172.745067
-67.71018,300,20205.824129
-106.72623,300,20237.437069
-85.793136,300,20270.112801
-76.637124,300,20316.070706
-103.357234,300,20347.958066
-75.587147,300,20379.493648
-78.229259,300,20424.807378
-76.39977,300,20456.733555
-91.126854,300,20488.264693
-642.18839,116,20514.367017
-633.181835,95,20524.533529
-96.285902,300,20556.281145
-79.8373,300,20588.615919
-75.793557,300,20644.550932
-75.445656,300,20676.275223
-85.768771,300,20707.847142
-76.247238,300,20753.833243
-613.196827,38,20758.029253
-90.627693,300,20789.847506
-72.494483,300,20822.020551
-73.264404,300,20864.002307
-75.80296,300,20896.098457
-99.03773,300,20927.905056
-618.459537,48,20933.120131
-65.670492,300,20974.472602
-77.831383,300,21006.898818
-82.325125,300,21039.561385
-73.619498,300,21086.470006
-82.37307,300,21118.957014
-96.804936,300,21151.171071
-657.512926,135,21179.960613
-79.713825,300,21212.725002
-75.232077,300,21245.510142
-79.748303,300,21310.606209
-68.585718,300,21343.48083
-65.821166,300,21376.102364
-96.122042,300,21422.879967
-100.454411,300,21455.633569
-77.299082,300,21488.212323
-635.561711,138,21517.471951
-87.245868,300,21549.911456
-87.457971,300,21582.2394
-85.38232,300,21647.099762
-623.879768,70,21655.032215
-61.420509,300,21687.98779
-69.439793,300,21720.815805
-81.4104,300,21760.302421
-79.446761,300,21793.136275
-64.895069,300,21825.685984
-59.608166,300,21872.652979
-58.235627,300,21906.189025
-67.997969,300,21939.737014
-78.813771,300,21987.244718
-77.495511,300,22020.163685
-100.336415,300,22053.082191
-70.187007,300,22100.358468
-77.889247,300,22133.336344
-77.689312,300,22166.072371
-98.296543,300,22213.327506
-64.468712,300,22246.878225
-68.588628,300,22280.095192
-86.728,300,22328.056619
-61.530714,300,22361.74768
-66.658681,300,22395.001591
-80.807379,300,22442.813458
-609.498146,22,22445.450119
-97.878177,300,22478.551981
-635.001114,106,22490.343592
-695.962825,274,22520.937741
-75.608183,300,22557.845437
-87.781544,300,22591.191387
-631.907772,101,22602.672835
-650.688629,143,22618.682055
-638.621288,131,22633.42348
-90.973279,300,22673.048913
-50.433002,300,22706.470912
-44.16059,300,22739.507297
-624.277611,57,22745.943147
-75.741323,300,22787.589689
-696.436713,276,22818.363394
-615.202672,36,22822.583958
-667.61237,203,22845.346709
-63.827692,300,22903.065136
-89.526628,300,22936.763065
-646.010427,151,22953.593031
-663.997266,242,23011.918414
-80.954699,300,23045.247273
-75.394962,300,23078.38117
-70.774538,300,23133.087967
-59.813209,300,23166.686742
-93.104536,300,23200.210455
-74.334358,300,23248.439072
-77.475792,300,23282.265643
-657.315512,198,23304.055191
-65.635764,300,23364.013911
-83.964826,300,23397.962123
-105.815224,300,23432.072521
-632.859695,95,23461.164682
-105.447151,300,23499.137463
-88.88151,300,23536.912943
-690.608249,281,23572.491188
-78.280242,300,23617.367113
-74.427407,300,23657.819477
-74.454136,300,23698.900858
-71.119425,300,23758.092349
-73.258612,300,23799.306942
-68.958802,300,23841.642558
-620.97099,50,23866.914304
-624.199334,57,23874.950356
-615.480104,43,23880.799455
-81.731957,300,23921.552565
-657.165018,203,23948.333194
-82.287821,300,23988.149446
-51.366104,300,24037.708298
-76.89224,300,24076.882683
-55.887127,300,24115.901269
-73.244249,300,24172.062198
-80.193224,300,24211.130865
-647.907825,149,24230.734347
-99.987174,300,24306.138918
-70.40304,300,24346.123903
-62.775903,300,24385.790571
-81.616081,300,24444.001477
-87.446364,300,24483.4993
-641.993301,129,24500.779348
-665.50555,197,24567.975416
-89.638264,300,24606.976007
-91.812968,300,24644.945678
-623.401645,79,24684.768535
-75.996711,300,24723.182315
-63.619727,300,24761.257483
-646.795584,150,24780.423454
-86.943541,300,24844.1794
-658.102103,183,24867.516356
-609.651643,26,24871.027543
-63.238916,300,24909.331989
-675.409822,224,24966.427862
-79.258422,300,25005.017997
-81.774741,300,25043.560773
-70.178183,300,25108.180604
-85.230913,300,25146.395324
-668.136202,296,25184.342378
-85.874325,300,25240.294248
-641.450601,92,25252.261037
-676.142232,241,25283.107744
-66.508494,300,25321.503137
-66.762568,300,25372.949025
-640.969959,125,25389.178
-85.114033,300,25427.768236
-646.547074,159,25487.785024
-609.497423,40,25493.114981
-79.348826,300,25531.781975
-105.597349,300,25570.325688
-67.235303,300,25639.309594
-68.942427,300,25679.456324
-645.798421,172,25702.631414
-84.281704,300,25777.606118
-629.798973,81,25788.704829
-77.018904,300,25829.231709
-81.302414,300,25869.629549
-71.692966,300,25917.143377
-65.906918,300,25957.827379
-679.871098,194,25984.052192
-632.822218,105,25998.324555
-71.72389,300,26056.83978
-63.689827,300,26097.471508
-689.023915,280,26135.645574
-78.251217,300,26197.455532
-96.101371,300,26238.553985
-90.722245,300,26279.187774
-70.654111,300,26338.449172
-84.272842,300,26379.459915
-71.567685,300,26420.549453
-74.383373,300,26478.466155
-95.477283,300,26517.91204
-83.783083,300,26557.490298
-697.209309,288,26612.65942
-79.519379,300,26652.223056
-69.805812,300,26691.459482
-659.663788,221,26739.527804
-71.024442,300,26778.604285
-74.468197,300,26817.695436
-622.214658,91,26829.698663
-607.934227,25,26848.835894
-65.239165,300,26888.169389
-105.795097,300,26928.01374
-78.588127,300,26967.563129
-89.789697,300,27021.406499
-671.462339,232,27051.960373
-635.475876,109,27066.524685
-76.230019,300,27106.306313
-81.236347,300,27157.987579
-55.087906,300,27197.660312
-620.776345,98,27210.860223
-642.654558,156,27231.530359
-72.266612,300,27294.58801
-637.599931,121,27310.881078
-66.401557,300,27350.362219
-680.121174,247,27383.078687
-80.215674,300,27431.184284
-81.981989,300,27470.862478
-79.186043,300,27510.596075
-76.196106,300,27567.850956
-83.438827,300,27607.67071
-67.289351,300,27647.85274
-85.176999,300,27705.229607
-645.536435,121,27721.476454
-93.110961,300,27761.514304
-625.600194,106,27776.006737
-77.081576,300,27843.029746
-81.16649,300,27883.162955
-78.53259,300,27923.196799
-76.259853,300,27980.987975
-107.447913,300,28021.096678
-627.260929,114,28036.594967
-629.173763,95,28049.374192
-97.824584,300,28119.216707
-626.978817,60,28127.360274
-80.470578,300,28167.187968
-63.252627,300,28207.174242
-67.417513,300,28256.977101
-625.495699,143,28276.238351
-614.663237,28,28280.185402
-82.955085,300,28320.2033
-83.21905,300,28395.094826
-59.984708,300,28435.411132
-637.715951,103,28449.313937
-88.357997,300,28489.448559
-74.348457,300,28533.772213
-644.562173,133,28551.930235
-74.303676,300,28591.941958
-68.492419,300,28673.262376
-94.919314,300,28713.641058
-674.363165,245,28746.683294
-619.741479,63,28780.464106
-73.66384,300,28820.532373
-76.527535,300,28861.050132
-73.806076,300,28901.549498
-615.911435,45,28917.24735
-78.249314,300,28957.419307
-70.989781,300,28997.861527
-82.066572,300,29038.324326
-67.128342,300,29090.566897
-85.074882,300,29131.43159
-628.049038,173,29154.978718
-70.088521,300,29230.328437
-84.815547,300,29270.867979
-62.163279,300,29311.233048
-678.011205,295,29368.651088
-77.435404,300,29408.942694
-65.581932,300,29449.360008
-93.328373,300,29508.938499
-65.111234,300,29549.502058
-614.640841,33,29554.163272
-81.772276,300,29594.694063
-101.86723,300,29648.475518
-69.960066,300,29689.009887
-609.073982,20,29692.005577
-57.794495,300,29732.437499
-74.261309,300,29788.43961
-70.522781,300,29829.178422
-68.233494,300,29870.054466
-58.824329,300,29928.629515
-77.58235,300,29969.562365
-681.560483,242,30002.534295
-61.223876,300,30069.059817
-72.99202,300,30109.922457
-65.462312,300,30150.772032
-82.460473,300,30209.71098
-103.540823,300,30250.472087
-79.961861,300,30291.937176
-83.754993,300,30351.154422
-74.629256,300,30392.361149
-73.781999,300,30433.580809
-110.133139,300,30493.074687
-74.260908,300,30534.57636
-72.655414,300,30575.355711
-69.38839,300,30636.071677
-99.666138,300,30679.02541
-98.702577,300,30721.855772
-71.298901,300,30783.122126
-616.474534,54,30791.002662
-70.213525,300,30833.714267
-75.048008,300,30876.491408
-98.658685,300,30930.440607
-77.437302,300,30973.307236
-86.243975,300,31016.539928
-616.937613,67,31026.805202
-76.908442,300,31080.415591
-65.396922,300,31123.880279
-78.608998,300,31166.97287
-638.303151,113,31202.531226
-69.321394,300,31245.672252
-81.920111,300,31288.900582
-75.918575,300,31332.098033
-71.154085,300,31378.452082
-53.955659,300,31421.972678
-96.922322,300,31465.576907
-72.289686,300,31526.978414
-62.723071,300,31568.472784
-82.343571,300,31610.220621
-64.18786,300,31670.469742
-72.056714,300,31712.094524
-81.490707,300,31754.146301
-67.599199,300,31814.26375
-626.390712,59,31822.632897
-63.795168,300,31866.797987
-91.597808,300,31909.806204
-70.398204,300,31963.46241
-626.101513,60,31972.34462
-92.11301,300,32016.963254
-76.834068,300,32062.489496
-77.654127,300,32118.99954
-638.858428,142,32140.594614
-66.323005,300,32185.998034
-612.021518,71,32236.717899
-71.859515,300,32278.972669
-64.386958,300,32321.215598
-85.911578,300,32363.185294
-72.060162,300,32414.083449
-645.655662,173,32438.772459
-65.728435,300,32482.521187
-88.376058,300,32565.247163
-77.475138,300,32609.476637
-67.233192,300,32653.55569
-644.28909,114,32670.412785
-101.691107,300,32717.988083
-54.795968,300,32762.048596
-88.33856,300,32805.844122
-614.690723,33,32810.88978
-680.973092,244,32861.242702
-77.239425,300,32905.285208
-86.522881,300,32948.306025
-72.816359,300,33017.531432
-75.751775,300,33060.49565
-61.84424,300,33104.080337
-625.865813,60,33112.99376
-73.312567,300,33167.675952
-71.834009,300,33211.619462
-83.043411,300,33256.44617
-609.78549,31,33261.346668
-624.620312,90,33289.56585
-78.980365,300,33334.148593
-70.299679,300,33378.625648
-63.238912,300,33423.268695
-67.899675,300,33474.001833
-90.645061,300,33518.245699
-80.069811,300,33562.852181
-54.559032,300,33626.298676
-74.997467,300,33670.61702
-69.316895,300,33714.721719
-67.847873,300,33777.765457
-67.562191,300,33822.080547
-75.576091,300,33866.112567
-627.146001,120,33904.02629
-78.997784,300,33948.548945
-667.617907,203,33978.648525
-49.213558,300,34023.705138
-92.168686,300,34085.164939
-78.65493,300,34129.911226
-72.02073,300,34173.026865
-81.605837,300,34236.177666
-64.243185,300,34279.223137
-79.071688,300,34322.107809
-602.459518,25,34345.080486
-679.017505,249,34380.937785
-68.901346,300,34423.825427
-634.510272,117,34440.733318
-73.12666,300,34483.625154
-68.211354,300,34533.823903
-64.717912,300,34577.366336
-71.369287,300,34620.589246
-70.253207,300,34683.419544
-70.566276,300,34726.782715
-75.543924,300,34770.348643
-622.897838,68,34799.580308
-58.68971,300,34843.378463
-100.956106,300,34886.741081
-51.318271,300,34930.677339
-58.152242,300,34983.466464
-72.420413,300,35027.045578
-51.981261,300,35070.913756
-52.654597,300,35133.371485
-64.423746,300,35176.995111
-55.743056,300,35220.547708
-72.888154,300,35283.055374
-702.190373,293,35325.794563
-69.956767,300,35369.207138
-661.872028,217,35421.222103
-61.063248,300,35464.988441
-72.277491,300,35508.386974
-62.202661,300,35583.088603
-66.835153,300,35626.687521
-50.851499,300,35670.331015
-63.312207,300,35733.103123
-61.244965,300,35776.777102
-631.792187,68,35786.984869
-62.825835,300,35830.400181
-99.035633,300,35883.727617
-67.79038,300,35927.467104
-69.547492,300,35971.105322
-81.320511,300,36035.291575
-89.227696,300,36079.040801
-76.127705,300,36122.985984
-645.939807,168,36167.014477
-77.26534,300,36210.659413
-72.593907,300,36254.754014
-602.06494,35,36260.053196
-70.654502,300,36337.827537
-74.361403,300,36381.941191
-78.665049,300,36426.077421
-74.850396,300,36489.756093
-51.147772,300,36533.929702
-76.517387,300,36578.006664
-607.646464,22,36601.106652
-55.351658,300,36645.184382
-69.966704,300,36689.255314
-76.677524,300,36733.189219
-73.128179,300,36793.659142
-70.535445,300,36837.943076
-47.430612,300,36881.862938
-63.815185,300,36945.305762
-50.688986,300,36989.341243
-42.223322,300,37033.330676
-630.460442,95,37066.834988
-617.398506,87,37079.785744
-56.9457,300,37124.056684
-73.269919,300,37168.531057
-61.896077,300,37249.832225
-645.579133,119,37267.478599
-671.910723,289,37309.960411
-76.965324,300,37354.47766
-62.143896,300,37402.50283
-80.958659,300,37446.660292
-74.740307,300,37490.899906
-55.592738,300,37554.800295
-60.642032,300,37599.127548
-52.968339,300,37643.834175
-607.280854,23,37667.176591
-84.809253,300,37711.582972
-67.433553,300,37755.723881
-47.353581,300,37800.348433
-91.434877,300,37861.343172
-76.898748,300,37906.927125
-65.631574,300,37951.626804
-72.344066,300,38015.680441
-65.188786,300,38060.075455
-684.98463,287,38102.865298
-606.683978,17,38127.407187
-72.673516,300,38171.870682
-624.647047,107,38187.911058
-69.329805,300,38232.636349
-56.390402,300,38277.374339
-77.054024,300,38323.513133
-55.868186,300,38368.241112
-72.471834,300,38412.899669
-36.720054,300,38477.955463
-62.886826,300,38522.944321
-78.551978,300,38567.716213
-658.37538,251,38625.359134
-671.100233,294,38669.324085
-54.110103,300,38714.058405
-61.908891,300,38786.673278
-77.732451,300,38831.634994
-47.414897,300,38876.446217
-677.35189,282,38938.702784
-61.886649,300,38983.60046
-622.512802,112,39000.754828
-58.814899,300,39046.029361
-79.302571,300,39097.209604
-77.793641,300,39142.226608
-58.725817,300,39187.385184
-73.679373,300,39252.826324
-603.155242,52,39260.881532
-623.326752,78,39272.879179
-70.698238,300,39318.062966
-64.06866,300,39408.76971
-62.544499,300,39454.175493
-64.950234,300,39499.274807
-624.181485,106,39535.361499
-53.081897,300,39580.459957
-67.934758,300,39625.77172
-84.84698,300,39671.006202
-76.951709,300,39720.735151
-615.977506,44,39727.695401
-47.646651,300,39773.014686
-670.885434,259,39812.523353
-93.010375,300,39877.705066
-63.410225,300,39923.584784
-76.512529,300,39969.329471
-69.058248,300,40034.986685
-89.608819,300,40080.668948
-46.132537,300,40126.180569
-637.60117,189,40175.487303
-629.325578,106,40191.813974
-619.225269,74,40203.263378
-87.202379,300,40248.85972
-72.949609,300,40294.412581
-59.7997,300,40350.33288
-70.768486,300,40396.164965
-58.634623,300,40442.210842
-70.840956,300,40508.490764
-665.064623,228,40543.806731
-87.967127,300,40589.73112
-665.2437,238,40657.241344
-73.123611,300,40702.968085
-78.032118,300,40748.831103
-84.757584,300,40823.962745
-74.972057,300,40869.47206
-75.271692,300,40915.120681
-40.404506,300,40981.211483
-64.80485,300,41027.006821
-69.035394,300,41072.802654
-95.661936,300,41139.191844
-61.651317,300,41184.858956
-86.14884,300,41230.820463
-65.563193,300,41297.235239
-87.770204,300,41343.285607
-94.7252,300,41389.187324
-616.072077,43,41396.015876
-65.263339,300,41455.666976
-647.140731,147,41478.348197
-52.719111,300,41524.632245
-612.784379,28,41572.773706
-34.564996,300,41619.104535
-54.697156,300,41664.938151
-610.757297,24,41668.84384
-76.188894,300,41714.757222
-77.110351,300,41773.217565
-50.69174,300,41819.27839
-62.21514,300,41865.292546
-630.531229,106,41881.70526
-82.262097,300,41931.948463
-72.188915,300,41978.00988
-61.260483,300,42024.250361
-616.466114,38,42050.781974
-47.179921,300,42097.012188
-56.092569,300,42143.23241
-55.716619,300,42189.530689
-52.037542,300,42250.799882
-73.983056,300,42297.12516
-85.445668,300,42343.765286
-66.234024,300,42410.668861
-63.207318,300,42456.733778
-36.008775,300,42503.134659
-65.431816,300,42570.079963
-59.987763,300,42615.982759
-71.24898,300,42662.379798
-72.894094,300,42729.509216
-603.76969,29,42734.255824
-83.887133,300,42780.729697
-69.052844,300,42827.225883
-629.492092,83,42856.391038
-73.743021,300,42902.920304
-60.295749,300,42949.38287
-50.966776,300,42996.282562
-71.996053,300,43050.973207
-73.412276,300,43097.338331
-73.70789,300,43143.826152
-70.416515,300,43210.845458
-71.12502,300,43257.399927
-68.555617,300,43304.138714
-627.386943,94,43318.973606
-55.472301,300,43371.905661
-60.09272,300,43418.504839
-613.434439,49,43426.38777
-61.065874,300,43473.119261
-64.524733,300,43532.736678
-69.099199,300,43579.278853
-45.983323,300,43626.173253
-71.168452,300,43693.689975
-69.634006,300,43740.67168
-624.390916,107,43757.680963
-613.107787,60,43767.345421
-69.917391,300,43856.009958
-55.30307,300,43902.550485
-66.273217,300,43949.613813
-55.067499,300,44017.33523
-63.564649,300,44064.216261
-77.099874,300,44111.277626
-59.415069,300,44179.367736
-72.903877,300,44226.640333
-59.360015,300,44274.23101
-58.102515,300,44342.183009
-67.822605,300,44389.377932
-72.828678,300,44436.811269
-67.002898,300,44505.003133
-54.117809,300,44552.193692
-71.538808,300,44599.41929
-611.01965,31,44604.532269
-98.760875,300,44667.656323
-640.93226,143,44690.207458
-65.570148,300,44737.526623
-76.574495,300,44830.94344
-65.298479,300,44878.355245
-59.254793,300,44925.662531
-51.368449,300,44994.076372
-81.794183,300,45041.231566
-48.467168,300,45088.725995
-63.385565,300,45157.430149
-81.13729,300,45204.96236
-50.208097,300,45252.599806
-41.273625,300,45321.235712
-636.571532,220,45356.079677
-68.52544,300,45403.457539
-605.763445,36,45409.432944
-71.675355,300,45485.155434
-56.353352,300,45532.721452
-615.673249,44,45539.939222
-71.986619,300,45587.768532
-60.866948,300,45649.686111
-84.816298,300,45697.294404
-51.377127,300,45745.082624
-78.42632,300,45814.222287
-87.905907,300,45862.202903
-67.751453,300,45909.995668
-94.382782,300,45978.979704
-80.454879,300,46026.745044
-60.125953,300,46074.666248
-63.565333,300,46143.832504
-628.740377,184,46173.240079
-82.649328,300,46220.887975
-49.840748,300,46308.642807
-63.604533,300,46356.656567
-59.400579,300,46404.547583
-86.410085,300,46473.871119
-65.951007,300,46521.96577
-615.361475,62,46532.097136
-73.853829,300,46580.486681
-685.196668,291,46638.404586
-58.568802,300,46686.63727
-616.133276,41,46693.396168
-77.204556,300,46741.462983
-612.864534,59,46767.397242
-615.608593,48,46775.378594
-614.44405,39,46781.948843
-56.120089,300,46830.00537
-618.376777,56,46839.448698
-47.210287,300,46887.641989
-622.272042,121,46944.22809
-56.571916,300,46992.784942
-56.176236,300,47041.042058
-656.657443,273,47084.864424
-59.644324,300,47139.625761
-57.890311,300,47187.940737
-66.243684,300,47236.379455
-622.801743,78,47270.587259
-54.484046,300,47319.14461
-67.045739,300,47367.928806
-632.521354,143,47391.168437
-59.335265,300,47473.867354
-70.601014,300,47522.226721
-50.073033,300,47571.095325
-44.074514,300,47641.244967
-69.805926,300,47689.924496
-37.378352,300,47738.469433
-62.476526,300,47808.676342
-22.864891,300,47857.608985
-62.966857,300,47906.333025
-613.692824,53,47936.71645
-33.885405,300,47985.366273
-60.45492,300,48034.022579
-605.848591,18,48037.198468
-44.283816,300,48085.953487
-614.031724,37,48102.371939
-17.091097,300,48150.950138
-56.083147,300,48199.541023
-640.159079,128,48220.504963
-65.661674,300,48312.661963
-95.60679,300,48361.388124
-58.044151,300,48409.948469
-67.153008,300,48480.651666
-55.633534,300,48529.43817
-49.273537,300,48578.283203
-604.630218,36,48584.395624
-46.196085,300,48649.437602
-46.199614,300,48698.494376
-72.719594,300,48747.416232
-653.484455,182,48798.927583
-55.036152,300,48848.074677
-50.759964,300,48897.133866
-607.248164,24,48942.200779
-645.307606,247,48982.245187
-52.579267,300,49031.459524
-75.344674,300,49080.445247
-39.029952,300,49156.008079
-78.746298,300,49205.08286
-615.780259,56,49214.700932
-83.855757,300,49264.103506
-62.250725,300,49326.059913
-90.613582,300,49375.111855
-66.856297,300,49424.379311
-52.500143,300,49495.506121
-67.660481,300,49544.684758
-86.176202,300,49593.773063
-602.940819,48,49601.864184
-645.658764,180,49645.484925
-642.11774,157,49671.44818
-53.603539,300,49720.636514
-40.046067,300,49770.040131
-65.785949,300,49835.107897
-72.126326,300,49884.180582
-35.957557,300,49933.927395
-74.850908,300,50005.162366
-646.936588,194,50037.12932
-57.765104,300,50086.361159
-648.294615,263,50169.20465
-606.588176,20,50172.828424
-666.705475,297,50221.930251
-46.439306,300,50271.532671
-39.658601,300,50346.524281
-61.602549,300,50396.164207
-58.310095,300,50445.652399
-67.55899,300,50517.387048
-647.212063,163,50544.596679
-52.7549,300,50594.334563
-622.541714,108,50612.545858
-30.102523,300,50689.376819
-59.813229,300,50739.255164
-29.827811,300,50788.898988
-613.802651,54,50820.085337
-69.223237,300,50870.048603
-76.943266,300,50919.805458
-61.108717,300,50969.693756
-81.224428,300,51032.433614
-57.378741,300,51082.289154
-73.165972,300,51132.348344
-606.907115,17,51135.455683
-76.77056,300,51204.793452
-91.469324,300,51254.617017
-644.680152,259,51297.70358
-626.425518,97,51314.158795
-77.030777,300,51377.193158
-52.498792,300,51427.196988
-63.512397,300,51477.209598
-615.405108,62,51487.787137
-41.726686,300,51550.015275
-58.358832,300,51600.426594
-62.387092,300,51650.454242
-64.07066,300,51722.870905
-63.483033,300,51773.021442
-72.073039,300,51823.01911
-628.695864,89,51838.146244
-74.933422,300,51895.914504
-59.638147,300,51946.084296
-608.04251,37,51952.509268
-48.138195,300,52002.83679
-73.132946,300,52069.161652
-40.087478,300,52119.361678
-65.208243,300,52169.659149
-65.037899,300,52242.80914
-611.558608,28,52247.775843
-38.496489,300,52298.120512
-68.245216,300,52348.486765
-54.333576,300,52416.644479
-65.641927,300,52466.951146
-98.879523,300,52517.572654
-50.759231,300,52590.398097
-44.191207,300,52640.996417
-636.814819,227,52679.236195
-63.902419,300,52764.340511
-50.794603,300,52814.602752
-647.392988,244,52855.63272
-47.60203,300,52938.299348
-49.873507,300,52989.095056
-647.967188,147,53014.058515
-52.640127,300,53112.959582
-55.942643,300,53163.700998
-644.05784,210,53199.462738
-624.81608,109,53218.15043
-627.771343,130,53259.762897
-631.25336,155,53286.114256
-62.099775,300,53337.168675
-621.604531,73,53349.745989
-63.439884,300,53400.578844
-30.479778,300,53464.368773
-614.113141,59,53474.653878
-50.956302,300,53525.667188
-610.592661,38,53532.434514
-36.3088,300,53583.491096
-622.711301,99,53606.685987
-647.270259,244,53648.086248
-60.208849,300,53698.902107
-66.475371,300,53749.651587
-634.391988,228,53803.760797
-645.130947,245,53845.457294
-73.532997,300,53896.502779
-52.553367,300,53991.898947
-77.05507,300,54042.805234
-52.86348,300,54093.893851
-44.147891,300,54167.741832
-624.677359,82,54182.104552
-58.453777,300,54233.471973
-621.986762,270,54279.642157
-80.719003,300,54344.865499
-610.409188,33,54350.821986
-60.773232,300,54401.826275
-48.420257,300,54452.868039
-52.284083,300,54521.258018
-632.120873,182,54552.443429
-64.768351,300,54603.792286
-631.644229,267,54692.132474
-87.42248,300,54743.650918
-54.675515,300,54794.889285
-612.692111,77,54836.862082
-64.893952,300,54888.335628
-64.506024,300,54939.915286
-61.735993,300,54991.415578
-63.027873,300,55052.891713
-50.604306,300,55104.347743
-66.214133,300,55155.945679
-66.260201,300,55230.548961
-643.779779,162,55258.446178
-60.076509,300,55309.952446
-74.599395,300,55407.953197
-55.448973,300,55459.855842
-72.488868,300,55511.162714
-55.134103,300,55585.612639
-75.804166,300,55637.448355
-46.047772,300,55689.083141
-63.990494,300,55763.651333
-76.117393,300,55815.732273
-53.43994,300,55867.399193
-53.440049,300,55942.028666
-68.936313,300,55993.728994
-101.455374,300,56045.561149
-48.259807,300,56121.161952
-621.876616,74,56134.282989
-56.211184,300,56186.277623
-59.745649,300,56238.66696
-56.282354,300,56301.227731
-69.746334,300,56353.399634
-607.057407,22,56357.497556
-45.207349,300,56409.652976
-90.088952,300,56481.30701
-39.625807,300,56533.260022
-97.585127,300,56585.233267
-618.417999,72,56621.039482
-40.125177,300,56673.162338
-52.673478,300,56725.386756
-53.600292,300,56777.552426
-608.580423,33,56794.282798
-610.670682,39,56801.3294
-56.461605,300,56853.166278
-606.331875,19,56856.7579
-62.675746,300,56909.007271
-46.531172,300,56961.057267
-70.359549,300,57020.971958
-48.879126,300,57073.285987
-56.752011,300,57125.768393
-607.560322,22,57129.8983
-58.641459,300,57201.407304
-58.704618,300,57253.829832
-103.313265,300,57306.43388
-621.012002,74,57319.623947
-75.142822,300,57382.464801
-47.277716,300,57434.784375
-83.507246,300,57487.304379
-49.245511,300,57562.925779
-90.86701,300,57615.462078
-73.076061,300,57667.962355
-72.969423,300,57743.646367
-59.92301,300,57796.240665
-53.640809,300,57848.676248
-606.535038,20,57852.450139
-55.400209,300,57924.86883
-646.815693,137,57948.874031
-42.775622,300,58001.369726
-69.081485,300,58105.644845
-69.296448,300,58158.327812
-624.688975,92,58174.637218
-56.405659,300,58227.374347
-620.01161,72,58247.597935
-43.566254,300,58300.501778
-35.476144,300,58353.028404
-646.97142,209,58389.766605
-607.380342,21,58393.802366
-57.401106,300,58469.815337
-71.379443,300,58522.691936
-55.209978,300,58575.619096
-47.811275,300,58652.207744
-613.200358,44,58660.180593
-65.164653,300,58712.814576
-631.723008,140,58737.698099
-71.765922,300,58834.798689
-615.338977,33,58840.913403
-53.400117,300,58893.71053
-620.212861,64,58905.227185
-681.546795,268,58952.625443
-45.965132,300,59017.810165
-65.837272,300,59070.946277
-39.247071,300,59123.90855
-54.895334,300,59200.571356
-53.576771,300,59253.698228
-20.155953,300,59306.613213
-55.913507,300,59383.804806
-611.195047,41,59391.44072
-71.986511,300,59444.555905
-612.879428,62,59455.78466
-63.770637,300,59509.059106
-86.389006,300,59567.989678
-69.040017,300,59620.963917
-58.117496,300,59673.815326
-64.980148,300,59751.208348
-647.847987,132,59774.978624
-65.227526,300,59828.135524
-66.19556,300,59934.586017
-76.306049,300,59988.058971
-64.075828,300,60041.240175
-49.54687,300,60118.170356
-70.757209,300,60171.532162
-61.149194,300,60225.253777
-612.825914,35,60231.85497
-623.56321,86,60247.474537
-615.554761,72,60263.067524
-64.643444,300,60316.475936
-64.204283,300,60370.103809
-84.128145,300,60423.55715
-62.626431,300,60488.164478
-37.544482,300,60541.907056
-70.7184,300,60595.423803
-58.940599,300,60672.790954
-50.388533,300,60726.863287
-62.780741,300,60780.632202
-43.94271,300,60858.069015
-46.105011,300,60911.749979
-55.031749,300,60964.848458
-627.451688,111,60984.861308
-64.00779,300,61042.537171
-65.558167,300,61096.091754
-55.167127,300,61149.57766
-662.680823,294,61226.795221
-75.39534,300,61280.311497
-619.125194,89,61296.556487
-66.434979,300,61350.81295
-50.784387,300,61413.774167
-58.886033,300,61467.562027
-63.822963,300,61521.236283
-38.166158,300,61599.106676
-61.338499,300,61653.372677
-47.030488,300,61707.419999
-60.743523,300,61785.577714
-635.273111,290,61837.580771
-52.299204,300,61892.291117
-74.735369,300,61972.304643
-84.525607,300,62026.510133
-60.085038,300,62081.217052
-45.620643,300,62159.472884
-48.815339,300,62213.718205
-54.554522,300,62268.378984
-64.833031,300,62347.153199
-52.320711,300,62401.583976
-83.215285,300,62456.217176
-613.115128,96,62498.053973
-637.711128,133,62522.564177
-645.561195,262,62570.155347
-59.368312,300,62624.664971
-69.19746,300,62722.895683
-51.082347,300,62777.288545
-658.98332,245,62821.906579
-633.134355,172,62887.526653
-45.776375,300,62942.189945
-44.095904,300,62996.766167
-609.412312,30,63002.527533
-629.047226,106,63022.091488
-613.448807,42,63030.041103
-45.402688,300,63100.030974
-52.748689,300,63154.967191
-612.84088,62,63166.634246
-615.942571,73,63180.23901
-51.208,300,63289.066613
-57.722469,300,63343.611107
-641.292827,211,63382.102453
-50.839078,300,63477.204505
-635.164124,83,63492.609681
-75.120027,300,63547.408305
-651.808052,215,63586.593004
-625.273746,92,63603.700234
-60.701478,300,63666.447302
-64.446373,300,63721.837135
-88.04886,300,63778.110685
-62.918983,300,63858.8626
-57.043447,300,63914.524485
-628.056932,129,63938.719879
-646.069794,246,64041.049423
-622.425783,58,64052.137887
-44.537789,300,64108.025635
-621.130885,131,64132.414819
-54.454326,300,64243.612109
-42.109672,300,64299.606505
-653.31837,224,64341.514987
-49.07436,300,64436.758748
-56.492489,300,64492.86732
-44.288353,300,64548.85207
-59.512465,300,64629.6881
-635.723867,190,64665.144695
-607.262449,18,64668.850138
-45.621828,300,64725.070066
-48.56354,300,64823.349331
-62.885755,300,64879.314923
-65.420642,300,64935.543987
-65.463508,300,65016.829211
-84.992643,300,65072.958026
-54.106823,300,65128.946155
-59.464243,300,65210.27416
-47.537057,300,65266.703484
-50.599607,300,65322.907646
-615.659674,73,65336.915531
-64.202145,300,65404.767122
-67.956009,300,65461.008676
-61.560034,300,65517.441419
-611.584651,32,65549.14278
-49.955678,300,65605.711247
-38.595224,300,65661.927734
-60.402193,300,65718.448524
-626.375305,69,65731.668135
-54.797876,300,65794.388569
-70.659816,300,65851.03137
-64.786523,300,65907.442671
-85.061577,300,65989.326046
-613.877161,59,66000.7448
-63.235388,300,66057.135579
-47.165259,300,66113.508535
-65.660742,300,66184.536215
-47.915426,300,66241.17627
-47.213992,300,66297.9711
-63.57224,300,66379.556968
-57.375777,300,66436.06514
-628.290298,84,66452.100969
-56.249357,300,66508.841111
-53.706158,300,66574.988534
-57.252026,300,66631.499979
-59.0613,300,66688.079686
-65.514548,300,66770.23909
-41.964753,300,66827.191557
-43.981085,300,66883.983926
-72.113656,300,66966.890909
-82.580452,300,67023.659922
-29.473866,300,67080.898949
-67.92474,300,67163.764354
-52.877101,300,67221.246931
-607.814292,25,67226.348137
-46.426792,300,67283.147396
-53.786534,300,67361.083085
-613.869314,42,67369.34727
-648.831056,145,67397.065012
-65.363396,300,67454.038592
-42.920421,300,67557.777275
-70.32863,300,67614.745177
-35.312631,300,67671.817691
-72.403218,300,67754.243256
-66.304312,300,67811.56929
-636.675536,226,67854.653764
-614.12402,43,67902.710672
-645.236343,184,67938.108264
-58.12274,300,67995.194292
-52.12038,300,68052.522636
-81.212448,300,68149.049281
-75.067686,300,68206.332726
-44.077023,300,68263.894884
-60.562916,300,68346.858032
-85.628459,300,68404.465009
-58.416907,300,68462.057547
-45.292615,300,68545.248036
-54.206437,300,68603.000991
-71.079832,300,68660.418609
-51.41504,300,68745.493505
-55.481129,300,68805.97677
-62.520658,300,68862.838334
-48.995961,300,68944.43796
-90.178666,300,69000.829797
-64.308836,300,69057.402252
-52.00511,300,69139.493071
-59.817295,300,69196.354283
-605.747702,17,69199.956948
-56.45126,300,69256.773106
-59.464618,300,69335.638591
-54.172297,300,69392.224881
-59.300549,300,69448.976189
-44.926072,300,69530.762825
-632.139512,180,69565.000142
-51.403978,300,69624.497342
-34.794589,300,69730.148458
-58.026178,300,69787.405428
-33.199594,300,69844.804669
-63.602125,300,69927.739058
-61.646533,300,69985.222451
-72.114318,300,70043.505181
-611.40437,37,70050.991656
-46.318792,300,70127.554555
-56.313231,300,70185.06399
-25.40893,300,70242.601913
-67.786208,300,70325.582837
-72.466248,300,70383.178057
-604.800819,20,70387.377502
-70.648272,300,70445.259186
-55.519225,300,70524.745264
-38.353155,300,70583.01167
-62.233882,300,70640.514727
-667.508398,290,70721.488629
-61.776529,300,70778.9298
-62.824094,300,70836.265373
-67.446959,300,70921.330369
-48.559051,300,70978.894065
-57.876421,300,71036.433274
-101.969692,300,71119.944286
-53.973759,300,71177.421842
-50.163317,300,71234.936541
-644.570023,221,71303.20131
-55.145304,300,71361.099838
-44.981336,300,71418.504389
-62.4386,300,71516.978911
-71.478856,300,71574.614902
-77.654612,300,71632.215627
-66.573906,300,71715.912261
-627.504252,112,71737.666984
-37.514887,300,71795.483939
-66.095231,300,71856.084891
-61.167351,300,71918.389796
-631.785986,73,71932.808576
-635.949633,152,71962.546297
-59.903325,300,72020.67782
-79.653896,300,72121.058718
-82.596113,300,72180.63135
-51.438419,300,72246.422448
-53.804797,300,72331.623518
-64.101024,300,72389.606337
-65.740094,300,72447.635616
-618.791325,39,72481.233798
-76.796784,300,72539.331868
-75.536103,300,72597.444433
-59.239572,300,72655.615131
-626.28203,109,72695.515409
-58.516343,300,72753.591527
-34.258787,300,72811.866533
-55.167096,300,72870.064318
-68.077675,300,72933.271022
-611.575684,30,72939.412277
-59.266441,300,72997.74264
-606.905484,34,73004.694796
-632.596993,220,73047.619197
-64.253334,300,73134.965659
-69.523478,300,73193.449365
-58.453952,300,73251.628445
-84.864079,300,73336.010651
-77.602745,300,73394.33847
-67.807617,300,73452.632752
-68.010103,300,73536.732142
-71.221218,300,73594.958309
-67.560467,300,73652.967451
-66.962182,300,73737.242137
-74.724877,300,73795.766528
-67.444,300,73854.060481
-67.337054,300,73938.695348
-70.346546,300,73997.085749
-69.377801,300,74055.593299
-57.026183,300,74144.220094
-56.737107,300,74203.86123
-72.805941,300,74263.645293
-75.21843,300,74350.811012
-66.951024,300,74409.612018
-58.983483,300,74468.184354
-73.479585,300,74556.415104
-51.863294,300,74615.664559
-43.801365,300,74674.504776
-80.87824,300,74759.647519
-623.694584,87,74777.16979
-56.697928,300,74836.955409
-65.880786,300,74899.606231
-613.05583,180,74944.467707
-55.793279,300,75003.726984
-68.158332,300,75062.730337
-604.196829,39,75070.706856
-62.589083,300,75171.937587
-44.977216,300,75230.909607
-44.695093,300,75290.17581
-53.72756,300,75375.422258
-70.360036,300,75434.423852
-66.991136,300,75493.590508
-64.246042,300,75579.562542
-60.844073,300,75638.815734
-56.485262,300,75697.734966
-73.111232,300,75783.495581
-60.621682,300,75842.57447
-657.929925,250,75892.067705
-36.918062,300,75988.174929
-68.990038,300,76047.599945
-46.904386,300,76107.34596
-63.776525,300,76193.709985
-53.711176,300,76253.389506
-616.289184,54,76264.425985
-54.981657,300,76323.819233
-608.539271,23,76328.681587
-46.42613,300,76399.614094
-70.213221,300,76459.032573
-59.112468,300,76518.542316
-60.864504,300,76604.835461
-79.783061,300,76664.611749
-50.625374,300,76724.423884
-56.503873,300,76810.604665
-63.898788,300,76870.210778
-44.54475,300,76929.900546
-60.929603,300,77016.117666
-72.306647,300,77075.73912
-50.235626,300,77135.578291
-620.001318,91,77153.844938
-68.934228,300,77222.526591
-57.005851,300,77282.400357
-28.311488,300,77342.216656
-61.188214,300,77428.937583
-47.110181,300,77488.931647
-52.690526,300,77548.833591
-24.743905,300,77635.654705
-54.941408,300,77695.778425
-59.989718,300,77755.752976
-54.867531,300,77842.384593
-60.993196,300,77902.559437
-58.824222,300,77962.882015
-65.568385,300,78050.053355
-606.530313,55,78061.426694
-606.775446,21,78066.08458
-50.040212,300,78126.998733
-34.902024,300,78187.480116
-52.818901,300,78258.97039
-79.81597,300,78319.205661
-73.982528,300,78379.324199
-629.922857,67,78393.038677
-44.96445,300,78469.50821
-28.956187,300,78530.597622
-50.954974,300,78590.913929
-607.334675,21,78622.250665
-50.252494,300,78682.422901
-74.711026,300,78742.663587
-620.723209,53,78753.706847
-34.721876,300,78814.02359
-75.783625,300,78886.904373
-51.649653,300,78947.452803
-76.933949,300,79008.006638
-58.34745,300,79096.804325
-59.529953,300,79158.086104
-55.032825,300,79220.844243
-96.4175,300,79309.461784
-57.69029,300,79370.529053
-41.278148,300,79431.280139
-60.348481,300,79521.419644
-96.063814,300,79583.954169
-22.471917,300,79645.630873
-65.852978,300,79733.826293
-58.36195,300,79795.248683
-59.549485,300,79857.917534
-93.795338,300,79948.897093
