# {"t_start": 1564705799.1496675, "env_id": "highway-discrete-v0"} 
r,l,t
-633.246464,74,3.248408
-666.92341,184,7.340512
-609.167502,22,7.807909
-620.299664,44,8.71557
-131.257564,300,15.407632
-621.056019,80,17.153296
-615.967885,46,18.149295
-609.881021,23,18.650925
-627.6536,61,19.948231
-625.144817,74,21.539608
-608.062871,29,22.161196
-609.398891,31,22.826845
-622.636688,52,23.911038
-142.552935,300,31.112368
-639.228491,99,33.213931
-724.630168,265,38.782075
-639.848703,80,40.52797
-679.552196,182,44.418084
-628.281176,67,45.89583
-621.672014,54,48.062496
-623.220267,65,49.46889
-628.714969,66,50.899529
-631.473524,65,52.329308
-615.335503,37,53.123187
-616.096537,39,53.963111
-643.574899,111,56.370395
-627.0748,63,57.735738
-623.473154,55,58.938467
-632.238712,62,60.304761
-132.814152,300,66.383579
-610.035978,25,66.913895
-132.098045,300,75.196451
-666.187674,178,79.017552
-120.37531,300,85.698974
-639.997645,84,87.502246
-631.095428,69,89.024685
-624.120916,65,90.455061
-634.551055,83,93.111568
-120.000593,300,99.545544
-622.750217,56,100.775248
-649.543725,116,103.272432
-626.340088,73,104.887368
-696.87677,199,109.374187
-608.464103,25,109.905181
-612.613653,30,110.528719
-620.788523,45,111.4539
-634.367556,67,112.896199
-118.138594,300,120.265762
-631.133346,71,121.783851
-129.124285,300,128.465627
-629.180926,66,129.860881
-671.425995,186,133.756262
-635.096214,71,135.214821
-612.443919,41,137.068439
-615.536485,38,137.889077
-625.532708,54,139.063308
-686.809057,219,143.573305
-680.822771,209,148.025084
-651.86193,137,151.102711
-657.47681,141,154.104022
-622.602767,55,155.320936
-638.409488,109,157.69182
-648.435018,110,160.820004
-699.39499,227,165.670234
-661.173915,127,168.304141
-630.861616,58,169.542907
-635.011733,74,171.117419
-620.283224,41,171.967459
-643.177496,94,174.013124
-707.974884,238,179.101267
-134.452626,300,186.770623
-664.623744,147,189.967571
-667.744808,200,194.044608
-621.104469,44,194.947631
-121.08963,300,201.285017
-612.944005,33,201.986828
-625.110048,67,203.735967
-117.705393,300,210.055566
-635.296303,84,211.802967
-612.87856,24,212.317151
-637.857002,89,214.18265
-619.467206,62,215.483698
-619.047285,50,216.571271
-134.036078,300,223.000542
-613.770483,27,223.587473
-649.309597,128,227.112026
-622.450522,59,228.397169
-138.196674,300,234.95529
-625.752366,53,236.072752
-616.137532,46,237.05834
-671.432338,144,240.077653
-625.776062,54,247.831978
-640.850335,71,249.326296
-117.877285,300,255.873064
-634.626759,108,258.152517
-677.424269,137,261.007793
-112.75647,300,267.546821
-609.804945,23,268.044299
-609.825676,29,269.651877
-616.246316,36,270.429094
-614.219535,43,271.320048
-664.343393,140,274.276994
-622.25021,70,275.772781
-623.709121,54,276.935871
-142.567274,300,282.940416
-657.61875,178,286.65951
-648.56062,142,289.65202
-618.306843,47,291.665093
-617.667051,47,292.708201
-640.68034,87,294.596796
-633.574245,86,296.392164
-129.076134,300,302.506093
-702.188536,218,307.478196
-661.258183,136,310.403988
-616.558044,36,311.199294
-613.576534,25,313.474108
-626.197909,66,314.86218
-102.392642,300,321.340239
-126.035202,300,327.649585
-622.103455,54,328.799105
-692.758699,227,333.657418
-639.47369,93,337.118701
-614.060808,31,337.796056
-619.717673,40,338.642214
-613.980369,37,339.435336
-657.863561,134,342.346855
-625.656794,56,343.52652
-617.856104,54,344.721415
-618.101273,43,345.620718
-136.468957,300,351.805141
-662.966106,158,355.082626
-618.213724,40,355.957947
-157.044611,300,363.843666
-609.256192,24,364.352014
-644.26502,116,366.80679
-127.726331,300,373.324943
-607.377505,22,373.798028
-624.321371,49,374.838812
-612.842882,46,375.82656
-644.24887,136,382.757874
-129.112479,300,389.356296
-119.504086,300,395.7383
-672.508039,157,399.08973
-614.28641,26,402.755744
-620.662654,50,403.823432
-609.540044,23,404.330853
-672.077929,134,407.274607
-126.114057,300,413.944378
-639.311256,110,416.429416
-136.271808,300,423.020465
-616.74609,38,423.853479
-130.710733,300,431.750804
-135.68559,300,438.48029
-139.717026,300,445.026968
-622.385087,44,445.959672
-621.954868,44,446.916498
-624.991437,69,449.522588
-643.17453,99,451.597539
-127.218597,300,457.852345
-120.352316,300,464.3106
-647.905997,97,466.385638
-617.440546,49,467.438976
-123.878365,300,476.756602
-619.294462,54,477.915781
-679.393628,171,481.66856
-639.429442,97,483.814382
-638.578024,99,485.95159
-636.627142,99,488.057221
-610.085216,27,488.636425
-612.21944,26,489.212516
-635.917081,65,490.609862
-631.416267,84,494.599818
-146.778695,300,501.111719
-617.991135,34,501.857581
-616.307914,38,502.684581
-634.84856,84,504.51492
-622.857436,40,505.361261
-661.269045,120,507.815142
-123.855679,300,514.254383
-139.359662,300,520.77573
-135.754594,300,527.284252
-122.007555,300,533.639442
-616.835095,33,534.33931
-605.702097,22,534.793499
-691.858392,191,540.949572
-674.739707,159,544.315989
-625.952577,60,545.587652
-714.824991,286,552.105628
-129.802509,300,558.725383
-697.155744,239,564.9119
-624.926732,57,566.095251
-634.865781,73,567.649755
-146.055569,300,574.139742
-631.885319,72,575.664316
-654.583996,99,584.271936
-614.61297,40,585.121352
-643.863772,106,587.368798
-128.502731,300,593.949536
-654.258626,114,596.254588
-128.944192,300,602.988721
-624.229125,60,606.107213
-129.168968,300,612.343655
-635.618082,63,613.728144
-128.481459,300,619.87799
-678.013299,167,623.403919
-133.987402,300,633.316446
-616.478089,47,634.368214
-622.270004,40,635.227888
-127.305839,300,641.633892
-132.775232,300,647.306966
-662.061633,158,651.983286
-113.132612,300,658.263313
-610.817082,26,658.809572
-136.726987,300,665.379894
-623.100343,61,666.689211
-108.321118,300,677.666999
-137.672823,300,684.045114
-614.226901,31,684.709188
-625.801912,47,685.701993
-645.529454,101,687.832549
-627.375553,84,689.579435
-644.954082,94,691.583296
-619.200456,41,692.472503
-114.876582,300,700.037531
-651.199544,104,702.365114
-628.137934,63,703.760423
-626.046304,51,704.847384
-101.878883,300,711.425314
-615.566111,39,716.984211
-616.30926,54,718.115536
-616.937293,36,718.881972
-631.068375,108,721.201935
-625.799393,45,722.132541
-143.038686,300,728.465982
-136.020351,300,734.867237
-646.966261,111,740.655282
-613.283389,35,741.428658
-640.38436,110,743.826114
-117.607917,300,750.193455
-131.515825,300,756.750216
-615.691817,28,757.345606
-652.082898,124,763.381094
-675.455448,169,767.005933
-629.906072,85,768.823767
-127.7203,300,775.364452
-635.957739,56,776.549753
-655.616682,145,779.611137
-135.370846,300,789.827144
-652.257396,114,792.256254
-616.902973,35,793.022424
-135.500757,300,799.614959
-629.527384,62,800.913482
-610.777257,30,801.566849
-615.961021,29,806.272789
-702.871793,218,810.957977
-654.669068,143,814.007316
-636.045157,83,815.844221
-130.073915,300,822.189659
-641.644155,112,830.064979
-631.497951,98,832.213405
-118.037083,300,838.619851
-641.875729,86,840.542401
-657.508748,158,843.986996
-631.738086,80,851.912369
-132.207467,300,858.670973
-132.459692,300,864.470409
-614.663232,42,865.372236
-627.782534,70,866.884498
-620.55514,45,867.856857
-642.999715,86,869.751016
-629.446209,73,871.321516
-133.388401,300,878.819264
-617.06363,33,879.515792
-132.060599,300,885.84253
-142.567237,300,892.600084
-115.379795,300,901.310266
-674.029665,204,905.900259
-132.207917,300,912.41716
-637.387825,78,914.071651
-680.417171,159,920.714471
-133.076335,300,927.180994
-626.215138,60,928.446993
-121.597946,300,934.91803
-649.714368,121,937.488909
-642.811865,87,941.616545
-619.33002,52,942.736971
-127.765191,300,949.034389
-691.700314,181,952.899468
-631.218607,82,954.612355
-626.638736,66,956.045387
-609.863056,30,956.684946
-609.954646,27,957.261021
-609.30358,30,957.923222
-107.206868,300,968.209445
-142.718657,300,975.043106
-617.839548,55,976.205437
-130.117326,300,982.696559
-106.151022,300,991.197518
-135.354198,300,997.529934
-122.293638,300,1003.886197
-636.581556,91,1005.893393
-613.264864,33,1007.746236
-116.03844,300,1014.172755
-134.544699,300,1020.662479
-705.36728,243,1026.211506
-664.702867,128,1028.950158
-668.248581,160,1033.345
-133.751671,300,1039.441952
-107.943325,300,1045.905452
-647.998779,99,1048.056759
-621.36301,47,1049.047049
-646.06733,77,1050.715417
-122.269803,300,1058.526764
-131.551104,300,1065.118495
-130.710138,300,1071.70646
-626.21418,57,1072.910202
-132.826758,300,1081.299746
-121.414216,300,1087.894458
-126.343781,300,1094.381554
-638.790749,95,1096.428185
-624.781376,50,1098.581846
-617.349471,36,1099.346907
-114.729073,300,1105.679075
-129.175729,300,1112.310551
-693.916787,212,1116.815893
-612.532984,27,1117.390367
-628.228678,58,1121.203737
-621.314667,49,1122.257715
-98.834166,300,1128.730391
-627.217405,83,1130.515069
-132.801162,300,1137.021939
-618.733209,42,1137.907934
-617.938158,33,1143.26058
-116.160728,300,1149.515808
-621.47366,50,1150.549363
-133.827457,300,1157.296278
-143.982213,300,1164.022659
-625.809669,62,1166.676589
-688.731541,218,1171.496266
-124.36817,300,1177.95637
-125.949785,300,1184.080456
-614.050773,31,1184.73638
-630.072451,50,1185.79916
-633.6072,78,1189.368793
-622.350639,70,1190.841964
-134.307592,300,1197.205112
-123.566356,300,1203.626387
-125.877265,300,1216.424361
-131.801174,300,1222.792298
-120.250485,300,1229.313219
-118.580745,300,1238.787996
-643.781998,105,1241.047155
-130.640362,300,1247.346866
-641.775495,87,1249.212036
-623.687907,65,1250.67187
-650.765658,139,1253.576595
-125.977943,300,1261.008819
-628.22486,78,1262.659381
-647.832955,126,1265.427416
-114.788635,300,1272.04011
-653.317784,123,1280.080328
-730.888794,300,1286.587866
-701.16187,228,1291.570059
-619.532476,75,1293.215213
-634.046715,95,1302.553443
-126.493901,300,1308.841767
-123.567142,300,1314.659073
-110.560106,300,1320.953752
-125.528013,300,1328.712734
-688.515648,193,1332.995634
-612.495092,40,1333.841507
-120.260434,300,1340.528661
-613.613866,47,1341.56936
-129.372744,300,1351.558647
-685.683223,228,1356.604023
-647.42176,114,1359.029389
-627.992256,61,1360.342994
-619.621429,49,1361.382083
-612.297813,30,1368.649586
-106.126694,300,1374.644876
-134.498464,300,1381.000593
-122.890762,300,1387.372677
-620.426764,59,1391.184405
-122.786091,300,1397.687055
-131.574381,300,1404.005118
-110.573309,300,1410.405682
-622.388741,49,1411.45652
-126.283289,300,1418.826831
-117.815962,300,1425.28577
-122.942526,300,1431.827101
-134.018031,300,1441.646164
-105.308838,300,1448.29939
-673.270173,187,1452.523329
-113.866931,300,1464.868663
-724.131145,297,1471.285906
-659.777285,143,1474.449097
-139.915009,300,1487.662276
-686.748795,187,1491.788805
-609.275921,26,1492.331427
-614.623221,26,1492.900818
-684.935634,175,1496.635185
-638.065946,76,1498.262677
-613.427409,24,1498.783297
-624.180551,62,1500.094099
-641.299294,108,1506.001439
-108.233225,300,1512.428465
-128.517332,300,1518.893103
-613.956874,42,1519.779995
-628.100013,62,1527.599825
-638.647864,93,1529.524535
-129.104546,300,1535.970493
-107.138718,300,1542.435448
-619.026398,31,1549.422984
-668.756272,167,1553.032387
-129.75421,300,1559.564954
-668.483079,163,1563.089278
-633.210704,79,1564.815181
-629.14835,59,1566.052984
-691.616708,205,1570.416185
-127.472413,300,1578.008474
-620.406726,57,1579.267674
-638.506574,94,1581.258214
-117.327262,300,1587.631279
-628.264506,76,1595.658145
-668.45905,165,1599.18838
-643.356446,107,1601.519698
-90.459051,300,1608.081679
-127.001933,300,1614.444748
-106.647583,300,1622.918862
-639.793584,139,1625.96589
-109.846169,300,1632.39976
-117.415859,300,1644.852545
-123.886359,300,1650.89947
-639.796562,101,1653.115121
-677.383995,180,1657.078156
-626.677583,53,1661.864892
-121.261023,300,1668.644805
-649.611523,147,1671.845764
-112.523148,300,1678.342097
-634.573646,90,1685.746432
-111.86827,300,1692.260986
-126.192129,300,1699.020705
-113.622,300,1705.749735
-618.953628,63,1708.391769
-123.288947,300,1714.97546
-117.832055,300,1721.611712
-624.42324,56,1722.796623
-127.201919,300,1729.27174
-111.704121,300,1736.454803
-641.62981,98,1738.558233
-700.34798,277,1744.538244
-608.865511,32,1745.208235
-141.45519,300,1751.653792
-617.464449,63,1753.972576
-114.798906,300,1760.533957
-707.17218,272,1766.421567
-650.474463,140,1769.472501
-114.277121,300,1782.143307
-123.629417,300,1788.859118
-712.980386,267,1794.943511
-613.796685,37,1795.74249
-638.821865,114,1798.205192
-120.656852,300,1805.588538
-107.903982,300,1812.268076
-109.064394,300,1818.667106
-609.404351,25,1819.210502
-118.785525,300,1828.394316
-121.062383,300,1834.496813
-115.722047,300,1840.967157
-612.739648,38,1841.768076
-612.279872,31,1844.875425
-121.242786,300,1851.36384
-121.077117,300,1857.990654
-120.732662,300,1864.443013
-129.932896,300,1873.669251
-625.297447,59,1874.914257
-122.066327,300,1881.322515
-97.801225,300,1887.877438
-132.739598,300,1896.23169
-119.700931,300,1902.747323
-129.858387,300,1909.145931
-646.31165,137,1915.474476
-686.006797,227,1920.565108
-116.237619,300,1927.062344
-688.552451,215,1931.721171
-634.944246,76,1933.355191
-115.265906,300,1941.819261
-718.11255,271,1947.55452
-126.736906,300,1953.484033
-615.825226,41,1958.319277
-117.442598,300,1964.70415
-607.648812,23,1965.200838
-103.54005,300,1971.762735
-113.650935,300,1977.907545
-107.765258,300,1986.223742
-689.477491,208,1990.675255
-118.012346,300,1997.27162
-635.415675,71,2004.118685
-661.31234,148,2007.259533
-119.336514,300,2013.528736
-102.216407,300,2020.008199
-707.813049,285,2031.232954
-616.677354,32,2031.90591
-666.797099,170,2035.413932
-127.249008,300,2041.814907
-638.023947,123,2050.19019
-650.504428,130,2052.995839
-619.641548,49,2054.06828
-704.591644,231,2059.154253
-121.42523,300,2064.745748
-652.846936,162,2068.172014
-113.960999,300,2076.083549
-695.962557,260,2081.628266
-660.112663,158,2085.156946
-699.540613,276,2090.803202
-630.181021,101,2094.27923
-132.090266,300,2100.789032
-132.288381,300,2107.261676
-125.508673,300,2113.746197
-711.527685,286,2120.65672
-622.82486,69,2122.10542
-665.044164,175,2125.707126
-119.923313,300,2131.801054
-614.31073,41,2137.531492
-104.079556,300,2144.226799
-117.355359,300,2150.530399
-700.574036,242,2155.735082
-706.069924,291,2165.567137
-711.305004,285,2171.957541
-122.065455,300,2177.748617
-105.906431,300,2187.606143
-125.908523,300,2194.051104
-119.797969,300,2200.460839
-130.712733,300,2210.226528
-108.005577,300,2216.718999
-116.055919,300,2223.17502
-615.921024,39,2224.019551
-124.977446,300,2233.125274
-112.751691,300,2239.57059
-110.216412,300,2246.099961
-635.91419,82,2247.83666
-118.071808,300,2255.7562
-107.835883,300,2262.371521
-112.260363,300,2268.945662
-118.085382,300,2278.717297
-117.832137,300,2285.146446
-103.844241,300,2291.719953
-124.356693,300,2301.206366
-634.904864,67,2302.588398
-115.541968,300,2308.58931
-122.114428,300,2315.005477
-632.808614,101,2318.906252
-95.251964,300,2325.429339
-122.263769,300,2331.918327
-116.969031,300,2338.853697
-121.303805,300,2345.875204
-613.083145,25,2346.398095
-112.888468,300,2352.863125
-112.105202,300,2359.356529
-707.111492,300,2368.764531
-116.636985,300,2375.370178
-107.295753,300,2381.759328
-642.414277,118,2384.377168
-614.025491,41,2386.132888
-643.296391,125,2388.824234
-102.477197,300,2395.221099
-653.28189,124,2397.903926
-109.992176,300,2404.322845
-112.431233,300,2413.971369
-689.544084,279,2420.051224
-113.765711,300,2426.515116
-611.722764,32,2427.18798
-123.477641,300,2436.51239
-664.146753,185,2440.508981
-649.328147,137,2443.644299
-103.061486,300,2450.232044
-674.825088,215,2457.462059
-102.558563,300,2463.793502
-636.017925,103,2466.003814
-131.614767,300,2472.508625
-115.292193,300,2482.058014
-106.257001,300,2488.409286
-110.352955,300,2494.743003
-617.417305,36,2495.50986
-143.159778,300,2504.682756
-635.183246,86,2506.534148
-120.341572,300,2512.883855
-97.115008,300,2519.207858
-110.443653,300,2527.10892
-139.810759,300,2533.661827
-102.581338,300,2540.180233
-610.316412,42,2541.068845
-119.548689,300,2549.988914
-111.87632,300,2556.483243
-105.415209,300,2562.87583
-105.004943,300,2572.736025
-95.785097,300,2578.668732
-643.604913,113,2581.082274
-94.316156,300,2587.192414
-114.58677,300,2594.594299
-628.361521,73,2596.117456
-119.569737,300,2602.596512
-107.486985,300,2609.085836
-629.370764,70,2612.455658
-661.163307,150,2615.558416
-648.017007,136,2618.461143
-630.632244,78,2620.145903
-130.298394,300,2626.81277
-630.930406,61,2628.130142
-606.912048,35,2634.520067
-99.167231,300,2641.185669
-616.024087,48,2642.228029
-674.130001,217,2646.90922
-708.188206,275,2652.76824
-630.10348,49,2653.856204
-98.72654,300,2663.065156
-116.515943,300,2669.008723
-628.727542,93,2671.060224
-673.805436,187,2674.910382
-94.864148,300,2685.170696
-98.433551,300,2691.604337
-643.493574,129,2694.395107
-683.134489,223,2698.776235
-615.359382,39,2699.62684
-689.931938,268,2706.507344
-102.69066,300,2712.739085
-114.437737,300,2719.192824
-105.787239,300,2729.443141
-629.20304,71,2730.960511
-98.104627,300,2737.400947
-626.294017,76,2739.073578
-102.062595,300,2752.205848
-654.217905,162,2755.694497
-110.267788,300,2762.01227
-116.374406,300,2774.441809
-112.233164,300,2780.604108
-643.063743,122,2783.182928
-107.927369,300,2789.637824
-98.756031,300,2796.883997
-101.447265,300,2802.968483
-104.408247,300,2809.422178
-98.839718,300,2818.890479
-107.906385,300,2825.234518
-623.094779,51,2826.325615
-119.462882,300,2831.830591
-103.016762,300,2840.607603
-115.606585,300,2846.800691
-112.762901,300,2853.163134
-104.720335,300,2862.610084
-660.467139,163,2866.019017
-116.224148,300,2872.10462
-104.914991,300,2884.877339
-668.830557,227,2889.701998
-109.731641,300,2896.100734
-625.999262,74,2902.683614
-107.139517,300,2909.41689
-96.178836,300,2915.799046
-107.511947,300,2922.300673
-102.534809,300,2930.559156
-103.896194,300,2937.286355
-100.460984,300,2943.158888
-614.723811,27,2947.203942
-652.411422,143,2950.189421
-97.008475,300,2956.676774
-100.317704,300,2963.0884
-616.996968,48,2969.98897
-709.195212,299,2976.332337
-91.780463,300,2982.673563
-107.079704,300,2989.10786
-100.678247,300,2997.999682
-107.232141,300,3004.483004
-129.960219,300,3010.892578
-104.14671,300,3020.752832
-104.07427,300,3027.249898
-102.061695,300,3033.567756
-615.564785,26,3037.671881
-113.613796,300,3043.998609
-692.67229,255,3049.416338
-96.887129,300,3055.871569
-658.653752,190,3063.6467
-697.348555,268,3069.032366
-101.9237,300,3075.116834
-90.640778,300,3088.203861
-95.181273,300,3094.637328
-615.262591,60,3095.924209
-89.405601,300,3102.545462
-96.457199,300,3111.512824
-96.06037,300,3117.861082
-615.310964,56,3119.038937
-613.630447,42,3119.943483
-103.170859,300,3126.359875
-100.703485,300,3134.282988
-673.804443,156,3137.400692
-83.038925,300,3143.919198
-618.577527,54,3151.58862
-102.115557,300,3158.076578
-106.512251,300,3164.353944
-632.706858,76,3166.00325
-97.745657,300,3179.493165
-126.432259,300,3185.953833
-100.444776,300,3192.433444
-626.952616,77,3197.642399
-100.705507,300,3204.138483
-124.66979,300,3210.294546
-101.062776,300,3216.849697
-102.016576,300,3225.503076
-96.868954,300,3231.898307
-122.403599,300,3238.252397
-103.449441,300,3248.526172
-139.735088,300,3254.877939
-105.738764,300,3261.17382
-106.802916,300,3270.425012
-115.680887,300,3276.808513
-619.507432,32,3277.476573
-112.881171,300,3283.734933
-106.035449,300,3292.903852
-112.114302,300,3299.537918
-100.629143,300,3305.828784
-103.007162,300,3315.28283
-84.403616,300,3321.72629
-97.218646,300,3328.187001
-643.732014,83,3329.858303
-95.824685,300,3337.994426
-631.178108,55,3339.140579
-100.325176,300,3345.610922
-112.827473,300,3352.012882
-85.509098,300,3360.675422
-96.06692,300,3367.052668
-114.298207,300,3373.401701
-119.233461,300,3382.675484
-96.995413,300,3389.012085
-109.734085,300,3395.398125
-635.395039,77,3396.998053
-130.154119,300,3405.352596
-99.58425,300,3411.72559
-93.122471,300,3418.059325
-105.099043,300,3427.783929
-80.470163,300,3433.961968
-57.407866,300,3440.038895
-96.829397,300,3450.25112
-95.524311,300,3456.598903
-98.809419,300,3462.824665
-106.089032,300,3473.06647
-106.857931,300,3479.134396
-111.691444,300,3485.343864
-626.082021,48,3486.381007
-95.903571,300,3495.174696
-101.169074,300,3500.789865
-105.833756,300,3506.745391
-113.156583,300,3516.729962
-96.44595,300,3523.181767
-100.741538,300,3529.424014
-93.706288,300,3539.260144
-663.161972,197,3543.39987
-105.386088,300,3549.863512
-97.138985,300,3561.314136
-101.099364,300,3567.666191
-613.091937,40,3568.511864
-106.658538,300,3574.941296
-94.757827,300,3583.877665
-613.051545,25,3584.423487
-96.01731,300,3591.101994
-614.461542,29,3591.725199
-121.412424,300,3598.363502
-110.213892,300,3606.746867
-97.869731,300,3613.176288
-98.846376,300,3619.605726
-114.444781,300,3629.394269
-97.747246,300,3635.663022
-110.058492,300,3642.122159
-106.042577,300,3651.861852
-103.302256,300,3658.305432
-624.969657,96,3660.253445
-88.481118,300,3666.857838
-99.432674,300,3674.820607
-98.582717,300,3681.024924
-96.202152,300,3687.382825
-104.587032,300,3696.783308
-104.300637,300,3703.312732
-725.723597,295,3709.42433
-682.620129,257,3718.461547
-106.285266,300,3724.85347
-113.201322,300,3731.199199
-104.332999,300,3742.022954
-94.413932,300,3748.38467
-115.666504,300,3754.981914
-617.05096,30,3755.612236
-112.936733,300,3764.885735
-105.383815,300,3771.384494
-98.070204,300,3777.799567
-102.805593,300,3787.633727
-101.468228,300,3794.075963
-99.99755,300,3800.503708
-105.691817,300,3810.379456
-108.204078,300,3816.765969
-100.556924,300,3823.050997
-103.489401,300,3833.08085
-97.832219,300,3839.481332
-100.995584,300,3846.012233
-102.693348,300,3855.893678
-107.019261,300,3862.350812
-641.538742,122,3864.924397
-121.331993,300,3871.32689
-95.760624,300,3878.595873
-97.568363,300,3884.891861
-96.577412,300,3891.299288
-117.221303,300,3901.394792
-681.966611,246,3906.648513
-97.342114,300,3913.011153
-99.98944,300,3923.540362
-610.441039,25,3924.078142
-103.365913,300,3930.100956
-102.510755,300,3936.077381
-625.310318,59,3937.265789
-101.150012,300,3945.158822
-98.616818,300,3951.679926
-116.112127,300,3957.911526
-624.038529,71,3959.516119
-98.830268,300,3968.126686
-104.647309,300,3974.629856
-622.368042,55,3975.813523
-91.824214,300,3982.523418
-100.180935,300,3991.50058
-100.456279,300,3997.010466
-105.423903,300,4003.125632
-124.238877,300,4013.10138
-105.328306,300,4019.409849
-102.167526,300,4026.013199
-98.060045,300,4035.840145
-100.124379,300,4042.134502
-112.027817,300,4048.650834
-613.932511,33,4052.936888
-101.372939,300,4059.181789
-98.398134,300,4065.570012
-103.573993,300,4071.928063
-95.585664,300,4081.099004
-96.995157,300,4087.419402
-640.870093,75,4088.989479
-646.019851,108,4091.317793
-653.206608,160,4094.507062
-100.190692,300,4103.591887
-103.585681,300,4109.807852
-105.77499,300,4116.232601
-102.625658,300,4126.293097
-682.827788,239,4131.446367
-105.031081,300,4137.798752
-103.288312,300,4148.813901
-655.41738,174,4152.442868
-98.268018,300,4158.757767
-640.949357,120,4161.285053
-95.364523,300,4171.319097
-106.55085,300,4177.250561
-98.954387,300,4183.502351
-102.280376,300,4193.449149
-623.246818,44,4194.392923
-94.654118,300,4200.382548
-104.278662,300,4206.874015
-98.741884,300,4215.972718
-100.825221,300,4222.1619
-96.169717,300,4228.727838
-636.834319,66,4230.164154
-625.393844,79,4234.060577
-104.1703,300,4240.355375
-99.377659,300,4246.67626
-129.14122,300,4252.926216
-96.455219,300,4261.128908
-107.776532,300,4267.531165
-97.714665,300,4274.090524
-105.08386,300,4283.967174
-102.6358,300,4290.504852
-109.69261,300,4297.035679
-94.133535,300,4307.057487
-681.320855,256,4312.446957
-682.520207,220,4317.137796
-615.105614,59,4318.405954
-96.436428,300,4329.993925
-634.722428,110,4332.27354
-623.938297,51,4333.339424
-98.172196,300,4338.943313
-101.113105,300,4351.96944
-97.96191,300,4358.543822
-90.253527,300,4365.075204
-91.69445,300,4374.643221
-99.206773,300,4381.201284
-118.054163,300,4387.550946
-624.71551,44,4392.211459
-653.138844,161,4395.47072
-113.374915,300,4401.950938
-94.735109,300,4408.409704
-95.795367,300,4420.515672
-103.395171,300,4426.926629
-102.105995,300,4433.066197
-94.843521,300,4443.246588
-104.030545,300,4449.544568
-629.575082,86,4451.357996
-94.074962,300,4457.710948
-116.826317,300,4466.348797
-97.037766,300,4473.02852
-613.88313,30,4473.676874
-99.455414,300,4480.160971
-89.788959,300,4489.212803
-117.153854,300,4495.677956
-102.535099,300,4501.875629
-78.290251,300,4512.06728
-94.300104,300,4518.414436
-98.384892,300,4524.954985
-634.984767,119,4527.447178
-94.647366,300,4535.069353
-90.10525,300,4541.379527
-93.825674,300,4547.858062
-624.384183,42,4548.732095
-96.568234,300,4557.981298
-97.443852,300,4564.233784
-623.919532,64,4565.573228
-103.800248,300,4571.795654
-105.033545,300,4580.551451
-95.645127,300,4587.050703
-98.611218,300,4593.501276
-87.442518,300,4603.67834
-627.034867,73,4605.244603
-100.252607,300,4611.637298
-89.067374,300,4618.103347
-100.450773,300,4625.759042
-85.868067,300,4632.36381
-100.058565,300,4638.289989
-619.914732,44,4642.962548
-99.542702,300,4649.430726
-621.737764,42,4650.294115
-671.642599,183,4654.111653
-99.734269,300,4660.594511
-92.029205,300,4671.465897
-96.031417,300,4677.702165
-95.306596,300,4684.06884
-693.796833,252,4693.300702
-122.179228,300,4699.753701
-96.225812,300,4706.169918
-103.534436,300,4717.156056
-97.514499,300,4723.828758
-97.615868,300,4730.329551
-624.476839,84,4732.084784
-95.939609,300,4740.373109
-98.470457,300,4746.665969
-93.711832,300,4753.04174
-615.154447,33,4757.529007
-98.053007,300,4763.984365
-98.851255,300,4770.182586
-96.780596,300,4776.631145
-89.487678,300,4785.93819
-615.368226,29,4786.545888
-97.793528,300,4792.694131
-96.340755,300,4799.216455
-99.42926,300,4808.711544
-106.704945,300,4815.022765
-649.345267,119,4817.520323
-102.30332,300,4824.021573
-98.127483,300,4831.678705
-95.165257,300,4838.049107
-82.79033,300,4844.565956
-125.094397,300,4854.659356
-91.116872,300,4860.867631
-615.176518,31,4861.519475
-103.78585,300,4867.920011
-93.754471,300,4877.323461
-101.938217,300,4883.758977
-636.565729,82,4885.553421
-97.709588,300,4891.966334
-98.518556,300,4900.458454
-100.92998,300,4906.81866
-79.049234,300,4913.21062
-118.420439,300,4923.182865
-101.164259,300,4929.548445
-71.223658,300,4936.049363
-79.657259,300,4946.104981
-614.247101,26,4946.65436
-655.630157,168,4950.190179
-103.658744,300,4956.552679
-94.641473,300,4969.355185
-87.12282,300,4976.049531
-42.275216,300,4982.050637
-93.337488,300,4992.320484
-99.786551,300,4998.65774
-73.29153,300,5005.114224
-98.491254,300,5015.182404
-99.265214,300,5021.43069
-98.793928,300,5027.912873
-102.393902,300,5038.000133
-111.088081,300,5044.302295
-104.025575,300,5050.574485
-95.441624,300,5060.79466
-95.041924,300,5066.746598
-95.43292,300,5073.156955
-645.606408,120,5075.824859
-81.106328,300,5083.458268
-100.487976,300,5089.091325
-95.736159,300,5095.409596
-96.718783,300,5105.6201
-106.085912,300,5111.915117
-99.123683,300,5117.835566
-91.960435,300,5127.802621
-98.013629,300,5134.193221
-81.767541,300,5140.747889
-92.946124,300,5150.97861
-94.70541,300,5156.629344
-93.802411,300,5163.016217
-94.203244,300,5173.10589
-636.301565,82,5174.844428
-100.144921,300,5181.221574
-96.303054,300,5187.290075
-646.57823,127,5191.988865
-79.561882,300,5198.983522
-88.568988,300,5205.483982
-91.080639,300,5219.354475
-611.66914,33,5220.039317
-98.531012,300,5226.404668
-97.818488,300,5232.74431
-95.694698,300,5242.276057
-84.826267,300,5248.682149
-96.357177,300,5255.05193
-96.9252,300,5265.207357
-88.448942,300,5271.506744
-99.291576,300,5277.832866
-101.062505,300,5288.21261
-100.200821,300,5294.533115
-98.676297,300,5300.716375
-633.559594,80,5302.414436
-99.733619,300,5310.580848
-98.885447,300,5316.88142
-77.499331,300,5323.341792
-95.541659,300,5333.600281
-86.574918,300,5340.01782
-90.099695,300,5346.345142
-80.672052,300,5356.548
-80.046703,300,5363.05852
-102.519447,300,5369.399518
-97.05387,300,5379.566483
-78.489008,300,5385.875409
-93.525725,300,5392.005086
-91.046326,300,5402.273454
-98.947919,300,5408.81623
-99.122109,300,5415.143883
-103.862219,300,5425.409998
-87.424967,300,5431.816202
-112.430282,300,5438.418338
-622.177564,41,5443.071245
-89.620773,300,5449.433571
-95.590262,300,5455.880847
-91.775907,300,5462.41884
-77.349045,300,5471.778163
-97.402999,300,5477.639704
-95.556503,300,5484.043861
-97.33239,300,5494.370295
-94.633374,300,5500.734867
-93.103969,300,5507.27239
-86.264272,300,5517.400692
-615.845282,33,5518.093692
-104.675655,300,5524.650593
-100.150934,300,5531.081294
-614.828758,26,5534.852263
-82.498257,300,5541.821732
-97.935857,300,5548.263251
-91.973936,300,5554.502879
-89.130294,300,5564.305964
-660.902776,134,5567.085029
-90.959663,300,5573.156728
-93.268466,300,5586.837823
-96.000148,300,5593.268935
-96.590946,300,5599.593667
-80.423199,300,5610.119319
-629.47319,78,5611.755419
-106.512419,300,5618.281565
-92.746972,300,5624.720095
-100.66952,300,5633.1203
-95.935455,300,5639.364141
-109.410649,300,5645.795302
-83.239746,300,5655.340556
-627.138272,101,5657.474752
-96.575582,300,5663.899992
-673.841458,196,5668.11014
-98.248194,300,5678.703282
-97.546876,300,5685.164807
-97.578436,300,5691.610011
-98.510762,300,5701.915659
-91.486271,300,5708.280569
-100.768579,300,5714.896815
-96.470325,300,5725.58193
-623.614247,46,5726.551007
-623.260823,60,5727.834307
-101.652639,300,5734.354509
-94.038511,300,5740.237226
-98.428453,300,5748.409194
-630.091919,93,5750.362346
-83.56107,300,5756.63428
-103.713553,300,5762.937545
-87.872469,300,5771.406154
-103.96265,300,5777.978068
-108.110696,300,5784.426512
-633.359357,78,5786.092221
-99.219163,300,5794.76363
-85.975669,300,5800.897603
-88.183954,300,5807.349972
-99.47056,300,5817.717401
-622.306931,48,5818.707849
-97.84233,300,5825.033417
-82.541506,300,5831.415292
-620.339822,34,5835.015262
-89.925813,300,5841.460176
-99.088935,300,5847.793671
-77.679361,300,5854.283633
-95.472383,300,5864.06137
-108.309776,300,5870.291995
-630.569865,87,5872.126483
-105.85379,300,5878.546253
-114.460083,300,5887.126705
-104.831403,300,5893.886841
-95.736306,300,5900.700449
-94.800558,300,5910.987423
-96.527317,300,5917.250606
-96.692988,300,5923.67265
-99.720836,300,5934.097546
-98.890902,300,5940.569597
-96.418043,300,5946.891536
-612.658411,27,5947.463218
-84.557674,300,5957.037302
-681.642706,189,5961.231547
-623.667046,53,5962.357501
-101.174651,300,5968.793847
-654.382615,112,5975.98942
-105.755091,300,5982.61591
-98.384335,300,5988.338921
-87.521359,300,5994.793601
-95.336541,300,6001.893555
-100.363822,300,6008.258423
-98.591689,300,6015.163389
-645.260688,138,6022.055939
-93.879065,300,6028.361258
-619.30431,36,6029.11858
-105.484402,300,6035.81981
-638.158038,95,6044.82132
-622.373095,75,6046.488865
-91.394134,300,6052.837042
-97.343138,300,6059.340674
-108.032356,300,6072.704868
-98.192751,300,6079.123742
-104.371995,300,6085.431761
-98.558903,300,6095.573316
-97.774769,300,6101.996858
-74.07664,300,6108.516463
-623.989538,42,6109.415444
-89.088521,300,6118.97534
-97.630706,300,6125.369015
-95.690373,300,6131.865413
-98.107127,300,6141.914224
-95.743537,300,6148.398426
-88.55269,300,6154.904202
-687.725133,260,6164.572088
-107.255139,300,6170.978462
-622.8301,74,6172.611914
-99.549611,300,6179.147613
-93.839294,300,6189.089192
-97.211155,300,6194.971974
-95.472729,300,6201.409837
-615.164059,28,6202.000535
-98.971873,300,6211.764168
-97.64137,300,6218.019661
-96.932804,300,6224.448133
-93.210556,300,6234.706992
-92.411179,300,6241.066004
-93.68707,300,6247.395957
-96.580295,300,6257.865537
-620.787691,41,6258.76686
-100.132728,300,6265.081702
-100.784814,300,6271.337177
-97.217704,300,6280.953988
-97.527117,300,6287.517045
-92.797214,300,6293.984184
-93.081935,300,6304.476666
-99.463132,300,6310.972176
-97.8569,300,6317.281709
-99.310438,300,6328.362864
-98.459527,300,6334.735377
-91.535607,300,6341.166033
-95.861398,300,6351.428889
-100.072631,300,6357.857475
-92.838639,300,6364.271152
-97.135878,300,6374.513976
-66.147132,300,6380.954959
-624.916147,57,6382.171827
-101.165091,300,6388.712826
-98.225906,300,6397.798359
-98.070903,300,6404.144064
-97.147104,300,6410.576051
-98.900259,300,6421.149635
-615.506867,28,6421.727734
-102.720342,300,6428.018552
-95.967695,300,6434.039516
-98.89013,300,6443.870963
-97.776971,300,6450.269757
-94.973998,300,6456.587898
-636.138562,119,6463.038823
-98.450589,300,6469.469408
-100.083289,300,6475.906685
-98.921473,300,6482.318301
-617.83863,34,6484.550914
-682.717129,217,6489.087924
-94.373793,300,6495.551229
-85.331126,300,6501.945591
-97.743866,300,6513.564249
-631.155259,84,6515.359232
-117.568753,300,6521.904158
-665.595839,273,6527.779591
-97.990083,300,6536.688496
-50.199997,300,6543.193214
-100.943965,300,6549.435872
-622.811677,47,6550.428219
-69.321165,300,6559.917469
-94.298683,300,6566.217576
-98.040021,300,6572.826087
-663.757654,192,6580.975484
-82.690492,300,6587.45554
-93.627859,300,6593.828092
-106.94497,300,6606.599437
-98.529661,300,6612.900057
-103.014865,300,6619.272354
-94.479241,300,6629.626746
-97.535967,300,6636.079212
-95.9738,300,6642.610476
-106.825555,300,6653.278989
-72.15043,300,6659.752488
-94.835869,300,6666.251839
-99.025643,300,6676.654509
-94.401592,300,6682.365421
-99.815841,300,6688.629716
-610.136193,24,6689.125306
-113.696263,300,6698.916957
-101.555302,300,6705.324103
-105.272883,300,6711.865466
-115.974747,300,6722.467604
-81.893508,300,6728.855306
-98.404305,300,6735.356253
-97.381077,300,6745.885119
-73.621939,300,6752.521143
-100.838342,300,6759.054687
-96.980018,300,6769.574387
-89.458579,300,6776.111671
-95.866999,300,6782.476774
-616.62981,32,6783.146829
-86.176945,300,6793.093477
-92.571967,300,6799.602097
-81.17942,300,6806.059277
-623.751881,52,6807.178741
-91.243357,300,6815.966666
-96.995676,300,6822.267074
-87.422713,300,6828.958735
-616.288607,31,6829.620635
-84.920603,300,6839.429228
-666.784779,201,6843.913657
-97.30362,300,6850.262192
-98.472186,300,6862.802761
-95.833068,300,6869.15048
-101.864661,300,6875.518052
-101.594929,300,6885.943976
-71.421497,300,6892.212917
-619.537093,39,6893.040583
-87.546025,300,6899.324744
-610.711571,34,6900.056837
-99.265806,300,6909.067331
-98.48886,300,6915.472882
-635.087745,101,6917.640398
-96.335191,300,6924.027726
-86.443889,300,6932.700506
-98.820323,300,6939.122015
-95.623523,300,6945.333368
-104.489012,300,6955.937889
-99.659067,300,6962.403803
-97.954773,300,6968.224578
-98.10797,300,6978.858179
-96.879198,300,6984.890868
-93.391697,300,6991.479526
-97.133637,300,7001.957865
-101.352717,300,7008.275086
-96.062713,300,7014.560085
-97.715044,300,7025.101415
-98.723587,300,7031.562997
-98.460054,300,7038.075652
-624.771714,67,7039.49887
-655.032486,156,7045.511956
-98.772428,300,7051.90481
-96.166708,300,7058.408085
-665.377894,214,7070.286311
-100.64193,300,7076.596729
-95.593845,300,7082.986215
-690.627804,282,7094.859083
-665.542536,207,7098.892889
-93.094087,300,7105.275565
-96.956706,300,7118.278163
-100.501505,300,7124.740679
-95.839835,300,7131.138625
-615.531763,29,7131.737969
-94.530285,300,7141.799677
-98.81562,300,7147.670284
-95.261685,300,7153.752937
-632.5554,71,7159.359947
-97.732542,300,7165.750268
-92.173324,300,7172.324339
-94.912753,300,7178.751978
-96.36987,300,7187.429107
-89.800911,300,7193.791521
-96.913405,300,7200.252788
-86.372801,300,7210.593555
-99.635812,300,7216.95614
-93.290269,300,7223.240334
-99.592936,300,7233.944218
-98.900052,300,7239.697504
-114.443338,300,7246.068476
-97.399153,300,7256.522639
-97.914314,300,7262.992342
-97.214872,300,7269.399255
-97.070196,300,7279.805509
-106.705534,300,7286.231409
-99.211777,300,7292.601378
-95.553027,300,7303.05969
-58.526376,300,7309.615459
-109.79161,300,7316.023155
-72.528585,300,7326.475102
-86.077971,300,7332.829004
-96.540395,300,7339.168652
-104.398076,300,7349.767762
-101.718478,300,7356.170269
-96.427481,300,7362.604214
-90.846684,300,7373.062398
-94.45662,300,7379.417959
-93.404106,300,7385.863584
-99.853491,300,7396.421116
-108.998512,300,7402.729212
-611.244806,41,7403.597505
-616.142153,34,7404.322248
-117.746949,300,7410.665382
-644.661992,96,7415.300206
-100.152422,300,7421.774921
-97.298831,300,7427.974718
-96.109945,300,7434.568503
-97.051456,300,7443.216316
-97.810851,300,7449.490468
-97.873072,300,7456.010765
-85.615335,300,7466.950176
-97.522203,300,7473.356606
-93.852503,300,7479.534408
-98.848481,300,7490.392215
-95.999883,300,7496.82327
-96.660622,300,7503.428165
-97.706823,300,7514.135364
-92.78278,300,7520.537026
-97.479883,300,7526.792151
-103.32001,300,7537.416694
-85.066769,300,7543.667691
-93.204116,300,7550.000329
-96.192331,300,7560.616533
-686.82206,272,7566.390605
-93.494833,300,7572.681316
-106.266352,300,7583.957406
-96.485049,300,7590.346612
-93.041754,300,7596.751663
-99.528267,300,7606.916576
-98.951004,300,7613.271819
-90.893047,300,7619.595937
-103.017246,300,7630.279912
-101.840557,300,7636.557806
-107.449847,300,7642.937934
-96.909774,300,7653.612675
-626.978244,60,7654.883031
-91.515829,300,7660.857492
-99.613281,300,7667.132516
-96.002431,300,7676.572523
-90.351723,300,7683.241677
-99.430432,300,7689.543583
-97.979448,300,7700.229861
-99.189834,300,7706.657417
-96.373862,300,7713.070015
-91.473064,300,7723.64687
-78.532372,300,7729.965215
-94.024229,300,7736.425708
-94.173131,300,7747.644631
-88.908466,300,7753.785214
-99.995102,300,7760.253248
-99.591362,300,7771.026152
-95.773239,300,7777.452965
-98.026986,300,7784.032396
-615.172619,30,7788.905998
-92.149973,300,7795.291292
-97.725942,300,7801.67409
-99.111719,300,7808.123268
-94.977851,300,7818.268845
-91.753319,300,7824.773002
-69.438938,300,7831.41737
-97.71545,300,7842.233956
-95.800982,300,7848.547734
-98.872847,300,7854.926476
-100.139545,300,7865.61692
-97.464397,300,7871.952796
-103.64954,300,7878.275602
-614.65544,31,7883.213828
-621.157191,50,7884.261978
-111.97478,300,7890.750294
-101.310112,300,7897.263621
-95.894063,300,7903.613282
-621.413885,40,7904.525198
-99.156375,300,7912.771786
-98.334836,300,7919.250761
-615.334632,30,7919.8987
-623.236127,44,7920.83871
-97.111649,300,7927.156269
-99.205195,300,7936.625611
-96.768898,300,7942.67199
-96.638162,300,7949.092892
-92.194944,300,7959.902397
-638.8101,92,7961.922673
-98.194362,300,7968.366414
-613.544727,46,7969.374027
-82.676834,300,7983.424577
-100.226064,300,7989.850102
-94.536447,300,7996.284805
-93.723108,300,8006.873955
-109.891845,300,8012.43577
-94.69802,300,8018.874948
-98.353569,300,8029.607059
-95.132312,300,8035.877836
-95.117919,300,8042.505658
-98.290167,300,8052.839669
-101.857938,300,8059.227514
-102.630379,300,8065.955207
-94.90829,300,8076.73146
-94.041234,300,8083.139053
-83.755573,300,8089.525115
-99.417509,300,8100.321077
-104.4746,300,8107.047528
-97.032549,300,8113.514629
-96.933414,300,8124.401844
-107.772896,300,8130.745859
-96.868468,300,8137.498746
-93.929276,300,8148.143972
-91.536245,300,8154.704585
-97.319914,300,8161.162861
-634.71786,93,8163.178854
-93.267677,300,8172.067508
-96.349532,300,8178.421039
-88.715658,300,8184.752034
-95.231549,300,8195.492459
-665.589803,185,8199.41195
-107.902143,300,8205.722799
-94.718966,300,8218.951097
-96.062858,300,8225.325174
-638.986181,121,8227.838173
-100.994648,300,8234.104686
-96.228171,300,8242.35044
-97.598083,300,8248.695313
-92.141168,300,8255.047112
-97.783235,300,8265.8506
-102.649624,300,8272.184283
-94.714858,300,8278.556027
-83.527602,300,8289.259049
-92.956557,300,8295.589526
-99.225662,300,8301.916501
-93.303695,300,8312.588938
-95.102072,300,8319.06032
-86.095527,300,8325.574178
-93.627439,300,8336.372829
-98.785006,300,8341.977923
-97.124718,300,8348.442144
-117.969666,300,8359.153326
-96.065709,300,8365.885298
-83.686963,300,8372.266675
-85.221246,300,8382.59656
-95.230783,300,8388.957958
-91.930721,300,8394.98685
-91.29124,300,8405.931491
-108.394993,300,8412.266405
-94.587939,300,8418.875214
-98.782856,300,8429.564905
-87.095639,300,8435.869965
-97.162212,300,8442.17752
-625.399192,59,8443.444595
-88.868323,300,8452.954271
-100.505839,300,8459.361588
-93.372378,300,8465.667196
-96.318989,300,8476.225576
-96.837111,300,8482.69004
-95.156551,300,8488.95552
-94.611964,300,8499.823605
-95.953936,300,8506.408137
-98.226701,300,8512.939857
-91.68671,300,8523.677168
-87.98779,300,8529.803315
-95.357423,300,8535.811759
-98.943294,300,8546.735581
-91.979075,300,8552.803492
-95.877599,300,8559.095353
-102.317546,300,8569.624463
-618.66971,38,8570.419622
-93.99313,300,8576.820403
-101.286468,300,8583.132551
-87.351082,300,8592.944351
-97.826441,300,8599.285197
-79.671114,300,8605.349087
-99.895968,300,8616.199616
-98.848148,300,8622.458897
-101.222867,300,8628.850172
-95.347567,300,8639.649531
-86.726538,300,8646.065876
-60.343299,300,8652.134659
-92.606638,300,8663.045408
-95.681851,300,8669.456586
-86.697451,300,8675.878734
-105.465373,300,8686.332293
-93.400304,300,8692.683614
-98.207088,300,8699.049536
-98.74897,300,8709.790894
-97.647101,300,8716.266822
-99.1644,300,8722.601797
-97.978089,300,8733.141245
-614.260374,27,8733.713583
-94.236724,300,8739.697752
-96.454383,300,8746.138264
-96.89644,300,8756.280607
-634.955249,68,8757.71942
-96.249225,300,8764.1292
-93.330956,300,8770.461296
-96.005471,300,8780.130993
-99.805472,300,8786.757565
-98.193271,300,8793.175261
-616.763541,32,8798.294571
-92.872053,300,8804.201407
-97.813125,300,8810.563023
-98.725744,300,8817.244384
-95.658222,300,8827.261261
-96.851316,300,8833.669201
-635.545197,113,8836.05109
-96.267572,300,8842.393335
-87.360758,300,8850.708762
-98.796813,300,8857.096792
-630.630008,89,8858.992018
-95.727761,300,8865.404747
-95.624215,300,8874.311328
-95.647478,300,8880.683906
-95.837896,300,8887.093836
-100.934666,300,8897.737769
-105.525282,300,8904.271162
-97.962432,300,8910.915792
-619.024601,40,8916.155276
-97.517781,300,8922.624695
-95.443855,300,8929.089939
-61.526692,300,8935.444484
-93.807787,300,8945.653846
-94.712458,300,8952.183447
-96.848324,300,8958.586527
-68.611182,300,8969.311764
-96.925375,300,8975.647025
-96.409941,300,8982.125065
-97.574925,300,8993.07
-95.550569,300,8999.407342
-88.423276,300,9005.704913
-95.964596,300,9016.602315
-97.460232,300,9022.026389
-98.432681,300,9028.516258
-66.007433,300,9039.374222
-98.164475,300,9045.718735
-93.606816,300,9051.92827
-672.274354,225,9061.204889
-97.400106,300,9067.979927
-93.231687,300,9074.383315
-624.773837,49,9075.465792
-663.743855,193,9084.587044
-72.782979,300,9090.672444
-81.335705,300,9096.596226
-95.860144,300,9110.299573
-96.091747,300,9116.72018
-109.80199,300,9123.165388
-98.282517,300,9134.850185
-61.697683,300,9141.262445
-94.029559,300,9147.806172
-101.221868,300,9158.770692
-93.40783,300,9165.071288
-88.934204,300,9171.597548
-115.180282,300,9182.574438
-86.750274,300,9188.903119
-92.304222,300,9195.376616
-93.358489,300,9206.212992
-99.33513,300,9212.590961
-95.790362,300,9218.849953
-88.401319,300,9229.928396
-89.382478,300,9236.672599
-101.892566,300,9243.271311
-95.019902,300,9254.053033
-96.374808,300,9260.512251
-109.931374,300,9266.828754
-95.237686,300,9277.265184
-689.296193,279,9283.074175
-96.053465,300,9289.483818
-638.443648,78,9291.149036
-95.270729,300,9300.606385
-98.016342,300,9307.164688
-94.098988,300,9313.643003
-613.284378,26,9318.77586
-96.952229,300,9325.22765
-94.500581,300,9331.768692
-83.706142,300,9338.284391
-93.120589,300,9348.557879
-98.730635,300,9354.862445
-90.100994,300,9361.318904
-612.200262,29,9361.922942
-99.690682,300,9372.589374
-98.859901,300,9379.126024
-96.884246,300,9385.629128
-98.348133,300,9396.491006
-98.240382,300,9402.856892
-95.022407,300,9409.213978
-97.133396,300,9420.338415
-112.195267,300,9426.617179
-103.633083,300,9432.73429
-86.499554,300,9443.842072
-82.574099,300,9450.194414
-96.814967,300,9456.534672
-97.05541,300,9467.424513
-99.012918,300,9473.710677
-97.170789,300,9480.322224
-94.114986,300,9491.124621
-665.018597,192,9495.293375
-89.030536,300,9501.503074
-96.700771,300,9514.294608
-96.308175,300,9520.750378
-100.642705,300,9527.112278
-80.034711,300,9538.080745
-97.645832,300,9544.579096
-99.874361,300,9550.809635
-98.771386,300,9561.809437
-96.155419,300,9568.17434
-94.832258,300,9574.552963
-97.064321,300,9584.893083
-93.014766,300,9591.195625
-95.392403,300,9597.654191
-84.885576,300,9608.470178
-99.395366,300,9614.829653
-97.701615,300,9621.050577
-96.011927,300,9631.87186
-62.923296,300,9637.854989
-94.684971,300,9644.178001
-77.158594,300,9655.216052
-623.8048,77,9656.934973
-99.807298,300,9663.384278
-98.501351,300,9669.787481
-98.466083,300,9679.336334
-97.452685,300,9685.724434
-78.528178,300,9692.070307
-94.677281,300,9703.063567
-95.116523,300,9709.460602
-611.506309,36,9710.237648
-620.8177,51,9711.313125
-99.960904,300,9717.728366
-615.25546,30,9718.370491
-58.273923,300,9727.247844
-614.244493,28,9727.827413
-93.235556,300,9734.294143
-92.767621,300,9740.67144
-93.135148,300,9751.336513
-94.186024,300,9758.084124
-630.412719,89,9759.96536
-96.97193,300,9766.515771
-96.021973,300,9775.542473
-91.668117,300,9782.101812
-93.408957,300,9788.448837
-92.663694,300,9799.588408
-72.989383,300,9806.207563
-615.542737,58,9807.415622
-73.503403,300,9813.41655
-97.261037,300,9823.070277
-92.213422,300,9829.493901
-95.078418,300,9835.648515
-104.359369,300,9846.728407
-93.907788,300,9853.042242
-96.678054,300,9859.402244
-98.495137,300,9870.31711
-104.551092,300,9876.673717
-85.488518,300,9882.893159
-96.700123,300,9893.946513
-96.949887,300,9900.488226
-95.164114,300,9907.111237
-97.478852,300,9918.315602
-670.628787,294,9924.716277
-79.370321,300,9931.211794
-625.248437,48,9937.038036
-98.071481,300,9943.560478
-96.68491,300,9949.918398
-96.609917,300,9956.414255
-96.990773,300,9966.168795
-95.842647,300,9972.423616
-624.67376,50,9973.486782
-77.268847,300,9979.955733
-94.28902,300,9990.037798
-97.296526,300,9996.577847
-610.869776,25,9997.1043
-100.179857,300,10003.818933
-82.337423,300,10014.538004
-117.500051,300,10021.221453
-98.530878,300,10027.700558
-56.649905,300,10038.75846
-93.840879,300,10045.230714
-96.718352,300,10051.760013
-85.009809,300,10062.81429
-97.997858,300,10069.182956
-93.039506,300,10075.665004
-627.780235,69,10081.72569
-77.617128,300,10088.359297
-97.855886,300,10094.753837
-93.821974,300,10100.758435
-103.334786,300,10110.513757
-98.287776,300,10116.976134
-624.536788,66,10118.386225
-99.518656,300,10124.890544
-112.502115,300,10134.743665
-93.934511,300,10141.630962
-95.392916,300,10148.156788
-96.13748,300,10159.134874
-96.400862,300,10165.211625
-59.369009,300,10171.702389
-94.505297,300,10182.853845
-87.397872,300,10189.296812
-97.526415,300,10195.572013
-92.998039,300,10206.77715
-80.214684,300,10213.136538
-98.910901,300,10219.43643
-97.206825,300,10230.664732
-97.467038,300,10236.979556
-72.057578,300,10243.301224
-97.347562,300,10254.042559
-38.450451,300,10260.564659
-95.959401,300,10267.023375
-101.102182,300,10278.424337
-661.906432,185,10282.376094
-97.853248,300,10288.706923
-94.364075,300,10302.331508
-616.251676,33,10303.037439
-89.076793,300,10309.565779
-91.458093,300,10315.917071
-95.376584,300,10326.415996
-86.073514,300,10332.758031
-625.467503,46,10333.728406
-113.92848,300,10340.03189
-85.712626,300,10350.19359
-99.370938,300,10356.834517
-98.216701,300,10363.175678
-94.937602,300,10374.273781
-94.362739,300,10380.402871
-95.110074,300,10386.943254
-95.809189,300,10398.156749
-626.726401,70,10399.68144
-97.177838,300,10406.10955
-82.94177,300,10412.656214
-95.833037,300,10422.34674
-95.206303,300,10428.69261
-101.742638,300,10435.11899
-100.312228,300,10446.389983
-78.873497,300,10452.912632
-83.875158,300,10458.922039
-92.3225,300,10470.166137
-80.936022,300,10476.637056
-61.507304,300,10483.330007
-93.379366,300,10494.535738
-99.658706,300,10500.92275
-66.601463,300,10507.266294
-96.544038,300,10518.47995
-65.411708,300,10524.951299
-630.905312,72,10526.451722
-104.721902,300,10532.907225
-90.538204,300,10542.69259
-90.388929,300,10549.067331
-642.208822,120,10551.701254
-97.494023,300,10558.196251
-94.661361,300,10567.062578
-85.07916,300,10573.411819
-93.987694,300,10579.802444
-98.459483,300,10590.908298
-98.75105,300,10596.811379
-609.102329,25,10597.345831
-98.531931,300,10603.933337
-99.597307,300,10614.479501
-90.993098,300,10620.895421
-68.090386,300,10627.096867
-98.017268,300,10638.178221
-87.098052,300,10644.607198
-60.677416,300,10651.105964
-97.624369,300,10662.302697
-87.456654,300,10668.771902
-84.587851,300,10675.269294
-99.843069,300,10686.395099
-94.338473,300,10692.734705
-91.691152,300,10699.153297
-94.473047,300,10709.609266
-104.317376,300,10716.07476
-97.964047,300,10722.42098
-105.685817,300,10733.500381
-84.964821,300,10739.500825
-95.557359,300,10745.769469
-64.066903,300,10756.956841
-83.940352,300,10763.307769
-80.860268,300,10769.442949
-625.373751,47,10770.433625
-96.46606,300,10780.648885
-91.544333,300,10786.990854
-616.714761,37,10787.769569
-91.974041,300,10794.491783
-95.528399,300,10804.74541
-97.127369,300,10811.278356
-65.959439,300,10817.654127
-85.26507,300,10828.787626
-94.54697,300,10835.195713
-69.569743,300,10841.661659
-95.374739,300,10852.95478
-97.591824,300,10859.195189
-109.279573,300,10865.54327
-97.943877,300,10876.811036
-79.479269,300,10883.240877
-91.305945,300,10889.866716
-103.126477,300,10901.299962
-97.504568,300,10907.798985
-97.116472,300,10914.197572
-97.199287,300,10925.19977
-628.995361,83,10926.942575
-105.040016,300,10933.433783
-98.156136,300,10939.862839
-97.72063,300,10949.430048
-95.848477,300,10956.120238
-99.121395,300,10962.555143
-95.297749,300,10973.409753
-78.841811,300,10979.751703
-619.033383,71,10981.313062
-95.033121,300,10987.594304
-81.542504,300,10997.3256
-98.931818,300,11003.804771
-97.448036,300,11010.130595
-98.943638,300,11021.374101
-97.98877,300,11027.699027
-86.018513,300,11034.084947
-105.7103,300,11045.154923
-96.356662,300,11051.47814
-80.566353,300,11057.818415
-98.603232,300,11068.909242
-96.505697,300,11075.37746
-80.666485,300,11081.792629
-100.994104,300,11092.830494
-98.457703,300,11099.126604
-92.266639,300,11105.7081
-94.430353,300,11117.119616
-104.297331,300,11123.452113
-97.939183,300,11129.893699
-95.885432,300,11140.601873
-101.752657,300,11146.661591
-73.011056,300,11152.989142
-96.87283,300,11164.269778
-66.058288,300,11170.825804
-94.913986,300,11177.260114
-99.869319,300,11188.472975
-97.184856,300,11194.865093
-107.081004,300,11201.325751
-97.574164,300,11212.553407
-97.330096,300,11219.084724
-77.85029,300,11225.198366
-99.719463,300,11236.485176
-609.737392,36,11237.237856
-56.755555,300,11243.561303
-103.869769,300,11250.071379
-93.162988,300,11260.403267
-103.41239,300,11266.799456
-633.682768,85,11268.610549
-58.599928,300,11275.183842
-77.127679,300,11284.672303
-93.147494,300,11291.163166
-65.141816,300,11297.592171
-96.305049,300,11309.136225
-631.466893,65,11310.561482
-85.552168,300,11317.042292
-95.104134,300,11323.418044
-93.034613,300,11333.162133
-87.307119,300,11339.13541
-98.177519,300,11345.663466
-89.344984,300,11357.077695
-613.666458,29,11357.680166
-74.745171,300,11364.020322
-105.919521,300,11370.54729
-94.990412,300,11381.658828
-92.168782,300,11388.228498
-95.816474,300,11394.706048
-622.834194,46,11395.687537
-77.311728,300,11405.989405
-607.370169,29,11406.607422
-91.386669,300,11412.651573
-98.13973,300,11418.927177
-98.506651,300,11429.606422
-70.807171,300,11435.394442
-96.995777,300,11441.723868
-79.324049,300,11452.783521
-102.654644,300,11459.181352
-91.971896,300,11465.494081
-98.009802,300,11476.746483
-104.763023,300,11483.051105
-95.935707,300,11489.599224
-53.173167,300,11501.077101
-51.273931,300,11507.397417
-94.946672,300,11514.003458
-642.593267,95,11520.851327
-115.625376,300,11527.226562
-92.103587,300,11533.65038
-97.923591,300,11540.059198
-96.437545,300,11549.285164
-61.036784,300,11555.810829
-96.810307,300,11562.225183
-626.445615,135,11570.038314
-97.092796,300,11576.516368
-110.483984,300,11582.974161
-55.925814,300,11597.913036
-99.593767,300,11604.433724
-90.607246,300,11610.674882
-86.008053,300,11622.238558
-63.333195,300,11628.459573
-96.236194,300,11634.057376
-82.806903,300,11645.191192
-97.391004,300,11651.575687
-616.837103,32,11652.266361
-634.465789,95,11654.278822
-94.805937,300,11669.025951
-672.273378,244,11674.317106
-95.968583,300,11680.666914
-72.743903,300,11693.134474
-628.879579,78,11694.770372
-95.70289,300,11701.242719
-97.431121,300,11707.656363
-104.322609,300,11716.619788
-90.08356,300,11722.90421
-94.626938,300,11729.272134
-117.820467,300,11740.316881
-634.141528,66,11741.711459
-87.144348,300,11748.006951
-80.646597,300,11754.242047
-97.453378,300,11763.641109
-89.306691,300,11770.141979
-57.284173,300,11776.3997
-91.594454,300,11787.976493
-91.9044,300,11794.426236
-95.93732,300,11800.908406
-97.560218,300,11811.84263
-97.301529,300,11818.038985
-95.303827,300,11824.557747
-96.309829,300,11836.080656
-625.186666,50,11837.13442
-622.00421,58,11838.377831
-606.65488,27,11838.939244
-102.476482,300,11845.255493
-97.35142,300,11860.427487
-93.085557,300,11866.843663
-611.340362,26,11867.410468
-91.594044,300,11873.654126
-98.703639,300,11884.495277
-96.703546,300,11890.876788
-96.12258,300,11896.93769
-609.74058,45,11897.898575
-79.042666,300,11908.296779
-84.504747,300,11914.415779
-619.965845,42,11915.33128
-65.786895,300,11921.630161
-80.744564,300,11932.151444
-95.838337,300,11938.63993
-78.047655,300,11945.076185
-641.649195,106,11947.239394
-101.832495,300,11956.36381
-95.256276,300,11962.336424
-93.890184,300,11968.657794
-62.358459,300,11980.463812
-98.563961,300,11986.896801
-31.515026,300,11993.409898
-628.788558,55,11999.676894
-98.187497,300,12006.013387
-85.230285,300,12012.412143
-65.648807,300,12018.982571
-98.835657,300,12029.066109
-74.625611,300,12035.506819
-90.599564,300,12041.929664
-97.682288,300,12053.896065
-619.27092,54,12055.037346
-107.074182,300,12061.301756
-631.435031,149,12064.494651
-643.690327,207,12076.095609
-70.792719,300,12082.500632
-626.383332,101,12084.656907
-95.189775,300,12091.124838
-105.892536,300,12102.606769
-101.345416,300,12108.948337
-103.942394,300,12115.254246
-95.866437,300,12126.174313
-93.756847,300,12132.654423
-25.132897,300,12139.032272
-90.546443,300,12150.347189
-102.123064,300,12156.802124
-97.147036,300,12163.161914
-617.414796,37,12163.935899
-73.002288,300,12174.691999
-93.437191,300,12181.178092
-639.36553,103,12183.369408
-618.58178,36,12184.125963
-102.14892,300,12198.922238
-620.421101,43,12199.825736
-95.997481,300,12206.16838
-93.712105,300,12212.558247
-92.093824,300,12223.182204
-115.981926,300,12229.660638
-106.432568,300,12236.041898
-97.547108,300,12247.131977
-65.644208,300,12253.404778
-98.185263,300,12259.995233
-650.604326,113,12262.291315
-96.48434,300,12271.475742
-96.751593,300,12277.852589
-102.498021,300,12284.554726
-80.781749,300,12295.971334
-99.866735,300,12302.513096
-95.564656,300,12308.884867
-641.111136,95,12315.897887
-95.765266,300,12322.400071
-639.868974,85,12324.196666
-623.402795,47,12325.176209
-613.996599,46,12326.126131
-618.985852,67,12327.533781
-89.714636,300,12333.712282
-95.183731,300,12343.708928
-608.779534,31,12344.378617
-104.9275,300,12350.686669
-666.630303,152,12353.799279
-659.066538,189,12357.820689
-61.864888,300,12367.596011
-106.665314,300,12373.992915
-91.986572,300,12380.339709
-77.939434,300,12391.829108
-624.710758,49,12392.864997
-76.026212,300,12398.653183
-98.040766,300,12404.891661
-621.800649,76,12410.525347
-98.776011,300,12416.939338
-80.156466,300,12423.477015
-620.199292,94,12425.420848
-90.575989,300,12439.572054
-616.723206,42,12440.479917
-78.347688,300,12446.943768
-97.790661,300,12453.2865
-90.775165,300,12463.862158
-620.545222,40,12464.708334
-93.105326,300,12471.099373
-616.254353,31,12471.765764
-635.457092,117,12474.340503
-107.724879,300,12488.060387
-74.929306,300,12494.338169
-635.068231,146,12497.52457
-92.366302,300,12512.24149
-93.606876,300,12518.68244
-655.658061,152,12521.8695
-102.746416,300,12536.719426
-92.043601,300,12543.186446
-97.816967,300,12549.625439
-96.164069,300,12560.926968
-97.935338,300,12567.40221
-96.823791,300,12573.347969
-97.791036,300,12585.202161
-627.633575,54,12586.412863
-98.43183,300,12593.013102
-80.697153,300,12599.368274
-606.151217,36,12600.137735
-93.351373,300,12609.804415
-103.565931,300,12616.424262
-87.067396,300,12622.720768
-94.93844,300,12634.077694
-92.489376,300,12640.165898
-90.276514,300,12646.397351
-617.986062,57,12647.603484
-691.475469,202,12655.779598
-618.844976,63,12657.164693
-95.337324,300,12663.487055
-97.447039,300,12669.854801
-89.836198,300,12681.889673
-627.668702,62,12683.19086
-95.252225,300,12689.512691
-85.231033,300,12696.023824
-94.677591,300,12706.185126
-98.038278,300,12712.731599
-90.973561,300,12719.062757
-622.40279,42,12724.923284
-95.878126,300,12731.304116
-630.098175,68,12732.771803
-98.715652,300,12739.208012
-93.918554,300,12745.688014
-89.991052,300,12754.778162
-115.01528,300,12761.134383
-97.254297,300,12767.427788
-639.969674,94,12774.756981
-614.064213,28,12775.373123
-96.944105,300,12781.597188
-98.987713,300,12787.805346
-636.111924,153,12791.032703
-95.218939,300,12803.091172
-89.246582,300,12809.550917
-92.976153,300,12816.129402
-93.978542,300,12828.005273
-619.504042,97,12829.977583
-98.982599,300,12836.275729
-98.424393,300,12842.44833
-638.928935,150,12848.755516
-97.348051,300,12855.177099
-94.393792,300,12862.001844
-98.958003,300,12877.09659
-74.310459,300,12883.526312
-99.041868,300,12889.761474
-73.338839,300,12901.243469
-612.030015,25,12901.782284
-97.040746,300,12908.539779
-626.371824,48,12909.567669
-90.910217,300,12915.912373
-103.472039,300,12926.083464
-714.510851,289,12932.437809
-641.746599,147,12935.55036
-622.043221,76,12937.163524
-617.229254,60,12938.474367
-97.454708,300,12950.548065
-96.30754,300,12957.160589
-96.776792,300,12963.560206
-630.191645,73,12971.179696
-89.443134,300,12977.651967
-97.035593,300,12983.934925
-111.046761,300,12990.245935
-96.405654,300,13000.56812
-640.009152,97,13002.645986
-98.114444,300,13009.09487
-99.525424,300,13014.954638
-620.152102,79,13019.811472
-97.26753,300,13026.366914
-93.588994,300,13032.86204
-98.778367,300,13039.040414
-638.497298,100,13044.605597
-622.353718,51,13045.674549
-82.845563,300,13052.199976
-88.521072,300,13058.613952
-612.915843,36,13067.656224
-88.981606,300,13074.138274
-85.846851,300,13080.392819
-96.916852,300,13086.779068
-71.985784,300,13097.84295
-87.978245,300,13104.868741
-86.955334,300,13111.341327
-627.800035,55,13117.797123
-647.352373,113,13120.248304
-99.633529,300,13126.61304
-625.072812,73,13128.168202
-96.786036,300,13134.74921
-605.654102,29,13135.37989
-99.640659,300,13147.611418
-65.479808,300,13154.160156
-82.736178,300,13160.283594
-620.580091,50,13166.639955
-639.61439,96,13168.66338
-72.518876,300,13175.007904
-99.130331,300,13181.325773
-97.607042,300,13195.896298
-664.290608,248,13201.074613
-97.007197,300,13207.567012
-94.414133,300,13220.151394
-90.192158,300,13226.64911
-85.203258,300,13232.251191
-622.322352,93,13239.169093
-101.056079,300,13245.128359
-72.845591,300,13251.364868
-111.140536,300,13258.004035
-96.775813,300,13267.442146
-610.345166,23,13267.923217
-623.108364,60,13269.217301
-98.396795,300,13275.244101
-94.584681,300,13281.769172
-98.695867,300,13291.550181
-95.738098,300,13298.08311
-619.656314,59,13299.344117
-621.785501,46,13300.317804
-679.421467,269,13306.349523
-96.601685,300,13316.391195
-103.972668,300,13322.656252
-93.834589,300,13329.091709
-92.53695,300,13340.724082
-615.920673,34,13341.437075
-654.658973,126,13344.208183
-95.373095,300,13350.094257
-632.223825,82,13351.810122
-101.332687,300,13364.777816
-86.40112,300,13370.754272
-93.71078,300,13376.671347
-79.270285,300,13388.082237
-76.223286,300,13394.131978
-98.648201,300,13400.436884
-96.403285,300,13412.123749
-621.85281,45,13413.082256
-611.217536,30,13413.738559
-108.651594,300,13420.327556
-90.969036,300,13426.65557
-622.802088,44,13431.285712
-69.440504,300,13437.557895
-93.847628,300,13443.546169
-98.35398,300,13449.904304
-618.898471,41,13450.764118
-99.189191,300,13460.385223
-94.288934,300,13466.785211
-97.081313,300,13473.349198
-61.234587,300,13484.989127
-628.114186,52,13486.10706
-98.790901,300,13492.57971
-94.280971,300,13498.682102
-78.70023,300,13509.249666
-97.839323,300,13515.36538
-117.3534,300,13521.753775
-641.915517,128,13529.607427
-98.99757,300,13535.827149
-97.606521,300,13542.162119
-667.161707,216,13555.330366
-87.108543,300,13561.61003
-93.824887,300,13567.941255
-103.54994,300,13581.367069
-100.679015,300,13587.948354
-101.603291,300,13594.452271
-98.014338,300,13606.288557
-638.476667,92,13608.219293
-73.2022,300,13614.420163
-96.230482,300,13621.234825
-624.389231,59,13625.782978
-607.209118,32,13626.454442
-84.029404,300,13633.229243
-97.211149,300,13639.805749
-98.869482,300,13645.751806
-98.964213,300,13655.810344
-97.73045,300,13662.27916
-96.632884,300,13668.573267
-75.595056,300,13679.946456
-609.784174,25,13680.496279
-99.338867,300,13687.001714
-77.160724,300,13693.369481
-95.18421,300,13703.951407
-617.128077,43,13704.86312
-622.683316,55,13706.045209
-93.913904,300,13712.488545
-104.729594,300,13718.820542
-99.810904,300,13728.409293
-606.846453,27,13728.989306
-664.519698,203,13733.357141
-617.586999,51,13734.42933
-104.194452,300,13741.042356
-98.057996,300,13752.921613
-91.981143,300,13759.430711
-89.838845,300,13765.895184
-94.364525,300,13777.388826
-610.783278,24,13777.928548
-611.764144,27,13778.502004
-97.508639,300,13784.857157
-646.300052,149,13787.95402
-654.069499,146,13791.123922
-96.600861,300,13801.784591
-638.308809,90,13803.734523
-95.833959,300,13810.098316
-67.097986,300,13816.636898
-98.503698,300,13826.380012
-94.039764,300,13832.513191
-66.71849,300,13838.810223
-98.855167,300,13850.80849
-618.240675,88,13852.643514
-76.915725,300,13859.025218
-624.246296,53,13860.150494
-96.650276,300,13875.084607
-71.829381,300,13881.30837
-96.30471,300,13887.791007
-98.001484,300,13899.474557
-95.699663,300,13905.767367
-650.466906,160,13909.137051
-100.985994,300,13923.773247
-96.681359,300,13929.720433
-90.472537,300,13936.064713
-96.75731,300,13947.622255
-631.468525,63,13948.974322
-89.29582,300,13955.69713
-83.512899,300,13961.545579
-98.262012,300,13971.583294
-620.43391,99,13973.758074
-85.10371,300,13979.860953
-634.873928,99,13981.965854
-621.307245,71,13990.835687
-97.078907,300,13997.190434
-101.672759,300,14003.519548
-130.22298,300,14009.870349
-630.240839,92,14015.600184
-93.055163,300,14022.192124
-624.021836,65,14023.537119
-626.383813,80,14025.184628
-102.837336,300,14031.427187
-613.920989,35,14038.703248
-97.376836,300,14045.288085
-85.586739,300,14051.723914
-87.39233,300,14058.011599
-90.738703,300,14069.071766
-95.438024,300,14075.384811
-69.931441,300,14081.730165
-613.156825,44,14082.668053
-634.310734,91,14089.220302
-96.734297,300,14095.706943
-93.372603,300,14102.250909
-94.677361,300,14108.701189
-98.605465,300,14118.50471
-99.955546,300,14124.269571
-96.443338,300,14130.655882
-62.242224,300,14142.463104
-103.050692,300,14148.817638
-663.098516,294,14155.073319
-90.12664,300,14167.09845
-74.093541,300,14173.352203
-90.392863,300,14179.710408
-631.372835,74,14181.322698
-98.743052,300,14191.472125
-620.492681,38,14192.273067
-97.412997,300,14198.66915
-98.077498,300,14205.350343
-68.513974,300,14216.395275
-71.299023,300,14222.848153
-73.276178,300,14229.112783
-97.473463,300,14240.967445
-85.184398,300,14247.346195
-84.528344,300,14253.709551
-611.794873,25,14254.252901
-628.991427,59,14255.50936
-95.675572,300,14265.296602
-93.648482,300,14271.710448
-94.616228,300,14278.265074
-91.522342,300,14290.315924
-661.668962,233,14295.374007
-106.636185,300,14301.734102
-92.397358,300,14314.741352
-629.233617,88,14316.590545
-621.370248,54,14317.769571
-92.275063,300,14324.150097
-97.692553,300,14339.517755
-627.018311,120,14342.044548
-96.456562,300,14348.435372
-83.343458,300,14354.960152
-94.982753,300,14364.456869
-60.770371,300,14371.021261
-640.455792,82,14372.738803
-650.83398,107,14375.083206
-616.546831,33,14383.690552
-661.414546,152,14386.934327
-83.015051,300,14393.242432
-678.20325,290,14399.429101
-614.545073,29,14408.240557
-98.068345,300,14414.688212
-87.373332,300,14421.359478
-643.291273,134,14424.134688
-89.886081,300,14438.85077
-100.873236,300,14445.321021
-96.899388,300,14451.400887
-670.497194,262,14462.393604
-80.556349,300,14468.796861
-622.357656,72,14470.349271
-96.539028,300,14477.07847
-643.569401,87,14483.689324
-67.21904,300,14489.811121
-646.714112,104,14492.055057
-94.634848,300,14498.660292
-621.002115,43,14507.393439
-607.429051,28,14507.982064
-618.416671,43,14508.90307
-95.315455,300,14515.216849
-624.439231,48,14516.206238
-615.915266,43,14517.131425
-636.644289,84,14518.878259
-617.677256,61,14520.174968
-84.012233,300,14526.524982
-627.46647,58,14532.00741
-93.29476,300,14538.319685
-96.044874,300,14544.74196
-95.072817,300,14551.403624
-99.378456,300,14562.05419
-98.075725,300,14568.448852
-628.276222,63,14569.791314
-670.351371,277,14575.455836
-98.080164,300,14586.359084
-673.497631,280,14592.366504
-656.093851,150,14595.52333
-686.921079,185,14608.797813
-611.079821,27,14609.357383
-91.179766,300,14615.733853
-97.927343,300,14621.9482
-614.562262,31,14622.611537
-97.343543,300,14635.603647
-620.66603,47,14636.580608
-97.685792,300,14642.566497
-98.221254,300,14649.114266
-666.958854,148,14656.80932
-89.481697,300,14662.805196
-617.801146,43,14663.745705
-98.739814,300,14670.429771
-101.395957,300,14684.516735
-633.676837,128,14687.277886
-636.13112,74,14688.875362
-629.242075,93,14690.861274
-652.557983,148,14694.061377
-612.086731,25,14703.591476
-626.300562,126,14706.159036
-94.13108,300,14712.718245
-82.453363,300,14718.936604
-97.720417,300,14734.241788
-96.544126,300,14740.642931
-94.402177,300,14747.204739
-623.48271,52,14753.845062
-625.99288,126,14756.654369
-626.061604,66,14758.049846
-630.104258,79,14759.740403
-96.204772,300,14766.249496
-605.562566,25,14766.766917
-101.908615,300,14773.10804
-94.281175,300,14783.788067
-626.837014,64,14785.122423
-97.94622,300,14791.665467
-81.357281,300,14797.44473
-97.597752,300,14807.855834
-96.723262,300,14814.249334
-610.046346,45,14815.205759
-104.482213,300,14821.302361
-85.058197,300,14832.148251
-627.852223,141,14835.174697
-648.106382,191,14839.216522
-670.077517,269,14845.080251
-629.861792,86,14846.971598
-29.055193,300,14857.055513
-108.609207,300,14863.068025
-92.225645,300,14869.510826
-642.378215,205,14879.443004
-631.996326,94,14881.453238
-95.543402,300,14887.752923
-100.043625,300,14894.302563
-627.31547,80,14901.438447
-60.89704,300,14907.948385
-625.702084,129,14910.73736
-97.256821,300,14916.944551
-642.801377,94,14918.984785
-623.501936,72,14920.521498
-95.853678,300,14930.889345
-630.188489,138,14933.816123
-622.902936,68,14935.327524
-104.394815,300,14941.737107
-618.801976,80,14950.759955
-91.908153,300,14957.079729
-81.018881,300,14963.450659
-102.527681,300,14970.002804
-96.503934,300,14980.101847
-77.359842,300,14986.790225
-674.361663,237,14991.844483
-96.204872,300,15005.108199
-99.002259,300,15011.397655
-87.178092,300,15017.751252
-619.9479,82,15024.874422
-77.710507,300,15031.475508
-95.327584,300,15037.948622
-93.042418,300,15044.447623
-98.744648,300,15054.376892
-98.865196,300,15060.685049
-96.57927,300,15066.983009
-633.744374,87,15068.840478
-89.08567,300,15078.630246
-637.685932,85,15080.424314
-614.394551,94,15082.447152
-74.717737,300,15088.93102
-71.435392,300,15103.222788
-97.47076,300,15109.426933
-88.604921,300,15115.890502
-103.466554,300,15127.612254
-97.578874,300,15133.994518
-654.068313,138,15137.008572
-99.353002,300,15152.096411
-86.175202,300,15158.445472
-96.07935,300,15164.919666
-93.864857,300,15176.482198
-94.20079,300,15182.991913
-97.525745,300,15189.312968
-99.129909,300,15201.129931
-618.797487,92,15203.091922
-90.043908,300,15209.555315
-97.26727,300,15215.96782
-94.991684,300,15225.96248
-91.856598,300,15232.393287
-94.940963,300,15238.566602
-99.209329,300,15250.381325
-99.965402,300,15256.870228
-80.808271,300,15263.331982
-104.724197,300,15275.197553
-87.459743,300,15281.657809
-637.783243,90,15283.575332
-641.801396,123,15286.215169
-622.326663,75,15287.816757
-67.199382,300,15299.898094
-95.552393,300,15306.175132
-632.891019,65,15307.548825
-614.552071,48,15308.541012
-619.671646,59,15309.789114
-79.895659,300,15324.909008
-635.40503,110,15327.17654
-54.54336,300,15333.567222
-79.957579,300,15340.083941
-96.743919,300,15349.508963
-632.453538,74,15351.009594
-96.899657,300,15357.347354
-86.213598,300,15363.67834
-79.741437,300,15374.017009
-97.106574,300,15380.73193
-98.796492,300,15387.153337
-675.81831,298,15398.990334
-83.961433,300,15405.427212
-97.227049,300,15411.73812
-103.120832,300,15423.163584
-99.241342,300,15429.492764
-96.937697,300,15435.868786
-620.140397,91,15437.738328
-90.80474,300,15447.56486
-96.510157,300,15453.934137
-108.315383,300,15460.237908
-610.599742,37,15461.043269
-98.84741,300,15472.019252
-100.422935,300,15478.314476
-613.784966,37,15479.092854
-637.221483,120,15481.629327
-93.376783,300,15496.497157
-638.070275,81,15498.244733
-94.727223,300,15504.407582
-51.581796,300,15511.025522
-97.955756,300,15521.105546
-98.086864,300,15527.344378
-100.631443,300,15533.951305
-74.00933,300,15545.757195
-665.337008,203,15550.090865
-658.454358,138,15552.971221
-95.455264,300,15559.413181
-92.687212,300,15570.044984
-82.212773,300,15576.409046
-97.263295,300,15582.88387
-624.324495,85,15590.127238
-83.36488,300,15596.524735
-94.620257,300,15602.8397
-636.460491,87,15604.702699
-624.448589,64,15606.024102
-609.666511,26,15613.346822
-83.807148,300,15619.630344
-610.026234,23,15620.123301
-94.112131,300,15626.560546
-97.853214,300,15632.91467
-83.159752,300,15643.728266
-635.266279,130,15646.528719
-73.482227,300,15652.916882
-97.122163,300,15668.736988
-97.617031,300,15675.279684
-98.154672,300,15681.977836
-89.130477,300,15693.669345
-639.627011,134,15696.569083
-80.072734,300,15702.883556
-94.219215,300,15718.390911
-642.44205,137,15721.244941
-96.022057,300,15727.939213
-89.228911,300,15742.739363
-91.515349,300,15749.047511
-98.606888,300,15755.366574
-96.249141,300,15767.440258
-99.193468,300,15773.827085
-68.016312,300,15780.153092
-94.391037,300,15792.084491
-649.680412,121,15794.704854
-65.909855,300,15801.334918
-619.060681,40,15802.165461
-95.869151,300,15817.011871
-94.236894,300,15823.43441
-100.668938,300,15830.011875
-101.02875,300,15841.963776
-88.596793,300,15847.468446
-633.873395,69,15848.917423
-66.740325,300,15855.281397
-612.88835,26,15859.872925
-97.565195,300,15866.239394
-100.059254,300,15872.624932
-89.60269,300,15878.984632
-96.956192,300,15890.202927
-97.004998,300,15896.612384
-87.374699,300,15903.234869
-90.752318,300,15915.111529
-102.978856,300,15921.726238
-93.297885,300,15927.723017
-606.951023,30,15928.36519
-96.791283,300,15939.197291
-634.601322,118,15941.717299
-91.928525,300,15948.353823
-91.251279,300,15954.757037
-87.508657,300,15964.36428
-97.163834,300,15971.038479
-107.32306,300,15977.438825
-97.109481,300,15989.347526
-82.046459,300,15995.759984
-88.293142,300,16001.683559
-622.612801,45,16008.086476
-96.402815,300,16014.662934
-113.790098,300,16021.188451
-98.175349,300,16027.536252
-107.346418,300,16038.515105
-84.476473,300,16044.997587
-97.797538,300,16051.353566
-83.580909,300,16063.334764
-610.87175,32,16064.018649
-612.017054,25,16064.559085
-107.801537,300,16071.07211
-91.537273,300,16077.537525
-85.572504,300,16088.215074
-97.330776,300,16094.613469
-107.034213,300,16100.90787
-96.69931,300,16112.975748
-96.766338,300,16119.420464
-91.466226,300,16125.616793
-637.283075,122,16133.681231
-94.537904,300,16140.046499
-95.167757,300,16146.154455
-99.745745,300,16152.499453
-81.865485,300,16162.091363
-98.501291,300,16168.595789
-99.379826,300,16175.103065
-87.978171,300,16186.314909
-75.700253,300,16192.570467
-620.605705,57,16193.750893
-95.698318,300,16200.096346
-621.16259,75,16206.1267
-82.578465,300,16212.504167
-95.502176,300,16218.835195
-97.71574,300,16225.300124
-663.526626,202,16234.034524
-98.568502,300,16240.3945
-100.475372,300,16246.732209
-89.255854,300,16261.739282
-98.012583,300,16268.150959
-80.385986,300,16274.653866
-107.061319,300,16286.551672
-98.712839,300,16292.78055
-93.825511,300,16299.437254
-98.29929,300,16311.453506
-110.974194,300,16317.907276
-95.271283,300,16324.311779
-100.034821,300,16336.167015
-101.278118,300,16342.420053
-97.410121,300,16348.926688
-612.419797,27,16349.481488
-614.96261,34,16355.138984
-111.757609,300,16361.170213
-97.096236,300,16367.258956
-630.615329,59,16368.527094
-95.809655,300,16374.985784
-92.516447,300,16385.102043
-635.310834,98,16387.217886
-630.869051,59,16388.445449
-94.008722,300,16394.981476
-652.262548,140,16406.565697
-93.144883,300,16413.071638
-80.06537,300,16419.350431
-88.455348,300,16434.287007
-71.19697,300,16440.731914
-75.961945,300,16446.609122
-633.095143,105,16454.427852
-96.951489,300,16460.440961
-95.187289,300,16466.796363
-98.730395,300,16473.103952
-95.273561,300,16482.935832
-52.511237,300,16489.203307
-93.964676,300,16495.560965
-96.311636,300,16507.613132
-97.14674,300,16514.001749
-122.26034,300,16520.330476
-96.403095,300,16532.425968
-99.712801,300,16538.534587
-88.88618,300,16544.921059
-99.74674,300,16556.928713
-97.140901,300,16562.962325
-94.76068,300,16569.39483
-97.380194,300,16581.471538
-109.750061,300,16588.00691
-100.318052,300,16594.370689
-66.777075,300,16606.273502
-97.202851,300,16612.607947
-92.196553,300,16619.040681
-61.386831,300,16630.856247
-98.606161,300,16637.205231
-82.402489,300,16643.59322
-99.168655,300,16655.691089
-100.990736,300,16662.012779
-96.300933,300,16668.292956
-90.052729,300,16680.175575
-630.211348,74,16681.789986
-75.849812,300,16688.159553
-100.018474,300,16694.51405
-88.092017,300,16705.402206
-76.280518,300,16711.821553
-619.118248,92,16713.727173
-97.340737,300,16720.334893
-96.799496,300,16729.817434
-96.072943,300,16736.386354
-93.564842,300,16742.900128
-98.738765,300,16754.659945
-79.86262,300,16761.099747
-613.405439,26,16761.643292
-97.958901,300,16767.820539
-91.895476,300,16779.102272
-98.122641,300,16785.600245
-124.765736,300,16792.120017
-87.279837,300,16804.226487
-97.671095,300,16810.577649
-96.854547,300,16816.937768
-90.647844,300,16829.246198
-82.742005,300,16835.773248
-95.381277,300,16842.099024
-96.629988,300,16853.778358
-46.355046,300,16860.157859
-100.033925,300,16866.388945
-90.314229,300,16878.219009
-104.808324,300,16884.700617
-618.744051,45,16885.649507
-97.840505,300,16892.049171
-97.518372,300,16902.934127
-627.311163,53,16904.053557
-97.094194,300,16910.381976
-96.728371,300,16916.860188
-97.000842,300,16927.697414
-97.585196,300,16934.23948
-74.655755,300,16940.734804
-679.943861,244,16951.706156
-97.211807,300,16958.16859
-619.207036,37,16958.949368
-97.729197,300,16965.034084
-99.319234,300,16977.413193
-95.19288,300,16983.951648
-94.117785,300,16990.362909
-97.629393,300,17002.521212
-98.696655,300,17008.48438
-83.199225,300,17014.854208
-92.800796,300,17026.755911
-97.416368,300,17033.158487
-97.318713,300,17039.61106
-99.252812,300,17051.600408
-97.335147,300,17058.070255
-616.616907,36,17058.833168
-98.671114,300,17065.222156
-98.421592,300,17076.653115
-98.607922,300,17083.061547
-93.229924,300,17089.539909
-94.524076,300,17101.382767
-107.073404,300,17107.817134
-89.813788,300,17114.192086
-107.539779,300,17126.135982
-96.484051,300,17132.247012
-96.234252,300,17138.541787
-95.123048,300,17150.510226
-99.614483,300,17156.78914
-97.44056,300,17163.112777
-631.057283,75,17170.449907
-72.902159,300,17176.789316
-97.359489,300,17183.279937
-81.873663,300,17189.64518
-96.619955,300,17200.218238
-97.055399,300,17206.994424
-630.030001,136,17209.812625
-654.449827,204,17222.903856
-74.341676,300,17229.246167
-85.464293,300,17235.257568
-615.012108,28,17235.85004
-98.565493,300,17249.319127
-616.06194,56,17250.500567
-94.321901,300,17256.886181
-98.755888,300,17263.164347
-97.271308,300,17274.035958
-95.93846,300,17280.346659
-98.491993,300,17286.711941
-86.370152,300,17298.91119
-97.319768,300,17305.273785
-97.776963,300,17311.326056
-53.84438,300,17323.468087
-636.025077,118,17325.92577
-99.574341,300,17332.26393
-655.273706,172,17335.895753
-92.862576,300,17348.23187
-98.49912,300,17354.572948
-97.282521,300,17360.966779
-96.658473,300,17373.009607
-94.900085,300,17379.325425
-671.657874,252,17384.740615
-90.393178,300,17397.776216
-74.677501,300,17404.162101
-78.350773,300,17410.751094
-609.115625,26,17411.30347
-97.439105,300,17422.853698
-646.261081,103,17425.033381
-90.149032,300,17431.41416
-99.810087,300,17437.955703
-97.235327,300,17448.091973
-97.062682,300,17454.610981
-97.099224,300,17460.943211
-24.981294,300,17472.900704
-631.112094,111,17475.213682
-89.381213,300,17481.713452
-96.76265,300,17487.97331
-615.763498,34,17492.076783
-612.263561,27,17492.639158
-654.779167,191,17496.548266
-625.117264,62,17497.889067
-96.60386,300,17504.244706
-98.111233,300,17510.363012
-66.283295,300,17522.15749
-620.377489,45,17523.098978
-99.786211,300,17529.526544
-92.205212,300,17535.970121
-626.110552,56,17537.129705
-87.124629,300,17547.055843
-94.413026,300,17553.431468
-97.575877,300,17559.824817
-611.637276,24,17560.352163
-86.388553,300,17572.083328
-96.183615,300,17578.608944
-94.098894,300,17585.155807
-92.450196,300,17597.18312
-97.829941,300,17603.602375
-95.65278,300,17609.269568
-108.239523,300,17621.246334
-94.11136,300,17627.652892
-86.05594,300,17634.160474
-91.770537,300,17645.841597
-103.780589,300,17652.311541
-614.031535,29,17652.919064
-97.926433,300,17659.491885
-91.670196,300,17670.90667
-88.166692,300,17677.23663
-630.592772,76,17678.82667
-103.795128,300,17685.452414
-94.384166,300,17696.113045
-87.934337,300,17702.670394
-95.252574,300,17709.245513
-683.222072,257,17720.747177
-94.782162,300,17727.237693
-98.298326,300,17733.70997
-93.434751,300,17746.782457
-99.156484,300,17753.292959
-91.610817,300,17759.618985
-35.362851,300,17771.917399
-96.135271,300,17777.424082
-97.292443,300,17783.808967
-95.17808,300,17796.197821
-628.863747,112,17798.599864
-87.384376,300,17804.8625
-92.703891,300,17811.386134
-67.399784,300,17821.131978
-82.28688,300,17827.574672
-89.962792,300,17833.957213
-620.449441,52,17840.840858
-90.100981,300,17847.209434
-66.543721,300,17853.4573
-75.019134,300,17859.840197
-94.101594,300,17870.770884
-57.845337,300,17877.103601
-636.759441,147,17880.085068
-99.713173,300,17895.328602
-98.104669,300,17901.741873
-651.407137,139,17904.727805
-613.662729,28,17914.530137
-93.556615,300,17920.791158
-94.839965,300,17927.131206
-94.884815,300,17933.717982
-631.032532,121,17941.356797
-638.541892,91,17943.286788
-93.311256,300,17949.631225
-97.356254,300,17955.95997
-88.949143,300,17969.864356
-98.461343,300,17976.292703
-72.975219,300,17982.464309
-89.722995,300,17994.643003
-620.011035,80,17996.379941
-96.645503,300,18002.76207
-94.549345,300,18009.211919
-623.465139,66,18014.683688
-87.192785,300,18021.180196
-690.599281,279,18027.082986
-108.67153,300,18033.421234
-93.006393,300,18044.760826
-94.599169,300,18051.280034
-95.450852,300,18057.614047
-99.9073,300,18069.928462
-73.215587,300,18076.357008
-650.696869,126,18078.974837
-91.068993,300,18094.70558
-86.955219,300,18100.872077
-89.668021,300,18107.269481
-97.227256,300,18119.706387
-103.155707,300,18126.077766
-87.251165,300,18132.453851
-111.124744,300,18144.843236
-95.335678,300,18151.285533
-618.364946,69,18152.732892
-615.114129,29,18153.343232
-624.077914,80,18155.056025
-98.789612,300,18170.008343
-115.677894,300,18176.649063
-90.183493,300,18183.069814
-632.023119,90,18184.949747
-626.6261,143,18191.794159
-98.096093,300,18198.210371
-96.047321,300,18204.684507
-97.186715,300,18220.460443
-82.81733,300,18226.957326
-67.415317,300,18233.358245
-613.707207,30,18239.799096
-74.781609,300,18246.189374
-88.67706,300,18252.326353
-92.108226,300,18258.64425
-89.825653,300,18270.589109
-97.13161,300,18277.069633
-93.355668,300,18283.738776
-77.278874,300,18295.952363
-96.134116,300,18302.322762
-98.226371,300,18308.693004
-98.849809,300,18320.902977
-86.971199,300,18327.119531
-86.395484,300,18333.558674
-96.797636,300,18345.611493
-49.92856,300,18351.78226
-619.522187,42,18352.682529
-37.311769,300,18358.991541
-32.27133,300,18370.098131
-96.493845,300,18376.492797
-93.475311,300,18382.721484
-668.550735,212,18392.801795
-89.845994,300,18399.242934
-641.317407,89,18401.109005
-98.464192,300,18407.58833
-95.305907,300,18419.761201
-64.16258,300,18426.010289
-94.59499,300,18432.151034
-76.960275,300,18444.389239
-636.879008,178,18448.331311
-81.130581,300,18454.936566
-72.925999,300,18469.497457
-88.349669,300,18475.79891
-93.854614,300,18482.418667
-690.00977,282,18494.359941
-669.752948,182,18498.148608
-85.265302,300,18504.30524
-93.217396,300,18519.359945
-80.291997,300,18525.683245
-109.841347,300,18532.128959
-646.465363,141,18541.009242
-90.17478,300,18546.803221
-97.041705,300,18553.237003
-620.636351,90,18564.335223
-632.011023,74,18565.900765
-90.166254,300,18572.176392
-96.774386,300,18578.593434
-91.120431,300,18593.964243
-96.094918,300,18600.373028
-76.2129,300,18606.76635
-97.850298,300,18619.22765
-98.302581,300,18625.547057
-97.530363,300,18632.035489
-90.386501,300,18644.276632
-78.366733,300,18650.685509
-614.665534,30,18651.34011
-96.522495,300,18657.862842
-91.929501,300,18669.753627
-613.035247,42,18670.640968
-628.110754,240,18675.654221
-91.548824,300,18682.064173
-634.173112,109,18690.61715
-98.645237,300,18696.748984
-96.743509,300,18702.77812
-91.991198,300,18709.298752
-106.007626,300,18719.58
-99.078272,300,18726.048622
-672.246073,144,18729.123484
-97.089394,300,18744.998564
-89.970022,300,18751.355638
-637.062496,159,18754.6831
-685.616826,271,18769.4921
-108.885232,300,18775.831674
-98.577741,300,18782.316941
-97.943639,300,18795.383865
-103.848009,300,18801.786809
-98.665092,300,18808.137513
-96.423668,300,18820.291107
-95.887599,300,18826.89365
-629.597867,78,18828.524328
-98.269416,300,18834.570245
-93.627043,300,18845.456734
-89.751435,300,18852.058639
-98.108455,300,18858.573588
-611.116453,24,18865.166146
-88.601201,300,18871.738693
-91.262736,300,18878.259797
-97.473659,300,18884.6531
-98.460717,300,18896.575461
-46.446518,300,18903.033897
-84.635418,300,18909.432527
-92.351605,300,18921.62048
-91.252485,300,18928.036148
-626.368997,60,18929.314367
-95.777866,300,18934.908964
-99.377502,300,18946.335903
-73.188876,300,18952.728956
-93.915309,300,18959.034126
-92.653118,300,18971.739892
-96.750687,300,18977.90781
-97.534123,300,18984.317767
-93.551526,300,18996.528151
-65.873981,300,19002.993973
-95.560627,300,19009.292494
-622.956796,70,19016.838712
-98.482743,300,19023.13448
-615.303419,30,19023.777382
-96.9824,300,19030.186546
-93.598542,300,19036.632291
-91.785451,300,19046.795939
-96.240073,300,19053.10489
-89.106935,300,19059.528884
-80.044998,300,19072.017009
-108.718987,300,19078.340133
-634.836733,111,19080.63044
-96.976289,300,19087.192883
-94.480022,300,19097.320139
-98.810743,300,19103.772505
-98.054032,300,19110.06702
-95.74211,300,19122.388586
-87.987425,300,19128.812862
-619.594812,40,19129.646152
-641.341573,117,19132.124317
-73.55015,300,19147.226439
-97.365416,300,19153.607455
-613.849231,53,19154.692048
-93.550691,300,19161.06015
-51.285488,300,19172.635578
-97.280293,300,19179.114923
-97.586791,300,19185.449679
-98.11633,300,19197.811017
-95.817091,300,19204.252818
-631.234749,83,19206.053893
-95.809796,300,19212.356732
-93.958423,300,19222.587206
-94.614582,300,19228.052663
-91.530381,300,19234.51237
-92.286958,300,19246.871177
-95.40419,300,19253.380609
-86.465754,300,19259.734542
-95.197617,300,19272.361809
-94.068018,300,19278.291779
-89.484632,300,19284.639856
-94.522107,300,19297.130445
-95.734027,300,19303.541195
-102.942273,300,19309.801676
-97.664308,300,19322.309464
-104.494651,300,19328.756949
-626.05352,49,19329.835195
-626.87856,85,19331.599518
-80.184456,300,19347.804225
-96.355861,300,19354.108298
-90.234008,300,19360.527438
-98.885836,300,19373.165951
-88.830453,300,19379.504441
-100.979817,300,19386.041634
-85.834928,300,19398.589398
-613.806319,27,19399.164799
-81.697871,300,19405.72641
-98.0883,300,19412.072434
-97.326384,300,19424.166591
-96.479048,300,19430.779455
-107.091226,300,19437.312631
-97.693716,300,19449.737392
-98.600516,300,19456.095705
-96.997199,300,19462.586586
-674.81141,234,19474.156847
-92.442732,300,19480.564804
-101.262837,300,19485.899329
-87.609932,300,19500.10144
-650.450201,236,19505.079803
-78.094988,300,19511.547378
-102.718461,300,19525.692009
-65.751302,300,19532.332274
-88.100892,300,19538.644303
-88.109287,300,19551.311886
-665.19997,199,19555.607954
-622.322278,42,19556.511116
-100.829792,300,19562.809473
-678.333359,238,19575.403969
-92.970787,300,19581.718384
-92.121844,300,19588.339649
-612.498871,27,19596.412319
-92.819133,300,19602.419749
-98.212584,300,19609.045364
-85.753284,300,19615.453976
-97.785812,300,19627.462271
-92.368371,300,19633.839605
-94.970994,300,19640.427464
-89.451723,300,19652.900881
-92.233551,300,19659.352797
-97.501892,300,19665.749514
-92.250299,300,19678.430002
-99.598497,300,19684.868736
-629.09638,61,19686.145968
-52.683339,300,19692.46426
-95.701053,300,19704.913978
-618.156692,36,19705.661613
-96.257099,300,19712.098096
-627.728648,160,19715.676406
-82.846236,300,19730.522755
-99.52139,300,19737.075878
-98.251737,300,19743.576207
-96.341373,300,19756.143118
-96.316931,300,19762.731305
-97.79898,300,19769.318126
-620.032365,40,19776.445017
-70.181669,300,19782.773916
-96.94622,300,19789.133191
-97.957436,300,19795.580065
-99.837298,300,19807.651062
-91.973959,300,19814.276132
-634.959831,94,19816.278364
-87.290572,300,19822.658318
-618.025544,36,19827.613201
-85.739418,300,19834.087279
-97.442436,300,19840.145002
-98.011734,300,19846.660509
-97.098048,300,19858.552379
-89.535246,300,19864.89424
-96.84504,300,19871.209275
-98.098759,300,19883.883422
-605.432971,44,19884.82803
-98.471671,300,19890.676795
-116.53063,300,19897.223554
-95.995277,300,19909.085954
-98.141147,300,19915.663991
-93.679291,300,19921.578326
-75.792154,300,19934.073131
-82.980185,300,19940.324167
-622.91737,53,19941.514182
-97.595405,300,19947.864053
-102.821094,300,19959.135706
-96.520694,300,19965.64814
-91.710048,300,19972.115608
-627.207159,117,19974.57175
-624.681136,52,19979.33221
-101.105599,300,19985.427063
-100.157263,300,19991.198922
-103.590814,300,19997.731649
-98.11235,300,20009.307787
-626.447311,63,20010.654677
-91.480894,300,20017.058181
-98.713874,300,20023.569487
-615.309901,32,20024.271291
-99.058086,300,20034.762158
-92.047694,300,20041.255679
-78.344031,300,20047.66124
-82.131778,300,20060.380563
-104.349674,300,20066.499866
-86.865944,300,20073.314184
-96.718639,300,20085.753042
-105.867474,300,20091.955869
-633.472862,135,20094.764383
-87.762429,300,20110.861867
-95.776224,300,20117.209544
-95.826383,300,20123.821095
-95.573429,300,20136.420356
-97.001472,300,20142.282834
-102.347611,300,20148.75337
-96.441709,300,20161.347084
-98.878006,300,20167.693558
-98.058816,300,20174.12094
-98.138458,300,20186.90909
-96.354631,300,20193.219497
-97.026129,300,20199.616067
-88.171715,300,20211.771697
-98.120181,300,20218.380832
-98.295256,300,20224.520705
-87.659476,300,20237.148681
-102.264933,300,20243.451115
-96.57404,300,20249.792671
-94.765441,300,20262.40022
-97.652467,300,20268.793916
-67.084629,300,20275.105515
-69.412593,300,20287.967446
-95.170534,300,20294.574311
-67.342371,300,20301.208412
-106.79545,300,20313.79563
-83.849272,300,20320.137895
-91.923116,300,20326.662952
-96.642064,300,20339.043176
-648.519398,112,20341.426521
-95.223456,300,20348.245997
-87.622748,300,20354.604159
-657.758171,199,20362.681829
-96.541284,300,20368.970193
-89.745972,300,20375.494302
-93.756216,300,20391.007454
-88.859437,300,20397.315262
-100.313374,300,20403.686963
-97.77041,300,20416.440373
-92.331586,300,20422.759175
-93.51252,300,20429.104214
-98.521179,300,20441.964469
-89.396158,300,20448.53211
-106.667151,300,20454.802494
-85.457839,300,20468.186243
-84.375948,300,20474.628632
-98.196598,300,20480.79387
-98.870581,300,20493.478314
-96.964453,300,20499.757929
-68.736335,300,20505.977044
-611.724118,28,20506.567858
-619.601109,40,20507.465247
-87.191065,300,20518.705302
-59.645554,300,20525.145582
-96.15833,300,20531.697417
-97.17577,300,20544.274358
-88.098521,300,20550.433299
-90.487063,300,20556.93024
-101.292439,300,20569.688454
-98.720729,300,20576.115605
-96.987841,300,20582.460796
-614.064085,28,20583.050977
-97.168225,300,20595.219149
-97.465213,300,20601.518748
-96.691329,300,20607.925987
-97.614246,300,20620.724762
-96.546584,300,20627.098853
-100.929336,300,20633.286925
-69.183347,300,20645.829901
-93.57409,300,20652.253804
-62.256087,300,20658.001129
-91.859438,300,20670.732888
-87.545228,300,20677.023639
-97.548624,300,20683.481851
-98.297932,300,20696.219021
-94.177148,300,20702.79096
-93.374454,300,20709.233473
-97.962589,300,20721.617032
-91.266935,300,20728.044406
-95.043699,300,20734.459393
-612.008284,26,20735.014784
-93.836485,300,20747.217782
-76.022355,300,20753.499677
-92.509695,300,20759.792619
-84.058153,300,20772.283597
-101.615815,300,20778.33502
-95.516113,300,20784.76788
-111.806904,300,20797.490019
-97.307761,300,20803.863788
-90.693494,300,20810.225288
-97.072461,300,20823.059426
-96.515978,300,20829.026392
-99.596823,300,20835.503217
-96.506506,300,20848.290651
-85.461854,300,20854.608028
-97.843625,300,20860.946007
-60.457056,300,20873.578351
-94.906933,300,20879.890828
-97.67527,300,20886.447303
-93.421946,300,20899.175462
-103.628383,300,20905.527864
-94.277634,300,20912.092635
-95.285529,300,20924.574781
-92.694021,300,20930.967979
-105.370393,300,20937.386829
-88.385196,300,20949.624251
-54.730208,300,20956.046701
-626.161797,71,20957.539304
-95.726764,300,20963.992399
-98.428781,300,20975.40163
-634.45948,83,20977.187674
-92.029427,300,20983.421408
-95.847423,300,20989.950408
-97.691736,300,21000.858164
-96.941229,300,21007.305075
-98.566073,300,21013.721523
-629.012531,89,21015.599593
-98.879461,300,21026.583072
-77.011366,300,21032.911823
-96.792199,300,21039.337044
-633.905492,87,21041.154113
-95.188392,300,21052.139618
-87.671553,300,21058.458069
-632.173526,118,21060.905458
-104.012373,300,21066.780194
-98.292081,300,21077.033243
-635.910576,69,21078.48803
-638.674003,162,21081.999105
-90.772894,300,21088.620475
-83.696778,300,21102.54111
-87.990948,300,21108.820667
-82.87762,300,21115.165265
-95.442131,300,21127.948399
-93.365406,300,21134.376771
-95.119696,300,21140.729681
-94.616457,300,21153.382145
-65.579901,300,21159.496933
-96.545205,300,21165.836314
-92.947225,300,21178.610396
-630.617326,109,21180.918672
-624.909835,149,21184.115746
-93.790008,300,21190.548241
-627.394959,128,21193.316901
-81.620828,300,21204.139146
-52.632815,300,21210.413222
-98.17464,300,21217.040326
-88.99806,300,21229.655134
-101.106515,300,21236.358791
-95.462434,300,21242.7486
-100.02689,300,21255.563552
-81.634724,300,21261.676407
-615.308564,31,21262.379688
-103.549851,300,21268.799607
-630.419051,92,21270.697785
-82.887158,300,21280.823026
-94.059377,300,21286.94218
-97.075183,300,21292.843295
-96.319557,300,21305.665077
-614.622458,42,21306.583081
-93.929323,300,21312.860972
-624.516423,50,21313.918194
-95.194408,300,21320.204751
-87.16742,300,21330.988455
-85.42979,300,21337.427605
-95.650981,300,21343.885288
-91.97128,300,21356.685717
-614.285295,28,21357.281008
-85.470995,300,21363.803551
-70.235239,300,21369.603433
-91.905332,300,21381.740056
-89.463605,300,21388.019832
-86.999122,300,21394.257466
-87.307294,300,21407.080729
-83.535814,300,21413.499341
-93.379329,300,21420.136635
-620.223729,46,21427.56036
-93.751249,300,21433.861415
-629.865881,97,21435.91296
-629.896077,59,21437.191743
-74.567816,300,21443.247837
-609.052095,21,21443.687485
-82.198685,300,21458.368856
-96.233812,300,21464.761826
-642.396515,84,21466.54102
-91.620656,300,21473.058198
-630.944405,84,21479.52304
-88.672113,300,21485.961632
-85.216406,300,21492.188178
-95.957017,300,21498.689768
-616.755095,39,21504.072491
-89.2799,300,21510.566856
-96.162047,300,21516.954683
-613.969927,38,21517.767316
-101.842484,300,21524.295889
-635.614574,100,21531.234543
-613.612404,29,21531.858633
-97.704575,300,21538.323366
-625.058623,85,21540.141387
-95.212904,300,21546.611522
-101.77898,300,21561.15848
-84.923143,300,21567.580848
-95.85072,300,21574.037675
-69.376435,300,21586.691843
-627.583904,55,21587.851353
-88.403561,300,21594.119211
-91.300763,300,21600.485164
-95.600672,300,21611.625755
-631.762021,79,21613.329992
-90.772133,300,21619.760871
-99.655452,300,21626.081172
-68.079575,300,21637.72458
-650.907436,156,21641.01804
-78.571671,300,21647.347608
-648.41525,179,21660.76807
-83.483885,300,21667.103145
-622.059669,79,21668.7702
-631.355496,69,21670.221326
-84.81754,300,21676.450403
-97.451314,300,21688.644973
-639.996643,102,21690.830904
-96.448326,300,21697.134302
-102.997277,300,21703.665852
-621.890205,52,21709.286434
-112.456974,300,21715.724433
-98.664339,300,21722.018448
-91.618983,300,21728.536934
-73.77304,300,21740.261653
-86.978376,300,21746.499205
-654.167015,119,21748.838938
-68.079257,300,21755.307923
-70.64101,300,21765.494179
-90.32531,300,21771.878838
-55.845663,300,21778.100733
-91.520354,300,21790.964187
-52.175689,300,21797.362707
-79.43621,300,21803.796754
-620.026863,86,21812.052246
-90.470539,300,21818.276355
-86.891682,300,21824.680378
-74.403878,300,21830.965827
-94.129986,300,21842.177406
-605.962442,24,21842.687429
-108.873221,300,21849.297354
-89.759522,300,21855.325828
-628.495873,81,21857.027225
-95.823665,300,21867.874521
-97.541221,300,21874.225636
-95.756433,300,21880.592182
-92.168053,300,21893.156077
-88.416651,300,21899.317705
-662.733889,185,21903.217691
-625.047655,83,21904.961846
-95.165691,300,21918.485084
-96.006885,300,21924.669265
-111.139483,300,21931.267767
-633.465124,193,21942.345679
-83.351319,300,21948.802184
-77.808778,300,21955.342136
-72.585617,300,21970.491489
-638.835023,80,21972.14891
-81.545046,300,21978.69936
-615.08071,68,21980.126449
-94.344816,300,21996.560315
-93.913296,300,22002.762094
-94.704542,300,22009.055517
-634.620393,105,22017.862218
-97.743626,300,22024.285292
-655.811087,166,22027.739956
-95.902997,300,22034.209996
-79.792866,300,22047.725287
-96.481083,300,22053.560836
-96.545918,300,22059.984231
-93.451832,300,22072.926739
-96.808287,300,22079.541275
-92.456024,300,22085.901955
-98.825344,300,22098.955491
-96.723965,300,22105.401055
-92.036478,300,22111.953137
-630.888462,98,22113.963592
-95.879371,300,22124.778932
-94.930204,300,22131.217529
-100.489891,300,22137.531188
-97.127405,300,22150.122224
-81.06286,300,22156.88983
-69.721655,300,22163.41194
-94.863919,300,22176.408296
-91.092894,300,22182.673628
-671.316897,282,22188.905896
-632.326404,85,22197.665797
-91.478372,300,22203.922848
-92.452713,300,22210.320003
-110.16413,300,22216.798829
-84.268119,300,22227.810379
-96.225266,300,22233.808256
-618.702469,34,22234.509282
-101.518672,300,22241.061613
-626.57512,84,22242.8232
-629.289412,116,22249.367811
-622.176965,55,22250.517125
-620.133887,41,22251.390442
-84.261965,300,22257.70187
-74.999773,300,22264.190029
-91.700352,300,22279.119728
-97.196149,300,22285.491221
-94.654079,300,22291.876215
-96.295096,300,22304.942595
-627.272613,60,22306.191599
-97.070874,300,22312.609408
-621.573117,47,22313.617663
-644.314818,109,22315.97402
-94.955452,300,22331.015505
-96.668755,300,22337.405313
-98.658595,300,22343.871673
-619.487877,59,22351.753529
-94.768185,300,22358.199831
-91.619091,300,22364.676825
-92.686751,300,22371.0712
-91.931664,300,22382.691701
-84.077864,300,22389.323709
-82.937168,300,22395.474299
-644.506032,178,22405.764445
-78.408688,300,22411.940379
-97.898544,300,22418.470063
-97.949343,300,22433.963754
-73.666117,300,22440.367924
-630.363745,66,22441.793369
-89.965859,300,22448.277834
-618.091341,61,22454.652356
-73.159614,300,22460.77538
-82.295433,300,22467.185969
-613.266913,31,22467.867168
-641.623727,87,22469.705014
-614.636892,28,22470.304017
-64.143643,300,22485.094223
-98.947877,300,22491.374031
-95.737426,300,22497.821393
-91.192611,300,22510.668684
-646.188805,155,22513.90633
-642.733403,116,22516.379792
-88.276664,300,22522.313782
-95.298982,300,22535.859084
-95.889194,300,22542.190539
-81.961735,300,22548.561193
-93.72625,300,22561.500594
-96.270939,300,22567.958622
-97.137089,300,22574.440149
-96.473992,300,22587.002105
-96.828779,300,22593.495188
-75.455188,300,22599.9671
-94.444217,300,22612.474356
-96.52151,300,22618.973497
-97.860803,300,22625.403591
-624.992125,85,22627.177917
-98.716596,300,22638.02327
-98.104195,300,22644.52327
-97.538264,300,22650.966444
-632.205874,61,22652.216261
-108.94118,300,22664.092479
-91.646372,300,22670.542159
-85.64701,300,22677.047273
-626.320346,122,22679.684542
-622.861974,44,22684.656998
-96.95364,300,22691.021096
-108.659279,300,22696.449142
-95.996648,300,22702.868515
-98.548057,300,22715.163292
-94.179167,300,22721.32459
-79.923926,300,22727.388206
-95.0313,300,22740.586815
-97.445052,300,22746.901524
-93.618407,300,22753.17855
-97.750509,300,22766.240013
-96.348759,300,22772.238531
-73.523572,300,22778.616261
-615.304801,29,22785.995554
-94.7312,300,22792.590537
-74.495667,300,22798.908692
-636.725529,98,22801.007621
-623.565629,55,22802.202339
-81.687068,300,22817.735714
-69.711546,300,22824.207736
-617.83574,36,22824.963253
-97.652741,300,22831.043917
-87.091933,300,22843.414885
-95.899199,300,22850.006777
-95.579701,300,22856.416763
-97.401881,300,22869.599566
-93.928973,300,22875.963381
-631.097105,132,22878.761312
-93.38707,300,22895.228481
-622.518087,52,22896.348316
-629.974263,97,22898.423063
-59.172879,300,22904.814411
-96.20868,300,22921.435473
-95.03394,300,22927.460846
-110.620367,300,22933.3757
-91.773503,300,22946.458428
-98.55894,300,22953.084373
-98.019085,300,22959.489413
-618.22334,36,22960.260795
-95.236242,300,22972.653874
-96.633876,300,22979.297428
-74.224717,300,22985.686861
-637.337733,137,22995.316491
-90.853666,300,23001.067593
-78.492599,300,23007.432044
-636.998055,177,23011.226968
-96.587169,300,23024.34144
-88.504486,300,23030.651833
-630.817784,85,23032.424325
-66.476774,300,23038.946323
-646.535344,100,23045.977185
-91.098851,300,23052.310066
-98.199773,300,23058.712055
-670.81046,219,23063.528582
-104.092535,300,23076.361245
-82.135134,300,23082.590741
-638.658868,100,23084.687904
-99.051621,300,23091.168574
-117.077546,300,23102.281066
-90.669005,300,23108.876389
-92.843287,300,23115.136736
-46.456346,300,23128.008978
-97.799207,300,23134.153301
-616.302781,36,23134.938763
-641.400787,102,23137.157508
-80.947247,300,23153.764475
-97.020337,300,23160.087651
-73.632717,300,23166.409714
-84.85032,300,23179.300377
-623.085026,70,23180.799769
-616.749955,32,23181.475878
-94.404219,300,23187.713772
-633.130572,76,23189.337545
-96.199072,300,23205.290807
-91.267415,300,23211.658099
-82.935152,300,23217.810227
-97.132908,300,23231.082557
-75.209081,300,23236.974488
-94.656323,300,23243.395561
-91.368512,300,23255.754791
-95.784657,300,23262.575672
-98.158648,300,23268.105144
-634.282534,105,23270.354993
-642.773057,106,23277.054976
-98.111113,300,23283.486691
-104.22583,300,23289.925174
-99.473419,300,23296.547467
-78.103845,300,23307.576957
-96.151083,300,23313.967729
-97.245136,300,23320.364964
-81.488421,300,23333.82284
-100.330464,300,23340.177581
-92.990823,300,23346.786051
-95.848131,300,23360.017421
-89.27822,300,23366.573014
-92.637356,300,23373.262075
-88.628594,300,23386.424002
-96.639747,300,23392.869559
-92.019694,300,23399.207466
-638.333614,91,23407.752051
-73.135158,300,23413.926418
-68.391367,300,23419.995477
-97.310031,300,23426.489655
