#{"t_start": 1565376180.198251, "env_id": "highway-continuous-v0"}
r,l,t
-666.742203,27,2.566844
-706.052333,100,5.107448
-661.032669,53,6.42354
-658.027492,20,6.934748
-642.481174,27,7.596709
-645.936047,37,8.503635
-648.609766,39,9.408241
-656.885432,48,10.5416
-675.423993,29,11.245647
-634.452844,37,12.183245
-626.1538,28,13.03805
-613.994485,43,14.126353
-652.819128,45,15.231364
-660.11327,22,15.781751
-643.33096,39,16.777149
-652.610983,31,17.566815
-646.232294,33,18.34216
-632.992397,29,19.023853
-648.394775,22,19.549798
-656.89604,20,20.030613
-705.490851,59,21.479866
-647.49845,19,21.930871
-676.22209,27,22.585984
-636.744714,30,23.308972
-646.826242,36,24.162727
-649.590904,22,24.678671
-645.652578,33,25.459275
-610.545746,30,26.17698
-633.855872,31,26.911231
-671.621283,23,27.455317
-674.569156,38,28.359845
-695.462289,53,29.612245
-668.382087,27,30.250761
-664.694402,45,31.295626
-628.645356,73,33.061072
-730.313316,30,33.771279
-671.919277,60,35.196268
-675.678083,25,35.804917
-608.876998,28,36.47647
-663.144658,34,37.288296
-715.633507,38,38.188949
-780.771575,157,41.855354
-810.765537,266,48.155614
-1001.109912,154,51.892626
-120.625049,300,58.974787
-245.705212,300,66.196312
-655.70208,31,66.92238
-609.83735,38,67.836699
-856.494217,129,70.891336
-100.825262,300,78.206724
-133.956114,300,85.167372
-622.559541,66,86.755487
-568.812598,300,94.162827
-772.332229,248,100.318998
-613.326673,59,101.732187
-645.165431,137,105.090662
-171.298768,300,112.564857
-609.535661,29,113.254841
-623.021658,49,114.442046
-649.259973,138,117.867887
-607.532918,27,118.516196
-627.409174,77,120.370532
-700.926396,91,122.565568
-608.774772,28,123.231057
-831.72424,123,126.22246
-130.974897,300,133.522718
-572.367531,300,140.745755
-632.987229,104,143.201228
-620.258345,66,144.805032
-635.462481,102,147.201985
-605.635503,25,147.779251
-650.944615,125,150.784079
-637.561827,124,153.791977
-638.936388,122,156.772411
-629.680841,98,159.16274
-654.113768,173,163.424693
-89.603539,300,170.941213
-236.871185,300,178.599988
-632.551267,117,181.721495
-631.776403,102,184.262984
-215.985631,300,192.025117
-610.252242,50,193.380308
-625.145819,71,195.110949
-675.636041,209,200.478696
-639.537187,103,203.223615
-612.500604,48,204.453947
-651.966111,101,206.948601
-221.593912,300,214.639892
-693.61102,194,219.640983
-659.263389,164,223.995795
-608.023503,25,224.665851
-622.860221,58,226.242167
-196.925141,300,234.161213
-665.275355,271,241.240612
-607.085878,40,242.326905
-623.840188,93,244.601411
-636.308177,104,247.38455
-305.118259,300,255.376067
-113.020849,300,263.334822
-619.86381,76,265.386048
-616.836959,38,266.390742
-821.591126,299,274.729358
-88.713679,300,282.785288
-232.235239,300,290.629791
-612.751468,47,291.7479
-612.84141,32,292.780068
-637.2309,136,296.303727
-620.681124,88,298.744998
-630.851713,171,303.363715
-641.775751,124,306.679112
-235.661905,300,314.307494
-605.018455,32,315.089939
-625.077421,89,317.287269
-690.808178,230,323.051924
-620.944414,72,324.843419
-59.536055,300,332.959576
-622.612479,62,334.63087
-705.414914,128,337.990904
-634.032357,83,340.183155
-184.076611,300,347.988743
-102.87361,300,355.987532
-615.594498,55,357.347156
-614.191727,40,358.394565
-645.052923,120,361.491131
-669.009803,270,368.585602
-194.092409,300,376.22389
-619.201097,86,378.248674
-637.064753,114,381.234731
-124.920416,300,389.323299
-621.428476,53,390.558932
-82.428857,300,398.339689
-132.653966,300,406.019912
-611.793444,35,406.857873
-142.341707,300,414.461929
-691.052346,187,419.088946
-641.102851,99,421.718924
-257.888293,300,429.556362
-137.371308,300,437.307211
-125.149041,300,444.967896
-122.127532,300,452.765585
-117.032183,300,460.506752
-623.187085,59,461.945913
-650.953464,121,465.098735
-652.47055,138,468.441574
-660.837403,223,473.986197
-614.971477,40,474.999613
-607.433628,22,475.663518
-717.747633,98,478.090128
-616.479069,39,479.001133
-629.349075,61,480.466985
-689.545165,110,483.152172
-148.191476,300,489.950109
-637.811571,84,491.939313
-611.408824,31,492.657915
-625.274002,91,494.822676
-636.717788,74,496.569488
-106.663472,300,503.932068
-608.382566,25,504.531208
-627.445614,54,505.864621
-115.8295,300,513.316535
-287.370567,300,521.025493
-139.531408,300,528.933295
-155.838911,300,536.778624
-159.906496,300,544.626637
-156.926854,300,552.653625
-179.611901,300,560.620207
-281.283823,300,568.364666
-122.948884,300,576.0465
-621.425878,57,577.398914
-620.659016,64,579.191123
-123.458786,300,586.649993
-151.284589,300,594.377342
-646.377978,133,597.671026
-138.526345,300,605.195749
-651.125406,105,608.023242
-151.605175,300,615.756088
-632.645826,81,617.872667
-623.125039,72,619.526442
-156.616433,300,627.202506
-364.311251,300,634.812049
-608.136177,44,635.836762
-562.963358,300,643.287581
-199.607591,300,650.412371
-699.83324,105,652.951555
-101.761473,300,660.576176
-189.430299,300,668.042548
-112.411048,300,675.505698
-248.681758,300,683.185938
-144.330935,300,690.54891
-623.501941,69,692.230876
-187.943358,300,699.573624
-546.933623,300,707.342949
-857.468321,300,714.993865
-542.391666,300,722.879833
-194.217699,300,729.921984
-490.176604,300,737.235096
-605.756482,26,737.884485
-115.615731,300,745.463527
-186.690004,300,752.665201
-820.40254,300,759.841426
-110.203928,300,767.297872
-613.996904,65,768.839553
-115.621658,300,776.147965
-91.466786,300,783.247896
-114.436699,300,790.349104
-643.731211,127,793.394582
-652.861404,109,796.007123
-136.705111,300,803.336663
-219.132509,300,810.735703
-717.318942,294,818.16483
-615.177825,82,820.210974
-664.184178,270,826.962132
-967.606169,258,833.37357
-652.272293,144,837.120679
-621.73686,103,839.821339
-634.222676,99,842.261867
-113.019599,300,849.79974
-650.289568,144,853.566599
-123.523625,300,860.98354
-151.485982,300,868.558141
-374.599412,300,876.196143
-1022.569729,263,882.952472
-666.316701,149,886.477211
-609.978796,29,887.320149
-125.535797,300,895.394893
-113.343118,300,903.202044
-673.594957,202,908.297661
-235.052671,300,915.711679
-98.224024,300,923.425896
-626.393647,50,924.59665
-625.660324,65,926.334588
-116.927204,300,933.978372
-97.942154,300,941.702855
-654.258389,161,945.675862
-157.024051,300,953.333767
-629.906551,72,955.05409
-635.647909,99,957.606248
-78.332437,300,965.302115
-163.525626,300,972.598207
-150.40793,300,980.03868
-175.998081,300,987.893993
-74.411709,300,995.752985
-609.217189,27,996.401959
-784.470724,166,1000.648702
-109.999262,300,1008.067319
-607.566642,24,1008.784044
-1000.80057,300,1016.327612
-253.608758,300,1024.306113
-136.399533,300,1031.615595
-700.661388,140,1035.349476
-357.053192,300,1043.335508
-118.654829,300,1050.99939
-131.682243,300,1059.044384
-608.267822,24,1059.743139
-106.888005,300,1067.588046
-97.815333,300,1075.540405
-614.990872,55,1076.861279
-128.386953,300,1084.642371
-102.933832,300,1092.107438
-106.298347,300,1099.775721
-109.482762,300,1107.667824
-642.652023,123,1110.863069
-980.072603,300,1118.638807
-102.972935,300,1126.33113
-640.352484,103,1129.090551
-622.331881,58,1130.49324
-102.514077,300,1138.242103
-237.634171,300,1145.996696
-678.816402,44,1147.088571
-805.631693,161,1151.053829
-958.159586,233,1156.891345
-561.420777,300,1164.140606
-621.246193,99,1166.456863
-605.878438,31,1167.21766
-627.366294,300,1174.488459
-640.560695,102,1176.946752
-629.453642,77,1178.821588
-763.354549,185,1183.485985
-126.845329,300,1190.972544
-628.989128,86,1193.074
-122.700301,300,1199.708088
-620.281762,49,1200.941772
-656.331503,127,1204.309449
-80.457641,300,1212.117354
-628.258561,67,1213.914587
-100.988405,300,1221.443378
-619.084051,62,1223.243343
-604.857918,300,1231.210869
-115.757378,300,1239.400034
-813.217501,300,1247.219624
-116.547866,300,1255.015718
-399.682747,300,1262.844355
-1301.834593,232,1269.305669
-649.547927,137,1272.807302
-674.736042,252,1279.152303
-814.478252,255,1285.344273
-751.869959,276,1292.445707
-624.692887,60,1293.883216
-631.966969,86,1296.021885
-626.798821,58,1297.629786
-156.172299,300,1305.152452
-86.03963,300,1312.995037
-237.322224,300,1320.667336
-655.913992,221,1326.172555
-824.960626,190,1331.072114
-722.015955,300,1338.180115
-381.560993,300,1345.668785
-101.385057,300,1353.480071
-699.207347,216,1358.622752
-699.584308,279,1365.716709
-615.111091,77,1367.587173
-1062.002349,246,1373.518444
-609.6276,25,1374.09792
-117.849897,300,1381.665528
-632.677213,103,1384.364698
-1430.219019,300,1391.908211
-90.258736,300,1399.983194
-643.908528,174,1404.804054
-622.424265,69,1406.6359
-780.605501,195,1411.750161
-636.131028,92,1414.224188
-174.968222,300,1422.33315
-611.67643,41,1423.552405
-762.375401,87,1425.780725
-646.970504,31,1426.77833
-631.334256,79,1428.573307
-875.324788,171,1432.972143
-833.208708,159,1437.491811
-948.792381,170,1441.703256
-723.403262,147,1445.529268
-661.264908,288,1453.062337
-612.358554,38,1454.024291
-655.091435,30,1454.769695
-306.283636,300,1462.650239
-724.09504,111,1465.563364
-85.807286,300,1473.352591
-818.586084,300,1480.988523
-677.625561,212,1486.562586
-643.146696,104,1489.312129
-674.461709,138,1492.899317
-649.988371,150,1496.504906
-708.952159,152,1500.474762
-614.331069,40,1501.495335
-1234.320414,300,1509.182662
-1485.525082,284,1516.446607
-149.235824,300,1524.212423
-834.326785,95,1526.46373
-608.695727,24,1527.222001
-621.227745,81,1529.203773
-629.144364,111,1531.99652
-609.898298,24,1532.55729
-742.79067,159,1536.507892
-137.794747,300,1544.098005
-124.884289,300,1551.70481
-102.125706,300,1559.365166
-621.248358,68,1560.941974
-103.370283,300,1568.975943
-902.156484,300,1576.5179
-657.708478,161,1580.65894
-585.860111,300,1588.352503
-641.550918,110,1591.1431
-154.57992,300,1598.832098
-99.821902,300,1606.357088
-117.201236,300,1613.834306
-271.070368,300,1621.742123
-673.406219,209,1627.043786
-162.848645,300,1634.653091
-674.163696,255,1641.299803
-127.71993,300,1648.415129
-636.784945,95,1650.670281
-453.550924,300,1657.63156
-626.433967,115,1660.320909
-697.782699,296,1667.3942
-619.117954,88,1669.428548
-93.390924,300,1676.120204
-648.845826,132,1679.276553
-163.790194,300,1686.422605
-632.156189,103,1688.856918
-1543.548217,300,1695.587137
-262.329019,300,1702.510129
-615.8824,37,1703.36008
-94.407664,300,1710.54086
-76.199239,300,1717.566603
-665.262598,296,1724.385186
-359.524985,300,1731.54019
-688.428874,242,1737.357746
-111.728954,300,1744.448587
-107.757362,300,1751.396406
-122.746684,300,1758.397278
-121.902653,300,1765.392469
-647.608517,146,1768.782747
-109.611891,300,1776.003525
-965.242913,300,1783.349664
-607.12732,26,1783.958419
-667.840392,189,1788.352655
-429.882748,300,1795.623332
-664.454132,149,1799.133309
-117.191685,300,1806.097804
-97.42496,300,1813.214455
-628.563608,80,1815.139202
-86.634688,300,1822.026054
-102.338006,300,1828.836866
-104.265936,300,1836.037193
-110.51037,300,1843.15481
-660.052055,224,1848.454581
-111.640779,300,1855.44084
-80.198952,300,1862.586607
-803.661045,300,1869.675198
-645.67557,124,1872.609595
-649.913176,127,1875.556173
-130.609911,300,1882.84109
-665.041294,188,1887.372219
-109.575927,300,1894.589217
-662.639609,222,1899.947417
-49.711242,300,1907.182181
-622.903581,79,1909.067667
-114.497736,300,1916.188353
-98.121057,300,1923.223126
-76.143649,300,1930.774726
-610.595607,25,1931.357463
-86.672424,300,1938.38927
-99.229347,300,1945.412632
-187.394644,300,1952.022527
-76.429108,300,1958.619532
-467.496859,300,1965.549041
-620.869388,66,1967.112816
-129.589498,300,1974.391767
-88.779886,300,1981.482166
-92.784169,300,1988.601192
-639.312252,112,1991.356219
-635.485712,100,1993.676538
-106.751577,300,2000.419085
-108.577234,300,2007.716889
-105.261501,300,2014.777121
-611.86707,31,2015.492798
-104.673673,300,2022.171858
-123.706864,300,2029.322759
-128.70679,300,2036.496392
-636.420062,110,2039.080838
-76.615236,300,2046.207113
-98.061723,300,2053.395849
-83.640995,300,2060.335552
-143.55946,300,2067.508469
-614.838314,59,2068.877958
-117.906208,300,2075.661924
-115.038205,300,2082.852401
-121.512892,300,2089.517288
-614.877229,65,2091.060368
-654.071318,177,2095.400435
-635.358682,116,2098.144731
-125.202697,300,2105.327993
-620.184029,52,2106.56464
-107.92278,300,2113.851319
-79.852336,300,2120.963353
-113.483736,300,2128.06642
-95.969969,300,2135.083539
-133.279401,300,2142.27693
-122.381066,300,2149.600922
-660.429543,232,2155.075913
-640.56584,156,2158.709894
-105.801154,300,2166.236197
-657.580819,175,2170.37846
-84.61313,300,2177.16041
-94.029954,300,2184.318976
-684.796705,248,2190.279331
-758.281359,144,2193.772054
-93.078996,300,2201.213202
-645.244675,156,2205.060425
-634.549125,105,2207.584121
-679.161907,187,2212.231703
-648.138612,151,2215.87386
-607.911126,35,2216.708994
-618.881405,70,2218.421677
-650.408676,44,2219.467862
-84.399961,300,2227.065409
-108.869668,300,2234.504037
-667.068688,210,2239.97071
-640.594592,97,2242.429156
-661.211557,247,2248.796352
-85.260748,300,2256.818568
-663.487835,205,2262.141858
-607.626512,24,2262.769754
-124.261898,300,2270.605854
-643.29503,110,2273.452106
-635.497536,104,2276.209099
-82.848839,300,2283.988737
-130.594154,300,2291.933375
-105.774485,300,2299.623223
-375.411469,300,2307.45082
-673.436133,217,2312.920589
-77.541356,300,2320.893358
-98.816783,300,2328.868301
-625.232435,130,2332.328733
-87.301706,300,2340.011844
-81.976118,300,2347.678165
-133.502732,300,2355.41925
-141.709592,300,2363.132721
-664.255918,192,2367.73967
-139.544897,300,2375.158387
-93.870557,300,2382.227876
-686.507429,290,2389.949202
-115.651157,300,2397.908362
-632.082318,104,2400.557309
-116.998009,300,2408.142969
-113.897845,300,2415.619129
-616.789442,43,2416.686924
-107.901299,300,2423.812215
-162.900087,300,2431.532325
-645.326237,117,2434.666292
-110.654725,300,2442.626568
-131.503629,300,2450.370453
-122.145746,300,2458.286457
-233.587787,300,2465.971826
-672.928435,163,2470.338684
-99.24161,300,2478.139789
-111.6345,300,2485.97502
-646.593886,121,2489.138005
-637.152587,108,2491.965806
-79.023866,300,2499.614224
-246.884651,300,2506.718135
-345.12688,300,2514.573724
-101.87867,300,2522.270875
-87.828253,300,2530.012949
-102.911678,300,2537.801708
-641.515383,157,2541.929104
-610.270541,32,2542.823706
-298.885122,300,2550.39845
-625.467225,110,2553.336917
-622.204324,73,2555.131556
-98.442923,300,2562.561004
-116.040072,300,2570.424124
-126.357093,300,2578.105142
-126.657988,300,2585.892614
-108.189489,300,2593.478899
-91.216215,300,2601.097193
-168.343915,300,2608.48714
-605.82425,29,2609.172614
-609.505591,26,2609.792506
-659.281414,149,2613.509604
-654.632833,165,2617.455034
-96.813023,300,2625.044009
-678.591976,114,2627.801263
-627.156003,83,2629.849932
-144.397604,300,2637.331142
-110.332687,300,2644.809351
-171.140998,300,2652.119209
-233.631497,300,2659.542399
-627.693169,95,2661.902492
-751.79358,294,2669.242693
-142.946161,300,2676.371187
-119.747902,300,2683.626908
-686.141541,297,2691.066014
-134.120762,300,2698.627036
-639.846561,115,2701.578672
-99.82284,300,2708.990311
-337.336489,300,2716.368269
-96.750185,300,2723.618311
-639.30515,126,2726.615231
-86.981912,300,2733.774836
-150.485371,300,2741.1164
-91.773356,300,2748.485733
-113.099202,300,2755.975134
-155.88658,300,2763.066678
-114.013864,300,2770.360806
-151.353266,300,2777.393724
-110.449319,300,2784.406891
-109.998098,300,2791.671344
-716.290153,196,2796.466215
-285.04437,300,2804.037359
-119.160857,300,2811.467322
-130.461774,300,2819.078788
-704.072144,266,2825.609694
-112.150358,300,2833.224956
-100.594531,300,2840.737054
-92.509723,300,2848.001439
-86.188617,300,2855.517212
-150.032649,300,2863.097919
-75.509551,300,2870.562822
-120.376969,300,2877.866711
-122.262641,300,2885.352515
-620.697657,77,2887.267906
-648.722984,135,2890.463892
-625.92602,72,2892.19271
-634.510544,114,2895.015229
-93.783277,300,2902.545508
-77.370736,300,2910.126186
-679.412956,122,2913.159486
-102.375632,300,2920.090185
-87.589047,300,2927.418226
-159.934558,300,2934.82888
-94.515756,300,2942.37801
-654.751775,134,2945.760364
-246.466718,300,2953.149076
-669.455609,182,2957.483845
-624.315325,78,2959.384204
-789.338428,269,2965.962723
-637.70112,115,2968.668084
-92.104941,300,2976.121682
-608.97081,27,2976.794104
-213.078976,300,2984.048438
-100.271793,300,2991.428711
-615.814113,42,2992.42327
-698.978063,263,2999.08025
-776.398858,172,3003.192298
-148.618501,300,3010.496425
-132.995699,300,3017.871105
-103.738253,300,3025.132551
-639.06836,111,3027.827046
-110.194287,300,3035.185808
-120.994677,300,3042.437558
-123.164347,300,3049.8969
-622.12269,66,3051.486871
-637.606113,117,3054.365914
-76.143528,300,3061.663422
-104.06143,300,3068.905465
-727.226569,287,3076.046189
-133.297126,300,3083.407712
-110.671304,300,3090.731924
-641.512787,100,3093.127711
-125.897428,300,3100.525466
-692.261044,217,3105.882055
-643.003483,132,3109.062943
-109.533494,300,3116.579457
-88.307323,300,3123.837241
-611.428953,34,3124.665122
-140.712884,300,3132.250842
-133.377106,300,3139.860163
-117.938624,300,3147.276077
-163.879055,300,3154.535386
-640.646507,136,3157.864465
-619.183812,60,3159.323657
-615.133085,42,3160.339514
-641.074234,142,3163.872617
-626.890211,60,3165.341149
-60.080845,300,3172.762614
-647.871114,134,3176.029969
-146.119524,300,3183.21959
-182.269574,300,3190.656007
-675.944733,163,3194.435954
-90.647235,300,3201.486726
-106.362075,300,3208.852428
-165.035461,300,3216.179093
-632.516071,81,3218.182855
-695.472612,243,3224.192505
-160.452464,300,3231.231783
-148.317121,300,3238.47964
-120.399983,300,3245.788712
-290.679424,300,3252.915573
-152.878771,300,3260.204905
-118.239382,300,3267.445561
-102.089156,300,3274.870775
-129.104495,300,3282.482689
-611.389939,41,3283.506756
-126.224101,300,3290.892613
-96.018344,300,3298.364159
-155.928532,300,3305.751945
-131.946683,300,3313.523214
-97.161228,300,3321.037791
-129.781714,300,3328.531277
-115.150831,300,3335.784485
-108.16819,300,3343.258783
-102.839909,300,3349.546741
-115.390289,300,3356.492563
-362.089297,300,3363.994147
-625.299756,51,3365.248838
-1035.010486,266,3371.730813
-91.369225,300,3379.20097
-614.249493,31,3379.975645
-651.780738,156,3383.816725
-376.902105,300,3391.215752
-125.221307,300,3398.690945
-117.693911,300,3406.230606
-146.862709,300,3413.779989
-102.187631,300,3421.158928
-619.874502,52,3422.411367
-655.914157,122,3425.404307
-127.754305,300,3432.85611
-689.559667,127,3435.99611
-608.926064,29,3436.691628
-114.431164,300,3443.900874
-116.218733,300,3451.195126
-110.150762,300,3458.596124
-119.537426,300,3465.995906
-125.102294,300,3473.460663
-123.308627,300,3480.836402
-636.879216,105,3483.409661
-104.127162,300,3490.673538
-634.560663,117,3493.623016
-641.099995,127,3496.720547
-128.157288,300,3503.996379
-110.13851,300,3511.610888
-617.281163,39,3512.568612
-117.671326,300,3520.231143
-143.012138,300,3527.535063
-631.216793,108,3530.146319
-673.211072,236,3536.159495
-246.306622,300,3543.411815
-101.704704,300,3550.884932
-659.607429,168,3554.858486
-645.800345,104,3557.372669
-633.617501,80,3559.32382
-110.748157,300,3566.621553
-78.024892,300,3573.938369
-618.099929,43,3574.948997
-134.477854,300,3582.39339
-691.828147,33,3583.187785
-646.315829,108,3585.844464
-138.668186,300,3593.137865
-759.127539,126,3596.304029
-78.174136,300,3603.642171
-718.346021,292,3611.022242
-90.179309,300,3618.346827
-609.72004,28,3619.010454
-140.646091,300,3626.368881
-165.008976,300,3633.960337
-640.889823,120,3636.90417
-190.131998,300,3644.313918
-139.232858,300,3651.649219
-133.40635,300,3659.162417
-146.289488,300,3666.693876
-117.048194,300,3674.09651
-144.592209,300,3681.435317
-107.821771,300,3688.609115
-98.676696,300,3695.777856
-713.705083,219,3701.048211
-278.315266,300,3707.909384
-95.760934,300,3715.317924
-604.858992,22,3715.846302
-118.842771,300,3723.348502
-87.244199,300,3730.775604
-116.80448,300,3738.329765
-663.089634,150,3741.998685
-667.7562,200,3746.80979
-629.848528,81,3748.831371
-130.158676,300,3756.164883
-91.867987,300,3763.37961
-634.267036,104,3765.901509
-103.347949,300,3773.43849
-618.118555,61,3774.927031
-149.462393,300,3782.244895
-724.811849,261,3788.696015
-766.070664,293,3796.065754
-136.707491,300,3803.386124
-146.290061,300,3810.936751
-950.617927,150,3814.724409
-629.48497,71,3816.574913
-623.497795,88,3818.756878
-239.825887,300,3826.16297
-110.458746,300,3833.697837
-83.903268,300,3841.259507
-119.115909,300,3848.568784
-104.266204,300,3855.898129
-612.039203,34,3856.709464
-612.097456,43,3857.72274
-112.372752,300,3865.054475
-111.096378,300,3872.097489
-131.947201,300,3879.279056
-634.541864,150,3882.947922
-112.492315,300,3890.521055
-135.327842,300,3897.831656
-647.647756,149,3901.505802
-84.164375,300,3908.890245
-117.456857,300,3915.789703
-231.299855,300,3923.005702
-121.529634,300,3930.201408
-120.416268,300,3937.652272
-144.681181,300,3944.851052
-253.368912,300,3952.388878
-621.846221,59,3953.819571
-110.063586,300,3961.087853
-670.034728,78,3963.006743
-88.309418,300,3970.454973
-113.592005,300,3977.805147
-661.926356,184,3982.297629
-626.105422,76,3984.161515
-666.440411,270,3990.806811
-324.696161,300,3998.156296
-628.025113,77,4000.033786
-134.34884,300,4007.281774
-610.662231,37,4008.22337
-624.246545,75,4010.061159
-625.054334,83,4012.108638
-572.607142,300,4019.48279
-770.914588,245,4025.505204
-134.438173,300,4032.713762
-619.567638,49,4033.886526
-111.354724,300,4041.291308
-635.47169,97,4043.657415
-75.815364,300,4051.207154
-145.357758,300,4058.145221
-321.76408,300,4065.630344
-649.887005,143,4069.136852
-652.633914,196,4074.045454
-101.558612,300,4081.471323
-108.141264,300,4088.891372
-112.194582,300,4096.204976
-169.51975,300,4103.488354
-603.301125,26,4104.120911
-102.580202,300,4111.386971
-952.886941,216,4117.103112
-688.43719,284,4124.163938
-123.119896,300,4131.433187
-635.698623,126,4134.468898
-70.268435,300,4141.894702
-659.627874,202,4146.927769
-624.301847,66,4148.561846
-637.041001,75,4150.377689
-669.625481,198,4154.956204
-660.276689,154,4158.776996
-109.524234,300,4166.261101
-104.185214,300,4173.69937
-654.182477,119,4176.611071
-174.007489,300,4184.031574
-72.461257,300,4191.438122
-691.670492,184,4195.866941
-143.91774,300,4203.260548
-667.908274,182,4207.859888
-651.47988,147,4211.439916
-79.571189,300,4218.632186
-621.157861,82,4220.583521
-116.501912,300,4227.195893
-130.359098,300,4234.537115
-104.602304,300,4241.943677
-204.929354,300,4249.474302
-261.622663,300,4257.042866
-111.533631,300,4264.500189
-138.097036,300,4271.869248
-351.652859,300,4279.199897
-627.290049,67,4280.851233
-660.039351,127,4284.003091
-94.512183,300,4291.514041
-675.839038,63,4293.0848
-114.294356,300,4300.42559
-101.852459,300,4307.977485
-162.82464,300,4315.376889
-114.82975,300,4322.733303
-627.465062,57,4324.164932
-720.266864,185,4328.681633
-113.256282,300,4336.029712
-91.989025,300,4342.999567
-204.410273,300,4350.38669
-95.877727,300,4357.764528
-130.354637,300,4365.262086
-107.146687,300,4372.603954
-694.476018,228,4378.235907
-98.328974,300,4385.556389
-620.339372,49,4386.774375
-93.484694,300,4393.922773
-97.031168,300,4401.270053
-642.69398,128,4404.358506
-158.611572,300,4411.80024
-100.714756,300,4419.297855
-137.28473,300,4426.63747
-652.941656,165,4430.78634
-77.348314,300,4438.245994
-620.180945,51,4439.487836
-640.374524,134,4442.686351
-673.587609,273,4449.573438
-615.679825,37,4450.475806
-611.988484,38,4451.418915
-786.557961,47,4452.532685
-112.0783,300,4460.089031
-679.57934,199,4464.56917
-93.774876,300,4471.899566
-622.406495,78,4473.806455
-142.974418,300,4481.304673
-630.47551,88,4483.473318
-690.068731,250,4489.690503
-633.296435,90,4491.925213
-627.913425,93,4494.198322
-674.807386,245,4500.287399
-646.912946,151,4504.056083
-110.259588,300,4511.427845
-2208.820132,245,4517.540512
-731.934665,300,4524.605675
-171.199545,300,4532.137898
-94.447682,300,4539.327748
-632.757665,84,4541.407035
-96.76621,300,4548.449388
-668.298485,220,4553.924906
-94.786445,300,4561.357106
-623.987929,66,4562.957115
-627.811392,99,4565.429537
-100.339783,300,4572.807782
-768.519402,227,4578.336681
-629.791143,97,4580.817965
-169.736984,300,4588.276567
-116.563537,300,4595.842665
-121.238858,300,4603.35216
-630.249231,77,4605.254299
-108.372481,300,4612.604075
-630.577806,97,4614.993224
-656.955394,159,4618.931083
-768.768004,300,4626.391995
-622.837101,94,4628.724814
-74.212957,300,4636.112511
-99.59485,300,4643.70245
-123.863257,300,4651.007615
-105.513494,300,4658.386202
-135.383593,300,4665.403339
-104.57124,300,4672.909067
-616.03364,48,4674.091984
-108.234101,300,4681.390831
-257.639125,300,4688.864945
-88.704029,300,4696.329542
-1483.621769,300,4703.61624
-125.254283,300,4710.905864
-1293.400396,300,4718.242117
-665.197739,240,4724.196218
-634.227729,92,4726.406381
-369.300525,300,4733.709533
-686.811947,242,4739.179863
-690.284721,255,4745.467187
-98.90532,300,4752.62616
-651.539075,182,4757.012578
-146.851309,300,4764.354737
-98.919436,300,4771.711373
-740.462663,114,4774.502281
-91.516074,300,4781.89775
-230.739509,300,4789.233379
-118.728801,300,4796.368666
-871.586705,111,4799.009314
-100.373639,300,4806.466493
-225.703352,300,4813.878437
-629.167418,93,4816.192571
-639.178314,135,4819.492263
-151.898726,300,4826.844669
-643.674661,103,4829.357901
-100.608185,300,4837.065258
-758.425883,230,4842.837413
-822.559641,249,4848.612483
-657.631478,186,4853.247002
-641.932235,130,4856.4087
-621.77701,97,4858.807314
-270.098832,300,4866.136704
-628.161575,85,4868.233263
-92.164488,300,4875.741902
-91.339215,300,4882.923555
-623.350729,75,4884.745619
-106.662552,300,4892.166435
-374.154017,300,4899.491791
-712.868701,291,4906.721637
-665.914298,211,4911.862725
-77.495022,300,4918.801054
-156.943743,300,4926.168222
-623.963664,83,4928.155667
-625.91655,80,4930.127556
-99.828477,300,4937.646739
-113.164029,300,4945.123354
-394.354384,300,4951.516516
-118.609572,300,4958.862249
-115.423304,300,4966.186487
-614.519859,41,4967.191365
-114.024114,300,4974.515615
-100.02984,300,4981.902681
-281.713865,300,4989.20438
-97.763224,300,4996.463492
-680.434311,167,5000.671182
-131.196281,300,5008.148546
-88.035004,300,5015.332664
-252.742117,300,5022.996329
-119.420346,300,5030.125488
-80.080806,300,5037.609688
-107.886283,300,5045.408841
-686.792914,123,5048.422875
-635.055966,101,5050.972733
-670.757932,251,5057.112661
-638.082025,130,5060.34286
-104.00951,300,5067.611576
-607.001425,24,5068.185188
-97.666869,300,5075.614425
-138.286256,300,5082.532552
-613.782574,31,5083.282899
-317.545562,300,5090.357471
-90.879849,300,5097.732718
-83.039706,300,5105.120656
-87.081568,300,5112.565508
-84.036417,300,5119.736549
-113.272992,300,5127.041834
-104.657639,300,5134.236022
-116.455252,300,5141.482491
-83.112425,300,5148.827081
-89.875236,300,5156.199696
-649.02651,135,5159.533189
-622.714172,87,5161.663489
-767.017085,262,5168.021621
-181.915982,300,5175.624284
-110.901064,300,5182.940882
-632.625988,127,5186.036678
-647.321321,94,5188.291104
-647.293883,118,5191.161059
-622.116984,73,5192.939538
-650.660271,130,5196.142087
-1045.501235,90,5198.355639
-96.239256,300,5205.746181
-444.948461,300,5213.236508
-670.469483,243,5219.026665
-692.043657,179,5223.284913
-291.075187,300,5230.505193
-628.115519,93,5232.769024
-83.759554,300,5240.248132
-93.322484,300,5247.872265
-129.456072,300,5255.010352
-637.753716,79,5256.894192
-99.752486,300,5264.307711
-192.166071,300,5271.69366
-94.97207,300,5279.044083
-618.537887,66,5280.653015
-102.210494,300,5288.089203
-85.341392,300,5295.474491
-656.568494,169,5299.62456
-177.954114,300,5306.849433
-107.863819,300,5314.068088
-149.172593,300,5321.752976
-618.044111,50,5322.975471
-135.205228,300,5330.298955
-130.780423,300,5337.4447
-1101.720556,244,5342.92073
-127.7323,300,5350.329571
-134.746666,300,5357.903383
-136.827479,300,5365.242083
-99.656939,300,5372.105762
-104.343236,300,5379.319252
-104.731252,300,5386.893178
-630.833961,92,5389.134789
-786.564156,204,5394.130052
-83.315306,300,5401.016892
-761.905896,105,5403.578648
-105.995246,300,5410.936462
-944.951557,294,5418.219597
-644.917527,95,5420.579931
-608.402958,26,5421.213901
-139.961163,300,5428.735703
-629.400142,87,5430.878902
-621.503121,72,5432.646666
-625.108455,59,5434.095765
-108.226055,300,5441.497146
-645.264921,27,5442.155013
-135.226373,300,5449.636652
-698.731551,237,5455.471814
-79.401413,300,5463.112719
-124.21347,300,5470.192987
-103.420326,300,5477.542781
-119.901819,300,5485.025753
-116.565621,300,5492.663623
-641.221114,240,5498.559527
-920.877426,239,5504.401532
-746.883187,275,5511.188005
-656.533677,120,5514.164834
-150.878526,300,5521.795324
-90.176126,300,5529.103665
-119.89262,300,5536.498415
-131.471938,300,5543.951584
-94.750417,300,5551.274624
-122.06381,300,5558.711375
-622.405841,83,5560.831334
-154.82622,300,5568.5899
-1038.442937,160,5572.590713
-651.301869,115,5575.432683
-107.173942,300,5582.886517
-676.40602,284,5589.893483
-111.372004,300,5597.237257
-87.705334,300,5604.714022
-643.349546,92,5606.952375
-747.143153,134,5610.305374
-690.067264,94,5612.583248
-108.994861,300,5619.930533
-130.861535,300,5627.33281
-122.072312,300,5634.67321
-613.935516,40,5635.648101
-622.49408,52,5636.92036
-105.475558,300,5644.295264
-735.723007,275,5651.023677
-638.98677,147,5654.647389
-108.848506,300,5662.353738
-127.537006,300,5669.560328
-623.604729,75,5671.410086
-728.828058,114,5674.20114
-97.520887,300,5681.632265
-639.495425,136,5684.987741
-137.84942,300,5692.412493
-158.261557,300,5699.691505
-802.195683,283,5706.472457
-643.133942,148,5710.134036
-614.158984,300,5717.620757
-130.24334,300,5725.079485
-613.630428,49,5726.290591
-132.368695,300,5733.784044
-153.692715,300,5741.362373
-113.52046,300,5748.788016
-101.719242,300,5756.209698
-90.264529,300,5763.46993
-122.709028,300,5770.823266
-406.47273,300,5778.138869
-618.127583,53,5779.399008
-116.192435,300,5786.931455
-98.655767,300,5794.427192
-615.886847,50,5795.638305
-657.941717,136,5799.03714
-134.381198,300,5806.730564
-78.772865,300,5814.199789
-123.759934,300,5821.812977
-91.726471,300,5829.146428
-116.191117,300,5836.429648
-117.720838,300,5843.850681
-123.210377,300,5851.274858
-253.701378,300,5858.759598
-125.39601,300,5865.823222
-696.55744,87,5867.886239
-110.448217,300,5874.1706
-664.642865,88,5876.32791
-87.703816,300,5883.638583
-683.810805,207,5888.740976
-109.327497,300,5896.210411
-289.928805,300,5903.74746
-646.451921,129,5906.903535
-57.574224,300,5914.228063
-115.855906,300,5921.743928
-249.018855,300,5929.069206
-627.785341,74,5930.845505
-745.63867,222,5936.410361
-94.115309,300,5943.770328
-173.406982,300,5951.066319
-609.172821,28,5951.76739
-83.309193,300,5959.084615
-633.283727,84,5961.177101
-790.481377,158,5965.088775
-631.323576,107,5967.715252
-663.942442,152,5971.480862
-639.031536,114,5974.303349
-717.145479,263,5980.731158
-625.076356,77,5982.645375
-180.061821,300,5990.557087
-631.816368,100,5993.064268
-667.166779,96,5995.430996
-648.369582,175,5999.831681
-719.721932,253,6006.120211
-649.701035,139,6009.551468
-657.846173,145,6013.141142
-106.517208,300,6020.517882
-653.024706,72,6022.231661
-625.897751,67,6023.883444
-100.485533,300,6031.205693
-924.049905,294,6038.713381
-654.649633,155,6042.617887
-282.818664,300,6050.03212
-117.745519,300,6057.532094
-95.196675,300,6064.804519
-122.869108,300,6071.874815
-615.463099,62,6073.427922
-217.846742,300,6080.983306
-619.269969,54,6082.294095
-242.451162,300,6089.68486
-611.478351,31,6090.431628
-81.416212,300,6096.990164
-109.08481,300,6103.909372
-610.214502,31,6104.684272
-94.276941,300,6111.820827
-140.722588,300,6119.48831
-254.33983,300,6126.695261
-146.832744,300,6134.155848
-128.426587,300,6141.694935
-657.446843,189,6146.328696
-645.009574,142,6149.809237
-631.329623,99,6152.273669
-108.560899,300,6159.401021
-616.380312,54,6160.732121
-170.48552,300,6168.288034
-71.284338,300,6176.06079
-85.305491,300,6183.652668
-695.535858,239,6189.643122
-93.389692,300,6197.275733
-103.538026,300,6204.876588
-89.151452,300,6212.456758
-81.82552,300,6219.99212
-659.338437,163,6224.041864
-639.70935,107,6226.766376
-656.566279,153,6230.526506
-673.820182,187,6235.069674
-109.658239,300,6242.730049
-699.251288,270,6249.449355
-105.390297,300,6256.810291
-111.229052,300,6264.326392
-653.102968,137,6267.677583
-661.095812,169,6271.819444
-677.172964,196,6276.888507
-717.933891,166,6281.028593
-120.043211,300,6287.649292
-659.506609,269,6294.218913
-663.27678,214,6299.610156
-169.087784,300,6306.867265
-98.954706,300,6314.158577
-102.042672,300,6321.488363
-91.923112,300,6328.949916
-90.546342,300,6336.199724
-175.852005,300,6343.26014
-685.871684,115,6346.057732
-90.897795,300,6353.286211
-481.308574,300,6360.442911
-633.445812,99,6362.780806
-315.538509,300,6370.196664
-97.751136,300,6377.486933
-647.781407,184,6382.017314
-91.402413,300,6390.866518
-562.113117,300,6398.429783
-170.097894,300,6405.88329
-677.027633,253,6412.205186
-651.114803,73,6413.983576
-75.054843,300,6421.348421
-126.727735,300,6428.72169
-79.874011,300,6436.157181
-384.155413,300,6443.485472
-148.722184,300,6450.668234
-133.148916,300,6457.553723
-637.239212,88,6459.73719
-622.257343,85,6461.83418
-173.983777,300,6469.448425
-97.585672,300,6477.101758
-85.170329,300,6484.600843
-246.321127,300,6492.04011
-146.345708,300,6499.767903
-108.960424,300,6507.027821
-91.841165,300,6514.816495
-87.020577,300,6522.443588
-140.011631,300,6529.680279
-79.192049,300,6537.127837
-115.505962,300,6544.741814
-97.814488,300,6552.481777
-134.553965,300,6560.028547
-91.060465,300,6567.534266
-100.270537,300,6575.042116
-81.686697,300,6582.669958
-117.996639,300,6590.238517
-676.779823,241,6596.529648
-119.727333,300,6604.162002
-92.516741,300,6611.824916
-607.904181,26,6612.471992
-173.348864,300,6619.76145
-103.962126,300,6627.54936
-78.363486,300,6635.193562
-97.559136,300,6643.024703
-113.649392,300,6650.472777
-141.879269,300,6658.033561
-92.81417,300,6665.651268
-89.065477,300,6673.158931
-146.741935,300,6680.785516
-90.294283,300,6688.317406
-778.747614,273,6695.074798
-142.028544,300,6702.389344
-371.61571,300,6709.439615
-128.897487,300,6717.14877
-101.763092,300,6724.817257
-614.364234,65,6726.440723
-705.384742,165,6730.599683
-83.650545,300,6737.871543
-97.453632,300,6745.338312
-108.94838,300,6753.029714
-88.640837,300,6760.371286
-644.990255,139,6763.871611
-629.975857,78,6765.831765
-101.559986,300,6773.16814
-633.066801,135,6776.546138
-116.70155,300,6784.179297
-100.800086,300,6791.769373
-118.664919,300,6799.227483
-104.94055,300,6805.892461
-148.970202,300,6813.526798
-120.635908,300,6820.96
-133.442917,300,6828.39583
-664.202346,275,6835.364359
-107.770207,300,6843.065022
-714.429812,251,6849.568266
-117.126266,300,6857.156392
-106.227699,300,6864.39097
-107.768198,300,6871.942019
-75.154848,300,6879.605122
-112.782685,300,6887.16428
-614.854951,43,6888.228337
-76.493819,300,6895.71471
-122.096642,300,6903.2703
-107.325779,300,6909.864719
-692.908493,75,6911.715909
-119.730232,300,6919.38496
-123.213422,300,6926.676779
-87.781325,300,6934.238326
-85.72137,300,6941.005306
-102.786343,300,6948.467062
-90.50014,300,6955.829689
-677.141811,166,6959.939108
-103.324099,300,6967.363465
-114.673785,300,6974.62014
-661.376175,37,6975.509214
-132.967659,300,6982.54762
-106.410208,300,6990.097248
-113.96695,300,6996.9891
-658.079252,187,7001.751702
-77.787277,300,7009.209759
-91.556507,300,7016.727468
-84.561867,300,7024.071082
-120.217738,300,7031.450928
-76.029682,300,7039.02542
-135.577751,300,7046.537677
-96.539376,300,7053.988825
-610.171206,61,7055.453372
-1034.38758,300,7063.031031
-88.375374,300,7070.563473
-162.282658,300,7078.012367
-113.083552,300,7085.072056
-106.262035,300,7092.621419
-701.296919,117,7095.573051
-91.647068,300,7103.057526
-80.218022,300,7110.759251
-101.805881,300,7118.534732
-617.24705,62,7120.070662
-640.647245,151,7123.837754
-649.772417,161,7127.958813
-84.55637,300,7135.063161
-96.980895,300,7142.528359
-974.027535,300,7149.443099
-166.179503,300,7157.116575
-96.339558,300,7164.709187
-138.966458,300,7172.547954
-86.731093,300,7180.074845
-99.204741,300,7187.440073
-145.520566,300,7195.131361
-607.910592,24,7195.731785
-114.117341,300,7203.442672
-144.192888,300,7210.842275
-88.467566,300,7218.439965
-130.823841,300,7225.903592
-105.676846,300,7233.364224
-78.426725,300,7240.291128
-81.311626,300,7247.695881
-125.159452,300,7255.282516
-109.608983,300,7262.984914
-633.689699,73,7264.781283
-116.823756,300,7272.275677
-83.49953,300,7279.894444
-644.369551,125,7282.989446
-682.242145,197,7287.909564
-98.76262,300,7295.80295
-101.382184,300,7303.395857
-637.080294,84,7305.582556
-683.0612,274,7312.170826
-646.474663,143,7315.726456
-120.703825,300,7323.011223
-698.680667,261,7329.573543
-696.063245,67,7331.170487
-90.309861,300,7338.366764
-641.192148,108,7341.066241
-617.696943,56,7342.4579
-120.845076,300,7349.674998
-630.655751,85,7351.757532
-655.690011,127,7354.931673
-100.431001,300,7362.335684
-230.174536,300,7369.905206
-628.724784,66,7371.543898
-618.499433,51,7372.781255
-215.733305,300,7380.412808
-561.030706,300,7387.99263
-72.278046,300,7395.184728
-629.487605,112,7398.071523
-267.551125,300,7405.669627
-156.566921,300,7413.101334
-105.224033,300,7420.518728
-91.107067,300,7428.044081
-104.885152,300,7435.52953
-640.812347,97,7437.926729
-628.389055,93,7440.26565
-87.130761,300,7447.997616
-122.741273,300,7455.263236
-124.256961,300,7462.453939
-92.370435,300,7469.93867
-677.439507,165,7474.076389
-84.26218,300,7481.653757
-119.750539,300,7489.003819
-621.279484,71,7490.729175
-101.479948,300,7498.135057
-623.254823,83,7500.15936
-637.304833,76,7501.963155
-339.842332,300,7508.614
-108.443598,300,7516.289868
-123.534031,300,7523.772558
-196.656288,300,7531.274436
-128.505791,300,7538.75349
-120.94398,300,7546.26477
-624.414992,81,7548.305609
-212.40355,300,7555.708616
-610.883682,36,7556.574361
-665.761943,204,7561.596458
-472.858039,300,7569.237582
-613.128136,32,7570.041785
-633.857813,91,7572.432744
-76.571629,300,7580.118312
-112.634984,300,7587.655649
-120.167547,300,7595.360018
-717.144687,117,7598.30547
-675.387659,143,7602.000728
-82.602207,300,7609.720333
-626.37905,59,7611.188853
-105.992576,300,7618.738758
-1014.050573,300,7626.304859
-652.083236,36,7627.185641
-1246.659696,300,7634.914239
-106.628537,300,7642.458686
-622.848463,102,7645.095304
-95.280727,300,7652.25919
-95.585503,300,7659.687175
-108.019058,300,7667.130746
-632.109164,84,7669.246248
-720.734811,204,7674.369362
-125.793212,300,7681.658823
-940.975669,243,7687.899021
-142.486042,300,7695.484233
-610.271336,35,7696.394123
-154.275593,300,7703.950353
-104.314918,300,7711.536231
-130.166983,300,7719.095488
-101.290524,300,7726.605949
-93.558,300,7734.17883
-90.05714,300,7741.944171
-119.490774,300,7749.430185
-669.821159,187,7754.088813
-666.654778,222,7759.409905
-99.327679,300,7766.663289
-80.513667,300,7774.271189
-651.042297,152,7778.063427
-100.389698,300,7785.540078
-144.119767,300,7793.325162
-158.961666,300,7800.971859
-606.202182,28,7801.67071
-672.261605,221,7807.184734
-106.704887,300,7814.868718
-121.243048,300,7822.600882
-184.720565,300,7830.090689
-144.10766,300,7837.498416
-708.937047,292,7845.008516
-103.037267,300,7852.629897
-613.328521,50,7853.924204
-631.206796,118,7856.944086
-668.252312,162,7860.941021
-717.59065,88,7863.134198
-121.994921,300,7870.583093
-292.68783,300,7877.863554
-665.087183,39,7878.843401
-591.883674,300,7886.44951
-366.642087,300,7893.753852
-623.360995,79,7895.748672
-123.563524,300,7903.275741
-857.036612,219,7908.849612
-984.482124,300,7916.275256
-606.515438,25,7916.882264
-119.819428,300,7924.704091
-142.30683,300,7932.315081
-132.38057,300,7939.42018
-105.712265,300,7946.83813
-129.241538,300,7954.621247
-653.51102,152,7958.515637
-149.745033,300,7966.022635
-640.802812,103,7968.687773
-282.124454,300,7975.735609
-153.737407,300,7983.473046
-652.517371,147,7987.107061
-610.753505,37,7988.038519
-1036.241375,283,7994.897439
-645.48251,122,7998.001954
-348.222624,300,8005.481495
-362.333928,300,8012.81239
-92.786057,300,8020.005031
-662.895746,118,8022.916331
-128.195831,300,8030.093787
-613.890862,31,8030.828431
-112.141439,300,8037.976615
-291.384248,300,8045.634443
-671.962234,199,8050.564478
-347.667507,300,8058.06961
-90.834362,300,8067.755696
-685.31392,249,8073.91346
-84.99243,300,8081.645935
-606.028804,34,8082.524328
-651.754094,142,8086.008286
-97.324505,300,8093.399509
-121.559864,300,8101.006019
-87.909042,300,8108.664144
-607.951961,32,8109.456586
-308.884379,300,8116.981221
-162.195345,300,8124.345627
-1050.27395,289,8131.285826
-646.913955,116,8134.276943
-186.844392,300,8141.796017
-205.719906,300,8149.06581
-106.378669,300,8156.562135
-177.453794,300,8163.727613
-116.62397,300,8171.213714
-93.12545,300,8178.640037
-652.594267,224,8184.192305
-610.71862,25,8184.796768
-614.453697,49,8186.03617
-106.046332,300,8193.59798
-118.952538,300,8201.112014
-109.626607,300,8208.525887
-109.6718,300,8216.065459
-716.06321,266,8222.852226
-90.958728,300,8230.292348
-100.161937,300,8237.951991
-100.194598,300,8245.53599
-627.180064,82,8247.553009
-693.39965,287,8254.809525
-711.513112,107,8257.515945
-675.591934,190,8262.29225
-226.295077,300,8269.911555
-155.745792,300,8276.880855
-100.153358,300,8283.936886
-110.964054,300,8291.532935
-104.657707,300,8299.141081
-114.882858,300,8306.242331
-106.37072,300,8313.817222
-680.318647,82,8315.822804
-612.086945,40,8316.809536
-111.305964,300,8324.427584
-673.596792,266,8331.220797
-140.375685,300,8338.748422
-106.080776,300,8346.247208
-608.656344,25,8346.875941
-102.518884,300,8354.311849
-76.050492,300,8361.819682
-107.940028,300,8369.272664
-149.837054,300,8376.675454
-120.964493,300,8384.17544
-633.214856,75,8386.010224
-120.617329,300,8393.647281
-133.17879,300,8401.045248
-96.421789,300,8408.671049
-92.902954,300,8416.085704
-106.278124,300,8423.446843
-723.169295,195,8428.304662
-111.926492,300,8435.754867
-634.916911,91,8438.029898
-269.332193,300,8445.65607
-171.58215,300,8453.243205
-643.149048,132,8456.537006
-624.454991,95,8458.976058
-630.90904,106,8461.62278
-676.365371,165,8466.393124
-161.26093,300,8475.289392
-655.795915,147,8478.962585
-618.832535,41,8479.966306
-130.563685,300,8487.43615
-76.367548,300,8495.00017
-691.350219,281,8502.21435
-180.951294,300,8509.945334
-99.270617,300,8517.696701
-92.561858,300,8525.285258
-631.046092,75,8527.159595
-692.122445,159,8531.168698
-164.508868,300,8538.730762
-119.745252,300,8546.201232
-657.780068,141,8549.858307
-86.615837,300,8557.069997
-627.284075,93,8559.386331
-646.414237,106,8561.979412
-128.912464,300,8569.633631
-102.912121,300,8577.219048
-110.481048,300,8584.969709
-202.319698,300,8592.652135
-178.29824,300,8599.976231
-631.531679,109,8602.674893
-129.520453,300,8609.817079
-122.140083,300,8617.222184
-106.081567,300,8624.891859
-619.827955,52,8626.171438
-72.166714,300,8633.606366
-671.32783,240,8639.701538
-95.502269,300,8647.227994
-801.636583,248,8653.631839
-826.763364,227,8658.992498
-124.833033,300,8666.300232
-618.009647,59,8667.766197
-133.231068,300,8675.235564
-626.792389,68,8676.885252
-630.174018,95,8679.278322
-641.982894,141,8682.548267
-120.017039,300,8689.944803
-135.239308,300,8697.311692
-940.681788,296,8704.541889
-151.291689,300,8711.825755
-141.023308,300,8719.240108
-94.275497,300,8726.726965
-111.007274,300,8733.894407
-150.625681,300,8741.484573
-699.949975,294,8748.852558
-129.561204,300,8756.212688
-648.584037,110,8758.975305
-86.133597,300,8766.476696
-658.270711,144,8770.141248
-110.550873,300,8777.596785
-121.163258,300,8785.134609
-103.242901,300,8792.754809
-109.38118,300,8800.084542
-640.024714,116,8803.016728
-98.886753,300,8810.55377
-128.416187,300,8818.153102
-127.9744,300,8825.354591
-638.026224,98,8827.826346
-112.052181,300,8835.263939
-689.17932,200,8840.203521
-77.414592,300,8847.78246
-610.464579,26,8848.446576
-106.178486,300,8855.981919
-644.990335,110,8858.749374
-653.045653,155,8862.642025
-627.353105,79,8864.627769
-697.736609,38,8865.592586
-641.818423,125,8868.735105
-641.140678,132,8871.998949
-175.437521,300,8879.661304
-236.962052,300,8887.133605
-150.153869,300,8894.732339
-123.350152,300,8902.230983
-162.630965,300,8909.343893
-104.466177,300,8916.837245
-115.615202,300,8924.527786
-364.233953,300,8931.999295
-128.597405,300,8939.567292
-92.765058,300,8947.141251
-114.690556,300,8954.737997
-158.675513,300,8961.893027
-98.209019,300,8969.29815
-83.81959,300,8976.874803
-616.282641,59,8978.353628
-605.952482,32,8979.129569
-645.936141,119,8981.975065
-88.854405,300,8989.695145
-154.847854,300,8997.466087
-626.758772,80,8999.481535
-110.843493,300,9006.988546
-107.677055,300,9014.209446
-153.67562,300,9021.962163
-118.247818,300,9029.704985
-93.62055,300,9037.421987
-72.792684,300,9044.829254
-117.698706,300,9052.26202
-102.764465,300,9059.963306
-129.352169,300,9067.56012
-79.807907,300,9074.808235
-106.554783,300,9082.254978
-95.532491,300,9089.596269
-639.221362,156,9093.384067
-631.44998,79,9095.320961
-117.035031,300,9102.824548
-644.264597,108,9105.515765
-111.865282,300,9112.777371
-963.066834,246,9119.025479
-619.892969,72,9120.767555
-80.508058,300,9128.230158
-143.299604,300,9135.543474
-111.938477,300,9142.847031
-138.588365,300,9150.550783
-773.94892,204,9155.769984
-689.787047,165,9159.886532
-627.528032,94,9162.262016
-611.240601,69,9163.9963
-135.034348,300,9171.693843
-97.902419,300,9179.490099
-108.912061,300,9186.338717
-95.880534,300,9193.854147
-631.06805,81,9195.849257
-651.293088,118,9198.852046
-101.38303,300,9206.480293
-127.324951,300,9213.970049
-234.25885,300,9221.610173
-637.950021,122,9224.646526
-135.335284,300,9232.19069
-84.981676,300,9239.052436
-102.091091,300,9246.66458
-111.941606,300,9254.087992
-86.364799,300,9261.451906
-676.318919,154,9265.263771
-90.486374,300,9273.005624
-635.197654,89,9275.2199
-164.555138,300,9282.76273
-629.999965,112,9285.587014
-77.350237,300,9293.454483
-96.081475,300,9300.669291
-660.653295,161,9304.849216
-607.597443,27,9305.539312
-103.313651,300,9313.079635
-227.752833,300,9320.378793
-641.125702,140,9323.817306
-123.516063,300,9331.240719
-86.355459,300,9338.732453
-648.654597,142,9342.254776
-95.314915,300,9349.827781
-700.197964,264,9356.380051
-94.120969,300,9363.850282
-124.16932,300,9371.275154
-140.441966,300,9378.731196
-94.109635,300,9386.458952
-133.215088,300,9393.886493
-99.892746,300,9401.714438
-94.378614,300,9409.245948
-628.677062,75,9411.04271
-105.140991,300,9418.389663
-120.411665,300,9425.779216
-89.068079,300,9433.568508
-90.764604,300,9440.419241
-123.998266,300,9447.922138
-466.934573,300,9455.221593
-674.691206,176,9459.732421
-620.25982,69,9461.465078
-148.382177,300,9468.898002
-666.926047,232,9474.798823
-96.611139,300,9482.525326
-624.268062,66,9484.141144
-645.517631,128,9487.42072
-85.992885,300,9494.816165
-98.039884,300,9501.931548
-84.431297,300,9509.807896
-112.819443,300,9516.936981
-144.592428,300,9524.333465
-701.95461,246,9530.461053
-679.20075,209,9535.68889
-195.173131,300,9543.143125
-160.791256,300,9550.51132
-655.194776,115,9553.357501
-104.601751,300,9560.85374
-93.527656,300,9568.04677
-100.83043,300,9575.506845
-119.865164,300,9582.963915
-129.960772,300,9590.493864
-128.331158,300,9597.649155
-152.686282,300,9604.897103
-129.657789,300,9612.134864
-122.778847,300,9619.600863
-626.836529,93,9621.841998
-76.03689,300,9629.817572
-658.869153,209,9635.120717
-84.18866,300,9642.637814
-97.98575,300,9650.021756
-89.082784,300,9657.530099
-179.870475,300,9664.850827
-87.000442,300,9672.335113
-113.337798,300,9679.7306
-139.342324,300,9687.26339
-708.418711,280,9694.399612
-642.351125,121,9697.433516
-94.39046,300,9704.440276
-118.162134,300,9711.80724
-309.537743,300,9719.314201
-153.319205,300,9726.765522
-111.52589,300,9734.381443
-156.471176,300,9741.927461
-78.123993,300,9749.546986
-82.517284,300,9757.024757
-630.826758,71,9758.796105
-66.98536,300,9766.462003
-116.073798,300,9774.35854
-630.887875,118,9777.273027
-261.69552,300,9784.81895
-839.385801,184,9789.321383
-96.17759,300,9796.583454
-730.951306,280,9803.692672
-115.654454,300,9811.260607
-112.660492,300,9818.880869
-650.413403,216,9823.996624
-774.711939,241,9829.972028
-634.411777,96,9832.403801
-84.625661,300,9839.820277
-126.899966,300,9847.007934
-85.424073,300,9854.515937
-140.766916,300,9861.702657
-613.883354,74,9863.609129
-151.891862,300,9871.289908
-87.114488,300,9878.952168
-231.640403,300,9886.370342
-135.906351,300,9894.073364
-90.594177,300,9901.576272
-616.951407,41,9902.591049
-91.226222,300,9910.043745
-237.292896,300,9917.558047
-144.92417,300,9924.977557
-618.286869,57,9926.382367
-120.897159,300,9933.920593
-175.10482,300,9941.374905
-122.447923,300,9948.976461
-131.666669,300,9956.444756
-686.485504,73,9958.244227
-156.353692,300,9965.76073
-657.700059,135,9968.988824
-114.759306,300,9976.612744
-122.376105,300,9984.191446
-155.769246,300,9991.662574
-80.00956,300,9999.297684
-108.054473,300,10006.672123
-98.438774,300,10014.291801
-146.119449,300,10021.855043
-148.81699,300,10029.40744
-89.435489,300,10036.85129
-109.017245,300,10044.368695
-89.921866,300,10051.953963
-262.973207,300,10059.41931
-130.179056,300,10067.37337
-148.477448,300,10075.035544
-89.893445,300,10082.828049
-85.787227,300,10090.279538
-143.087347,300,10097.915232
-83.068202,300,10105.376295
-625.798694,82,10107.378677
-65.774507,300,10114.837031
-113.590527,300,10122.349065
-964.202082,239,10128.270244
-99.275726,300,10135.499676
-612.197487,43,10136.566491
-120.369377,300,10144.084888
-100.43198,300,10151.642358
-98.195259,300,10159.410938
-533.846595,300,10167.115442
-119.903667,300,10174.446982
-107.614654,300,10182.038965
-112.58015,300,10189.326819
-683.770176,23,10189.899175
-630.338705,78,10191.932316
-580.319779,300,10199.369841
-658.353898,158,10203.330339
-614.526653,48,10204.508415
-636.370357,119,10207.481169
-660.630498,174,10211.882972
-74.994935,300,10219.591656
-810.047069,174,10223.901617
-69.623088,300,10231.378584
-632.451328,100,10233.842784
-637.005662,131,10237.159715
-143.97007,300,10244.761854
-125.075176,300,10252.236767
-695.648791,101,10254.858044
-143.323582,300,10262.491718
-138.027128,300,10270.234724
-99.459498,300,10277.924856
-176.191652,300,10285.754843
-137.371574,300,10293.356543
-111.324867,300,10300.859832
-60.130173,300,10308.434443
-66.29947,300,10316.150296
-129.094506,300,10324.003924
-80.41226,300,10331.60872
-110.1637,300,10339.201561
-618.091372,60,10340.712693
-277.608619,300,10347.762437
-69.581296,300,10355.215391
-62.602057,300,10362.809835
-73.131922,300,10369.769352
-119.019012,300,10377.302361
-169.262675,300,10384.846287
-113.048025,300,10392.577192
-127.907939,300,10400.19587
-107.21436,300,10407.769953
-76.345891,300,10415.069045
-633.914659,95,10417.476837
-610.212659,26,10418.1246
-80.831847,300,10425.557711
-671.342113,99,10428.031361
-124.298062,300,10434.799305
-106.036954,300,10442.421046
-619.430952,63,10443.957674
-633.713528,109,10446.630103
-106.453281,300,10454.079324
-156.438439,300,10461.547739
-69.176169,300,10469.079052
-78.083036,300,10476.656666
-656.219148,185,10481.310976
-121.175169,300,10488.741286
-135.706909,300,10496.320467
-620.333881,56,10497.738672
-143.922307,300,10504.963876
-84.53523,300,10512.44962
-629.129197,97,10514.877183
-76.170059,300,10522.39245
-551.275199,300,10529.960951
-130.604997,300,10537.591962
-626.476504,54,10538.934574
-650.189349,145,10542.620749
-625.215626,101,10545.194613
-609.973309,27,10545.8631
-88.191303,300,10553.487654
-646.909178,124,10556.581119
-136.308019,300,10564.279066
-150.73986,300,10571.718263
-683.937111,247,10578.212955
-142.512773,300,10585.355972
-93.773371,300,10592.846012
-110.088014,300,10600.569589
-658.151455,155,10604.488852
-103.350626,300,10612.008445
-112.584844,300,10619.517157
-73.571993,300,10626.862744
-646.1564,201,10632.000077
-133.597758,300,10639.43138
-87.883049,300,10646.858451
-115.034765,300,10654.277721
-99.766152,300,10661.739015
-243.837339,300,10668.89373
-617.297276,71,10670.668155
-95.211641,300,10678.287392
-612.897224,40,10679.292664
-82.84947,300,10686.542238
-127.027721,300,10693.784754
-128.276275,300,10701.355346
-95.561428,300,10708.750599
-635.35832,90,10711.032924
-104.503537,300,10718.319881
-127.841468,300,10725.699286
-81.326116,300,10733.375531
-73.623991,300,10740.970548
-68.633334,300,10749.029053
-90.799901,300,10756.647586
-91.716286,300,10764.236757
-137.106957,300,10771.836508
-140.06997,300,10779.078807
-681.420679,229,10784.705192
-91.321412,300,10791.958105
-715.548966,300,10799.498567
-111.503119,300,10806.928731
-116.602375,300,10814.238166
-280.069152,300,10821.59504
-80.803284,300,10829.008569
-100.935293,300,10836.427537
-64.600557,300,10843.907913
-63.683334,300,10850.995955
-645.991384,141,10854.506655
-221.728986,300,10861.948404
-809.255104,170,10866.15745
-752.84901,27,10866.80797
-622.350297,79,10868.797061
-102.705397,300,10876.237075
-72.926738,300,10883.640327
-108.339562,300,10891.132521
-693.281957,254,10897.308055
-616.792948,37,10898.209363
-131.934644,300,10905.760994
-140.344955,300,10913.223104
-100.57204,300,10920.758399
-652.353729,229,10926.582232
-121.991563,300,10934.253021
-609.732297,24,10934.843624
-102.489882,300,10942.513094
-81.556317,300,10949.948986
-149.872822,300,10957.455238
-286.144367,300,10964.874642
-628.383975,78,10966.809775
-110.843709,300,10974.34505
-624.56505,107,10977.01006
-132.708503,300,10984.697894
-859.5959,129,10987.920596
-104.443994,300,10995.620849
-658.851868,198,11000.509323
-103.298015,300,11008.206527
-102.425562,300,11015.603117
-623.463888,74,11017.405604
-101.247389,300,11025.00221
-109.284758,300,11032.552189
-110.615014,300,11040.034108
-644.322153,112,11042.895917
-439.782077,300,11050.516014
-135.314257,300,11058.02995
-89.965014,300,11065.117475
-116.36567,300,11072.524184
-695.890066,178,11076.916238
-642.752646,168,11081.216558
-95.379037,300,11088.663344
-92.217151,300,11096.141769
-704.936092,254,11102.527911
-198.44377,300,11109.940859
-125.352327,300,11116.984508
-114.865218,300,11124.350593
-108.13102,300,11131.846759
-157.656913,300,11139.432799
-91.269439,300,11146.934665
-621.877356,53,11148.236567
-99.761949,300,11155.714561
-133.299287,300,11162.929686
-131.224866,300,11170.454744
-95.071848,300,11177.947866
-117.954376,300,11185.513525
-145.67714,300,11192.827104
-73.918448,300,11200.308911
-95.904825,300,11207.894605
-679.629366,204,11212.943388
-77.603006,300,11220.344499
-104.846146,300,11227.720507
-99.050443,300,11235.260264
-704.981746,251,11241.396919
-619.250306,50,11242.571249
-94.593075,300,11249.856148
-571.377392,300,11257.246069
-170.308314,300,11264.656962
-145.490549,300,11272.08491
-115.046418,300,11279.505727
-125.979152,300,11287.00309
-108.070869,300,11294.337495
-184.942613,300,11301.74247
-164.829989,300,11309.040685
-85.580927,300,11316.515665
-101.635052,300,11323.66485
-109.829553,300,11331.103231
-597.095171,300,11338.462475
-104.316764,300,11345.789707
-617.313485,42,11346.766419
-417.957298,300,11354.160759
-643.350497,110,11356.856416
-160.174085,300,11364.230573
-119.031732,300,11371.905961
-666.482817,163,11375.975771
-131.580845,300,11383.461219
-614.484532,77,11385.435791
-145.274507,300,11392.775354
-619.16378,46,11393.881391
-133.096859,300,11401.309325
-732.878859,169,11405.307216
-110.315611,300,11412.562904
-99.06326,300,11419.883924
-218.141057,300,11427.260822
-156.096799,300,11434.216108
-618.927173,74,11436.093054
-635.106734,113,11438.819078
-148.073155,300,11446.294108
-115.022449,300,11453.747226
-109.273116,300,11461.42506
-99.938643,300,11468.203147
-98.945213,300,11475.662946
-653.843616,151,11479.450014
-75.540608,300,11486.750703
-105.412509,300,11494.35836
-117.653888,300,11501.77817
-160.321992,300,11509.355869
-1149.503815,228,11515.080794
-618.651231,44,11516.170465
-85.041276,300,11523.747567
-139.329137,300,11531.051582
-100.041084,300,11538.318621
-756.645867,82,11540.279085
-134.235257,300,11547.641709
-98.257889,300,11555.32983
-116.166995,300,11562.649149
-131.726321,300,11570.168492
-263.56526,300,11577.300354
-700.377665,254,11583.256433
-136.361379,300,11591.022017
-201.326314,300,11598.336921
-109.448046,300,11605.73043
-609.129754,23,11606.291059
-119.913461,300,11613.681176
-79.086423,300,11621.250021
-404.283838,300,11628.617912
-121.066904,300,11635.917799
-732.00666,100,11638.327956
-667.856711,218,11643.679691
-129.338203,300,11650.846807
-80.579622,300,11658.093318
-114.742275,300,11665.172592
-142.989462,300,11672.693179
-131.298319,300,11680.010379
-664.310521,177,11684.165636
-85.661439,300,11691.568752
-134.455847,300,11698.811781
-99.083674,300,11706.138798
-618.546358,79,11708.067165
-84.625018,300,11715.307904
-109.538,300,11722.708567
-114.187262,300,11730.250787
-635.50364,117,11733.081756
-603.350393,21,11733.599179
-599.748628,300,11740.966695
-73.541427,300,11748.411584
-94.200579,300,11755.182269
-124.346724,300,11762.458078
-609.313342,32,11763.227104
-103.079404,300,11770.673598
-81.117628,300,11777.942886
-85.538427,300,11785.434647
-96.551798,300,11792.814321
-77.310395,300,11800.172771
-194.812871,300,11807.852165
-123.030732,300,11815.315436
-106.241679,300,11822.786269
-93.22349,300,11830.279973
-129.042223,300,11837.301957
-114.159304,300,11844.893053
-97.055895,300,11852.405858
-643.16555,164,11856.424587
-654.692437,135,11859.802929
-113.942932,300,11867.108316
-91.221378,300,11874.752908
-650.24708,207,11880.04705
-639.252109,95,11882.401217
-91.543813,300,11889.862828
-89.241736,300,11897.666399
-140.299303,300,11905.020505
-238.725714,300,11912.587428
-117.280203,300,11920.061267
-97.855948,300,11927.657708
-75.054791,300,11935.217215
-835.097656,196,11940.004405
-612.748307,36,11940.913733
-797.701124,88,11943.074585
-124.26659,300,11950.041978
-635.714477,119,11952.96624
-682.529498,276,11959.932514
-339.267752,300,11967.029535
-116.118575,300,11974.585729
-755.840586,130,11977.747553
-105.7656,300,11985.056864
-635.554461,116,11987.955927
-662.913144,154,11991.723619
-126.973883,300,11998.943943
-91.748639,300,12006.712338
-113.3543,300,12013.789449
-94.881305,300,12021.632797
-633.885134,105,12024.272012
-756.157642,300,12032.082731
-995.97878,130,12035.38616
-654.5115,32,12036.174486
-168.887469,300,12043.117693
-122.497622,300,12050.552205
-274.231593,300,12057.484854
-666.662148,181,12061.98709
-102.59211,300,12069.598233
-639.38839,146,12073.244713
-107.608544,300,12080.699008
-108.653937,300,12088.043494
-102.9389,300,12095.358511
-136.837966,300,12102.840715
-87.225197,300,12110.417962
-105.082148,300,12117.48895
-646.959285,15,12117.85753
-647.016943,140,12121.2808
-133.870794,300,12128.902355
-69.639957,300,12136.333153
-106.102808,300,12143.86794
-716.521208,300,12151.364262
-635.499509,106,12153.907712
-72.821163,300,12161.474285
-132.969505,300,12168.92965
-77.752854,300,12176.316337
-693.732132,291,12183.410751
-99.562877,300,12190.869475
-128.631506,300,12198.290376
-110.722722,300,12205.790135
-669.326619,293,12212.804225
-617.511625,48,12213.975036
-96.262013,300,12221.228019
-613.728074,42,12222.251614
-83.434566,300,12229.536474
-72.099446,300,12236.801229
-133.466701,300,12244.294314
-93.021117,300,12251.330987
-114.698985,300,12258.470235
-650.06707,17,12258.877461
-386.827866,300,12266.435596
-605.005717,24,12267.002787
-137.71816,300,12274.059402
-136.470101,300,12281.207656
-119.258658,300,12288.557486
-697.256838,272,12295.355818
-297.76362,300,12302.303912
-89.183727,300,12309.763906
-142.809811,300,12316.69939
-245.690558,300,12324.083663
-119.007083,300,12331.590104
-807.026626,106,12334.129521
-105.122527,300,12341.445808
-107.798691,300,12348.823677
-610.068295,28,12349.514114
-110.436507,300,12356.572253
-98.786961,300,12364.034755
-656.646972,134,12367.292443
-113.486906,300,12374.89012
-649.857702,139,12378.388525
-95.938942,300,12385.517411
-672.398664,224,12390.755408
-185.901728,300,12398.121629
-97.496731,300,12405.575273
