# {"t_start": 1565015202.7675934, "env_id": "highway-discrete-intrinsic-rew-v0"} 
r,l,t
-581.486037,79,5.251012
-555.899998,61,7.119779
-209.274126,172,12.328387
-532.783442,48,13.774942
-530.045628,37,14.914601
-320.51934,115,18.458172
-435.037195,80,20.869963
-472.647704,198,27.094982
-473.621612,90,37.5488
-568.877978,31,38.496951
-560.602234,70,40.641359
294.310044,300,49.649583
3793.759359,290,58.670778
-455.960995,90,69.132105
-548.562675,57,70.88926
-522.699714,57,72.6228
-541.431336,144,76.97638
-580.463374,28,77.836553
-378.212041,196,83.613554
-425.73638,133,88.31751
-584.411611,118,91.81742
-595.538263,63,93.725139
-606.269758,137,97.862885
-590.479248,67,100.235668
-594.313329,65,102.22065
-596.132431,81,104.682914
-25.910013,300,113.715542
-601.055759,52,115.295174
-584.687316,25,116.06389
-598.247932,26,116.862504
-596.576835,56,118.543587
-578.054299,62,120.430758
-592.835143,31,121.368047
-616.605019,146,125.799503
-590.525594,76,131.796637
-601.101822,38,132.954795
-602.395188,146,137.36585
-603.444185,89,140.042494
-613.713999,142,144.955874
-611.794642,91,147.734936
-607.863776,154,152.438745
-598.769009,39,153.619516
-639.54309,200,160.183803
-609.678228,98,165.144575
-60.805996,300,174.28358
-598.836873,73,176.654748
-609.677438,261,185.285828
-588.571788,47,186.712571
-599.734873,45,188.073858
-614.773211,68,190.126453
-596.888544,84,192.711378
-601.968777,45,195.886642
-74.56815,300,204.978473
-616.516405,69,207.076694
-604.845833,50,208.599607
-605.610482,72,210.776727
-594.570577,41,212.008973
-596.627842,48,214.144583
-613.180221,67,216.177592
-594.884644,67,218.196711
-607.851401,90,220.91127
-623.477449,120,224.54308
-601.374233,41,225.797849
-618.911845,152,231.14735
-649.439826,219,237.881536
-598.75504,88,240.594119
-603.291184,43,241.904529
-611.829746,82,244.415776
-108.000977,300,253.530846
-599.43614,111,256.899762
-604.777764,59,259.886685
-635.699534,140,264.109598
-601.787703,60,265.939311
-650.57194,170,271.088906
-625.101906,146,275.626491
-309.651487,149,280.252751
-579.489023,173,286.089084
-601.046359,32,287.06745
-600.124873,39,291.465703
-608.15726,35,292.522451
-603.249814,65,294.519983
-127.661932,300,303.671853
-100.851079,300,312.817065
-640.64988,147,317.330243
-631.990871,138,321.494963
-99.747017,300,331.07745
-702.704229,248,338.692871
-602.016167,44,340.026509
-614.101334,87,342.677721
-619.916784,64,344.614226
-564.072359,211,351.098942
-622.253279,81,355.964204
-632.248203,121,359.72081
-640.283004,124,363.521245
-117.897161,300,372.693162
-615.416875,94,376.212514
-89.798818,300,385.31669
-609.18681,124,389.524942
-659.281228,190,395.224279
-611.123753,38,396.373727
-120.489367,300,405.559534
-108.995217,300,414.912808
-610.23954,44,416.258097
-655.864711,260,425.419932
-633.806917,89,428.089604
-604.791698,85,430.672757
-613.032642,50,432.182124
-118.797062,300,441.529531
-616.276671,76,451.507416
-651.522866,158,456.333308
-682.376789,240,463.637882
-615.852932,74,465.872816
-627.240219,105,469.057543
-609.356209,64,471.035438
-614.464895,44,473.022791
-614.038267,71,475.161914
-660.244625,154,479.799985
-606.806089,50,482.7647
-111.878173,300,491.812263
-683.980464,287,500.835342
-643.615038,148,505.3569
-605.194111,29,506.247864
-631.315817,136,510.38954
-687.97751,239,520.129696
-122.768794,300,529.343706
-682.948738,190,535.253107
-700.463772,249,542.890121
-108.834329,300,553.85007
-700.993188,252,561.585512
-612.808049,57,563.301941
-605.464114,42,564.578571
-645.393659,144,568.92007
-631.635781,105,579.558382
-682.88164,243,587.598419
-630.286356,82,590.080494
-735.09166,264,598.151448
-639.775991,96,601.07291
-625.44203,81,603.498507
-637.508816,118,607.02609
-611.865266,80,610.855469
-693.822989,195,616.886952
-718.67128,227,623.694756
-745.765354,299,632.871704
-615.767758,40,634.100522
-654.902068,117,643.73738
-613.896956,54,645.398705
-135.262252,300,654.838575
-657.249228,177,660.236984
-158.390156,300,669.601586
-639.319438,119,675.979236
-722.546314,291,684.975314
-125.365959,300,694.203941
-724.461177,255,702.796026
-607.607134,28,703.66199
-622.452091,88,707.648196
-134.917808,300,716.87249
-620.347354,59,718.679354
-608.86791,36,719.783756
-118.641291,300,728.887943
-611.804984,51,730.429794
-647.105059,102,739.751842
-152.059359,300,748.928266
-636.174533,99,751.919949
-697.227408,185,757.688826
-638.246957,112,761.155352
-620.118712,78,763.531403
-624.628693,83,766.063351
-693.934978,268,776.698477
-134.138714,300,786.001883
-609.849453,60,787.830269
-618.143684,71,789.998374
-619.635103,90,793.369051
-672.184678,154,798.09329
-734.967047,284,809.678481
-143.087933,300,818.767054
-744.004717,294,827.615343
-607.686697,33,828.627095
-614.553752,78,834.807169
-628.848841,101,837.870698
-144.950294,300,847.16228
-624.431227,62,849.054277
-117.742063,300,858.268836
-613.201561,49,859.746598
-609.76302,31,865.145726
-153.830139,300,874.47929
-609.445565,39,875.667244
-152.530859,300,884.882303
-651.243035,101,887.960081
-625.342914,68,890.030093
-749.451915,270,904.184829
-157.364748,300,914.262867
-708.079508,185,919.91412
-711.158404,244,927.480243
-147.718332,300,937.722332
-143.850295,300,946.883378
-81.049211,300,956.342116
-637.854825,78,962.909863
-707.503694,225,969.768589
-691.74901,189,975.554903
-632.201542,93,978.389928
-134.887173,300,987.67492
-655.829386,129,991.53222
-610.858075,86,994.876728
-132.975595,300,1003.640973
-697.72228,210,1010.02702
-690.562595,189,1015.830354
-713.671387,231,1030.47541
-613.958675,44,1031.826674
-694.72085,192,1037.556257
-710.437083,228,1045.159446
-694.022858,186,1050.845941
-615.87274,53,1057.15372
-742.446214,274,1065.376619
-115.654744,300,1074.500963
-650.310479,109,1077.790427
-607.537038,25,1078.559267
-722.012012,222,1085.353429
-124.11467,300,1096.214604
-145.287788,300,1105.448467
-617.730947,39,1106.626594
-617.680932,37,1107.750976
-697.682924,222,1114.401873
-663.527642,161,1123.555766
-130.418416,300,1132.682113
-620.309861,85,1135.269319
-606.709388,31,1136.205182
-684.181271,187,1141.857785
-141.013994,300,1159.586006
-645.410387,100,1163.258187
-163.356287,300,1172.396714
-125.91099,300,1181.510638
-184.793638,300,1191.912638
-653.163736,137,1196.14737
-690.875213,202,1202.276863
-715.264218,222,1208.975352
-745.98051,299,1223.639544
-619.903773,55,1225.298473
-132.169607,300,1234.527889
-719.300204,240,1242.041226
-648.563731,102,1245.181953
-744.918422,297,1255.590698
-685.555164,183,1261.270304
-628.961691,75,1263.543795
-619.065845,55,1265.196199
-148.350112,300,1274.659197
-607.664382,41,1275.923824
-148.269134,300,1287.627401
-721.155106,231,1295.259005
-725.225558,224,1302.088373
-751.226256,287,1319.390429
-141.977403,300,1328.614682
-730.355838,253,1336.411772
-136.983447,300,1351.608096
-144.316383,300,1360.940864
-633.864553,99,1363.949812
-154.098244,300,1373.204597
-130.297227,300,1383.67295
-728.344548,273,1392.000313
-640.855893,150,1396.55925
-135.678249,300,1405.627225
-750.572174,290,1415.024778
-147.820809,300,1423.763903
-638.160212,88,1426.40732
-140.575127,300,1435.586119
-137.86774,300,1446.370799
-627.6555,86,1448.992534
-152.073196,300,1458.820062
-700.291152,196,1464.814
-717.605242,217,1476.074307
-156.128386,300,1485.274051
-159.690398,300,1494.713105
-606.449174,32,1502.910052
-140.831733,300,1512.135994
-144.995519,300,1521.1566
-148.815651,300,1530.671481
-618.161946,73,1536.136685
-151.526737,300,1545.298836
-728.496139,263,1553.247886
-133.119695,300,1562.425088
-627.297932,75,1564.808301
-747.402816,293,1574.59112
-177.198637,300,1583.64273
-709.736284,203,1589.797171
-772.517032,287,1605.524964
-706.834849,221,1612.170909
-147.231015,300,1621.935126
-725.15022,239,1636.183544
-673.583244,140,1640.487432
-142.734541,300,1649.666934
-611.63545,48,1651.102234
-625.842214,82,1653.553504
-620.029421,62,1662.310347
-740.376868,239,1669.480505
-730.413261,296,1678.29366
-639.21471,140,1682.498517
-168.308627,300,1701.001579
-665.08182,138,1705.203105
-170.009325,300,1714.293172
-653.044818,107,1717.49767
-620.911257,63,1719.423001
-645.878752,87,1726.008557
-157.361004,300,1735.160759
-624.613612,82,1737.641172
-645.4301,79,1740.029041
-709.579733,219,1747.432985
-650.272484,143,1751.726661
-634.685219,93,1754.535241
-159.392819,300,1764.22687
-617.746053,56,1765.958092
-154.485449,300,1775.098225
-616.069726,39,1776.28445
-699.773284,185,1781.953696
-159.908862,300,1795.868109
-689.798116,168,1800.95116
-153.450867,300,1810.077191
-655.782505,125,1822.140714
-154.859603,300,1831.176443
-634.176474,89,1833.846237
-147.741752,300,1842.972602
-686.812187,163,1847.866294
-714.70762,240,1856.940162
-170.072038,300,1865.948373
-158.278626,300,1875.007199
-632.300186,69,1883.89475
-112.14941,300,1892.873354
-701.249976,204,1899.017767
-145.520484,300,1908.21302
-143.936858,300,1922.47089
-619.376636,41,1923.713848
-648.745955,104,1926.939094
-690.290517,159,1931.834881
-165.508654,300,1940.835823
-146.088404,300,1953.98929
-150.538326,300,1963.143162
-615.962543,50,1964.652518
-677.327026,141,1968.895631
-733.03505,227,1983.386512
-726.445014,259,1991.259528
-758.955493,286,1999.815042
-158.70685,300,2017.146644
-614.153198,50,2018.653949
-730.405903,250,2026.139797
-616.145985,42,2028.036876
-144.416171,300,2037.128085
-624.011751,67,2039.169729
-140.584065,300,2049.244946
-671.203725,142,2053.631318
-658.306433,153,2058.239124
-733.820696,295,2067.203328
-613.751455,41,2068.452884
-688.58558,164,2076.792854
-737.203765,286,2085.693642
-135.572669,300,2094.835311
-612.650713,45,2104.948273
-638.687937,121,2108.578138
-735.932844,285,2117.169298
-612.512713,41,2118.407709
-623.608747,58,2120.16439
-143.325719,300,2129.241777
-613.852569,38,2130.404403
-700.742653,213,2141.462371
-646.300797,108,2145.392855
-622.022981,62,2147.272335
-733.890309,231,2154.246619
-632.783904,70,2156.358127
-141.227732,300,2165.424404
-752.047492,268,2175.274677
-726.196281,263,2183.403553
-620.388637,51,2184.930412
-153.705885,300,2194.070783
-148.191571,300,2207.795231
-130.348755,300,2216.826088
-151.131106,300,2226.052309
-752.122964,262,2238.258513
-619.152809,66,2240.222625
-145.575715,300,2249.497896
-625.726666,73,2251.675193
-162.744876,300,2260.821455
-697.488552,182,2267.593337
-620.707848,48,2269.028725
-139.418084,300,2278.798354
-151.356353,300,2287.76914
-608.183472,37,2295.266128
-137.988082,300,2304.259437
-138.000404,300,2313.249762
-159.363501,300,2322.260857
-146.788161,300,2334.267709
-746.215461,275,2342.614155
-128.646327,300,2351.979376
-129.130573,300,2366.097422
-160.535563,300,2375.26129
-766.110205,287,2384.083105
-610.336704,32,2389.596851
-613.270552,45,2390.949479
-169.906992,300,2399.980209
-85.85797,300,2409.292941
-148.777222,300,2418.624168
-159.855098,300,2429.369979
-614.162985,41,2430.620102
-147.723336,300,2439.912111
-688.278254,193,2445.757909
-150.86909,300,2461.120953
-141.791842,300,2470.318743
-153.923751,300,2479.358925
-617.39791,48,2485.099873
-702.044308,184,2490.576328
-661.51382,139,2494.781711
-70.022537,300,2503.969146
-644.469286,115,2507.435816
-147.912033,300,2524.236365
-158.354333,300,2533.540625
-627.02509,72,2535.725473
-633.561819,100,2538.684943
-141.756963,300,2555.916738
-636.554799,94,2558.8095
-631.334201,76,2561.103234
-134.030946,300,2571.021805
-705.430573,251,2587.739867
-115.697448,300,2597.381442
-727.553166,232,2604.592969
-653.701655,137,2617.148582
-110.035436,300,2626.356809
-624.944985,63,2628.256779
-155.229142,300,2637.223913
-126.834681,300,2653.666174
-136.408623,300,2662.778056
-136.388962,300,2671.806499
-678.56389,172,2681.280066
-677.983389,157,2686.351116
-115.793876,300,2695.88903
-155.054459,300,2705.063682
-135.423624,300,2717.218834
-638.171702,108,2720.46963
-121.450516,300,2729.582329
-699.518948,274,2738.225017
-151.011154,300,2749.225833
-147.715118,300,2758.462621
-145.463959,300,2768.252556
-137.776417,300,2781.570504
-141.030405,300,2790.754081
-688.543124,240,2798.168215
-621.743141,84,2806.796744
-108.384289,300,2815.93925
-126.785486,300,2824.871231
-151.06426,300,2834.05358
-118.549915,300,2844.87778
-625.476239,71,2847.002569
-149.577452,300,2855.96839
-110.335803,300,2865.165487
-609.713306,33,2868.350165
-128.271524,300,2877.347144
-143.283061,300,2886.340121
-95.418861,300,2895.59087
-634.500591,70,2901.012284
-127.429678,300,2910.047048
-604.417562,31,2910.997421
-655.752527,122,2915.339818
-668.373524,155,2919.969218
-121.251701,300,2929.024955
-630.508688,87,2933.585244
-138.432143,300,2942.5967
-131.842159,300,2951.673616
-678.859767,228,2958.580142
-117.109042,300,2971.504843
-128.029002,300,2980.531531
-125.266663,300,2989.476275
-145.023418,300,3003.565325
-151.830897,300,3013.180576
-662.410496,129,3017.062867
-150.525426,300,3035.365606
-159.539049,300,3044.204668
-129.015918,300,3053.303645
-150.337167,300,3066.799937
-637.462018,84,3069.289683
-609.061113,33,3070.280914
-141.978536,300,3080.072493
-127.005116,300,3089.148389
-658.70438,167,3095.061885
-626.202031,72,3097.197513
-627.290633,59,3098.988687
-660.387493,150,3103.501113
-124.455536,300,3112.556515
-645.710596,98,3124.686366
-643.107168,137,3128.921409
-142.550297,300,3137.982467
-137.565258,300,3147.244277
-622.270929,54,3155.158868
-96.106969,300,3164.343381
-617.488932,47,3165.764579
-148.441967,300,3174.751668
-706.90426,242,3181.994939
-662.094992,157,3189.811601
-123.901905,300,3199.061947
-103.53873,300,3208.320576
-702.950922,220,3215.647509
-642.383302,87,3220.372881
-156.363592,300,3229.373749
-140.007953,300,3238.625788
-135.406371,300,3248.021533
-137.591431,300,3258.914258
-709.5953,234,3265.920318
-136.18999,300,3275.196294
-147.082671,300,3290.516458
-109.681853,300,3299.576946
-106.286305,300,3308.533228
-128.990318,300,3321.985487
-637.566972,111,3325.297768
-615.503879,46,3326.678308
-702.449436,235,3333.850029
-91.94708,300,3343.046993
-158.505464,300,3353.588101
-163.905295,300,3362.925474
-144.02293,300,3372.28893
-690.998749,253,3385.167553
-112.331122,300,3394.11802
-134.23749,300,3403.243
-135.698958,300,3418.056756
-674.26047,210,3424.427191
-137.199258,300,3433.612151
-663.049271,162,3445.602243
-638.044646,76,3447.896308
-614.541189,38,3449.043888
-643.818453,103,3452.177876
-716.410053,268,3460.415083
-105.23705,300,3469.395613
-727.752762,280,3481.017382
-657.96941,122,3484.792442
-103.45951,300,3494.036964
-119.596852,300,3503.085192
-128.748032,300,3513.327104
-612.056484,38,3514.478837
-148.220645,300,3523.752207
-619.811739,56,3526.101915
-641.490423,125,3529.904519
-109.642369,300,3546.181378
-119.451492,300,3555.356682
-687.728654,255,3563.234934
-622.144493,53,3564.821207
-649.664176,103,3572.092305
-135.53205,300,3581.060614
-618.061766,46,3582.452818
-134.440558,300,3591.423806
-645.410316,98,3603.308494
-139.216084,300,3612.477373
-135.469397,300,3621.660997
-151.08395,300,3630.825173
-149.599982,300,3641.704396
-142.87742,300,3650.87154
-104.022459,300,3659.9314
-623.180441,64,3661.844444
-158.784145,300,3673.661194
-715.081952,240,3681.584244
-114.488114,300,3690.650631
-143.624444,300,3706.11736
-678.672909,173,3711.291126
-695.713098,184,3716.911741
-134.949605,300,3726.002283
-105.015668,300,3737.752922
-116.132556,300,3746.913028
-674.648195,214,3753.385568
-614.945107,43,3754.68596
-621.901542,66,3762.402518
-121.708472,300,3771.428361
-726.053108,278,3779.996813
-622.221368,59,3781.767945
-671.06631,194,3787.556255
-639.10357,93,3790.36597
-720.4943,268,3800.367537
-133.926415,300,3809.390701
-679.52748,170,3814.558002
-625.011909,71,3817.345149
-621.368152,56,3826.282866
-130.113032,300,3835.331203
-690.979556,195,3841.345283
-634.123729,85,3843.91726
-122.727477,300,3853.064048
-136.693052,300,3865.668745
-622.718501,84,3868.224846
-116.805961,300,3877.216275
-626.08176,74,3879.471469
-129.570691,300,3897.508096
-103.879192,300,3906.614686
-142.049872,300,3915.635859
-123.27193,300,3929.199231
-137.36937,300,3938.291901
-150.666377,300,3947.396044
-622.15375,66,3953.878462
-105.226625,300,3963.036793
-119.343116,300,3972.026949
-137.128182,300,3981.708301
-117.424599,300,3993.352349
-636.378727,102,3996.431231
-133.994848,300,4005.473348
-643.777246,104,4008.61067
-122.955457,300,4024.93537
-675.57081,236,4032.125364
-77.253376,300,4041.169797
-104.432201,300,4056.975737
-151.35581,300,4066.083597
-724.206232,270,4074.3365
-623.225969,56,4076.019323
-110.628304,300,4088.794113
-119.883407,300,4098.16771
-120.856327,300,4107.19091
-628.904849,98,4114.552604
-141.874754,300,4123.48983
-154.115359,300,4132.645696
-141.294263,300,4141.718696
-138.638229,300,4152.932356
-708.822436,253,4160.551176
-128.057942,300,4169.462224
-127.489279,300,4184.237319
-131.602825,300,4193.25532
-137.877466,300,4202.298723
-717.933934,283,4215.335304
-628.495355,63,4217.255112
-140.45873,300,4226.343575
-119.886308,300,4235.354786
-682.1675,171,4243.561812
-621.083373,57,4245.274533
-149.103608,300,4254.490776
-126.333284,300,4263.817923
-163.6225,300,4279.641414
-137.580326,300,4288.946718
-627.980144,76,4291.428831
-96.681719,300,4300.807601
-132.87346,300,4312.375068
-133.878402,300,4322.111834
-134.053383,300,4331.853179
-625.667478,72,4338.835217
-611.170605,32,4339.802757
-715.577263,226,4346.650881
-152.224521,300,4355.804362
-141.666551,300,4364.933199
-649.037671,112,4372.01697
-151.622661,300,4381.039414
-115.772939,300,4390.467292
-135.667086,300,4399.289477
-117.598001,300,4409.461876
-114.603374,300,4418.665418
-158.488221,300,4427.764063
-146.84995,300,4441.558279
-662.782816,123,4445.277323
-151.679109,300,4454.422668
-133.571555,300,4463.679125
-619.646073,71,4466.634156
-624.727571,73,4469.526645
-123.133706,300,4478.556237
-147.41855,300,4487.815207
-149.404108,300,4506.162355
-137.148761,300,4515.313831
-134.683075,300,4524.298153
-622.651986,76,4526.561769
-108.715674,300,4537.683659
-749.364815,270,4546.082129
-152.384163,300,4555.170489
-135.808067,300,4569.961784
-706.93067,221,4576.719795
-151.834992,300,4585.81373
-141.408317,300,4601.762507
-622.075192,91,4604.501809
-162.39716,300,4613.659614
-164.763704,300,4622.781377
-140.154758,300,4633.979645
-136.653077,300,4643.244993
-124.634297,300,4652.89682
-114.026653,300,4666.469342
-611.053495,50,4667.989228
-146.06943,300,4677.08088
-615.191218,64,4679.045587
-149.092207,300,4688.198756
-631.454308,90,4692.103772
-146.512199,300,4701.160717
-144.458459,300,4710.507889
-109.613591,300,4719.555293
-156.851226,300,4730.515576
-667.87312,163,4735.572903
-686.258717,211,4741.969369
-660.591275,129,4745.835312
-632.301268,98,4748.80345
-629.985185,80,4751.223714
-646.961783,132,4757.372715
-119.767976,300,4766.154271
-125.485075,300,4775.185553
-671.461781,182,4791.00409
-125.998651,300,4800.051519
-639.441603,108,4803.379763
-699.20086,187,4809.118551
-137.776993,300,4826.614657
-635.269907,85,4829.15859
-102.904024,300,4838.240933
-667.572485,146,4842.766939
-695.883994,177,4848.197083
-137.661057,300,4858.690448
-133.319663,300,4867.888342
-144.300823,300,4877.17167
-139.345943,300,4891.172201
-725.074358,244,4898.780324
-149.285322,300,4908.302975
-658.63292,108,4911.558046
-152.969561,300,4923.626114
-633.952599,92,4926.39495
-130.239811,300,4935.491719
-644.314085,90,4938.843102
-150.501843,300,4956.414044
-156.653424,300,4965.59146
-702.392685,218,4972.0703
-681.979866,155,4983.907004
-85.20966,300,4992.931207
-135.724039,300,5002.024817
-678.664359,185,5007.560057
-138.687456,300,5020.119687
-150.258795,300,5029.369956
-609.828718,34,5030.399621
-123.017816,300,5039.383404
-612.666982,33,5043.983659
-131.523563,300,5053.08408
-647.352334,100,5056.077209
-160.890617,300,5065.254893
-122.135635,300,5083.876947
-652.487897,126,5087.737157
-121.759855,300,5096.82176
-641.402275,93,5110.302817
-675.076497,167,5115.356077
-104.465753,300,5124.684241
-104.53333,300,5133.731427
-650.048183,125,5143.374518
-623.045625,46,5144.761507
-637.769042,145,5149.147488
-130.041238,300,5158.32495
-651.818421,88,5160.985192
-757.922076,297,5169.99422
-125.012959,300,5180.73716
-156.033879,300,5189.908215
-633.31891,100,5192.980512
-626.489036,66,5194.970837
-145.748435,300,5212.979384
-143.421155,300,5222.126714
-133.217051,300,5231.323972
-622.207794,73,5233.539908
-679.685896,192,5241.781046
-697.985575,183,5247.906452
-739.927882,267,5256.000033
-136.353605,300,5265.170637
-135.198224,300,5277.630774
-137.609686,300,5286.818397
-122.214349,300,5296.144189
-681.498688,182,5306.287143
-692.297093,195,5312.234755
-611.611066,30,5313.146441
-141.557317,300,5322.252526
-145.093642,300,5331.413195
-672.395729,175,5338.133035
-127.832582,300,5347.157396
-152.444923,300,5356.209162
-612.819054,51,5366.265784
-630.588336,76,5368.532798
-138.853173,300,5377.823751
-137.991984,300,5387.170471
-147.139461,300,5405.983369
-633.454164,74,5409.394082
-155.038753,300,5418.556571
-145.161652,300,5427.736761
-153.381132,300,5439.088439
-124.563003,300,5448.234175
-655.834001,108,5451.513808
-628.109676,68,5453.55206
-150.878342,300,5471.291112
-609.901474,31,5472.235366
-146.025759,300,5481.213202
-635.486797,94,5484.055764
-140.02522,300,5503.051046
-630.539278,93,5505.933382
-138.265745,300,5514.884916
-616.43137,64,5516.819492
-640.914639,94,5519.664526
-133.658907,300,5534.857895
-137.6911,300,5544.072941
-148.779938,300,5553.044847
-136.017517,300,5567.340922
-616.03121,56,5569.032943
-140.52783,300,5578.059942
-676.139418,180,5583.515951
-130.665826,300,5599.322704
-631.012744,84,5601.870364
-651.130509,113,5605.187772
-117.146256,300,5614.293036
-616.22067,55,5623.683688
-622.209425,66,5625.675495
-644.146901,104,5628.861157
-116.865586,300,5637.9132
-678.935815,276,5646.501033
-684.233898,204,5660.368156
-143.732988,300,5669.489752
-108.233583,300,5678.742649
-612.059716,44,5687.639406
-129.304105,300,5696.587593
-674.622891,182,5702.020809
-170.28293,300,5712.785077
-139.934548,300,5728.693281
-687.974385,187,5734.393932
-145.456648,300,5743.757764
-634.017275,81,5754.227655
-125.130254,300,5763.246616
-112.360915,300,5772.366789
-659.330214,132,5776.439163
-647.535784,113,5779.849832
-174.443972,300,5793.066418
-135.1528,300,5802.149654
-732.375699,249,5809.668181
-616.766994,64,5811.629276
-139.169977,300,5824.924563
-624.518835,69,5826.992054
-89.466948,300,5836.076392
-145.088311,300,5845.202473
-613.11002,46,5849.23582
-699.764517,197,5855.217989
-114.888951,300,5864.877837
-149.660672,300,5874.052125
-737.695238,284,5889.236468
-700.904898,218,5895.792071
-177.888094,300,5904.841701
-133.985117,300,5921.7428
-133.032002,300,5930.843713
-129.368071,300,5940.09834
-158.782489,300,5953.74112
-160.171187,300,5962.918819
-156.125711,300,5972.059276
-147.90405,300,5985.761966
-155.65591,300,5995.033596
-140.313039,300,6004.134271
-158.105267,300,6018.025373
-77.102226,300,6027.348331
-734.634954,298,6036.749742
-144.894553,300,6050.459796
-137.375073,300,6059.637811
-146.6919,300,6069.413786
-628.668745,66,6071.415751
-637.961811,111,6077.457044
-623.581577,71,6079.668401
-615.519151,42,6080.927177
-653.820093,171,6086.0924
-140.804971,300,6095.2129
-144.704286,300,6104.163227
-136.562513,300,6115.123639
-618.597664,53,6116.711437
-139.683495,300,6125.858547
-177.047455,300,6134.941412
-649.591783,135,6142.081235
-110.742119,300,6151.329151
-642.275633,111,6154.639616
-731.77284,255,6162.454028
-608.067339,34,6171.134504
-158.134242,300,6180.19418
-124.603568,300,6189.494999
-140.577637,300,6199.14047
-645.665644,96,6205.710665
-139.178569,300,6214.854261
-696.393211,164,6219.844777
-613.194729,46,6221.222689
-161.835622,300,6230.954588
-665.517473,130,6239.852989
-165.384724,300,6248.960576
-154.333253,300,6257.957651
-147.967902,300,6276.906702
-128.81581,300,6286.157676
-130.922276,300,6295.390903
-619.837483,63,6301.990268
-137.675542,300,6310.963799
-159.719848,300,6319.964493
-648.903866,127,6323.672468
-123.506109,300,6341.255502
-613.016312,35,6342.373778
-158.75633,300,6351.453458
-728.481815,216,6358.773809
-645.284729,91,6361.503829
-151.305327,300,6374.253426
-148.807671,300,6383.487826
-654.439124,125,6387.226975
-625.615515,59,6399.012433
-709.927262,202,6405.162375
-153.987306,300,6414.562738
-152.95566,300,6424.574706
-141.785227,300,6439.592638
-719.502777,283,6448.198195
-153.786641,300,6457.287291
-609.963745,41,6463.691654
-633.361565,85,6466.212413
-138.337073,300,6475.402714
-741.937116,271,6483.610405
-156.087966,300,6492.963041
-658.232617,114,6498.272753
-154.946157,300,6507.454905
-159.225487,300,6517.27126
-654.870779,133,6521.295617
-610.86963,45,6529.054256
-681.908014,192,6534.790441
-155.369826,300,6544.029402
-747.894141,299,6553.087739
-620.859657,58,6554.825324
-614.254887,37,6555.949257
-124.5516,300,6568.72429
-747.553996,286,6577.458575
-680.857485,168,6582.499753
-659.155274,106,6595.046985
-687.392869,165,6600.048471
-145.303161,300,6609.043389
-147.592923,300,6618.018553
-611.802314,40,6624.908733
-147.118703,300,6633.943064
-119.650874,300,6642.988633
-695.615364,162,6647.855462
-149.71777,300,6665.335187
-136.695242,300,6674.620235
-630.609117,71,6676.982195
-752.616775,292,6686.643022
-620.142416,61,6688.686001
-143.498254,300,6698.694364
-173.112534,300,6707.958193
-131.177506,300,6716.989296
-686.396893,154,6726.462323
-134.812599,300,6735.550057
-623.17755,63,6737.444851
-159.922423,300,6746.705814
-694.033958,182,6752.172168
-163.769443,300,6763.004098
-147.867302,300,6773.041775
-712.997108,216,6779.64074
-704.202178,207,6785.903016
-141.814327,300,6795.904626
-134.399775,300,6805.055545
-152.121869,300,6815.35623
-640.146942,100,6818.355647
-167.463753,300,6829.167352
-182.71872,300,6838.45454
-644.916028,94,6841.292705
-133.114569,300,6850.397724
-143.158656,300,6861.514048
-142.857178,300,6870.610231
-723.830829,247,6878.090882
-155.202027,300,6893.684123
-124.285915,300,6902.722211
-168.745343,300,6911.811768
-653.618723,97,6919.596362
-152.158528,300,6928.827907
-139.186705,300,6938.05986
-143.374157,300,6947.453446
-144.243587,300,6958.566775
-134.876713,300,6967.771978
-617.736772,50,6969.295769
-144.923086,300,6978.642914
-641.807006,95,6984.901754
-70.248639,300,6994.17205
-143.319609,300,7003.303115
-693.383862,181,7008.814484
-129.637281,300,7023.470297
-138.768155,300,7032.651041
-621.659094,62,7034.538247
-632.969802,74,7036.797077
-137.315501,300,7055.880199
-142.346829,300,7065.12639
-155.093157,300,7074.292583
-696.940048,170,7084.407694
-132.203247,300,7093.573421
-156.083663,300,7102.833709
-647.648384,92,7105.605144
-122.473642,300,7120.769237
-153.344855,300,7129.997422
-143.173178,300,7139.078024
-156.47919,300,7153.84431
-723.063982,252,7161.529349
-131.645586,300,7170.519977
-633.497863,76,7172.802161
-126.174248,300,7186.002737
-146.411021,300,7195.17785
-180.748259,300,7204.340067
-141.226233,300,7218.266047
-136.752636,300,7227.455915
-151.818444,300,7236.506141
-138.730817,300,7250.476931
-650.475612,118,7253.99245
-130.995993,300,7263.150404
-611.233199,32,7264.120784
-647.172623,84,7275.957321
-117.067302,300,7284.991252
-611.110081,41,7286.240126
-150.413956,300,7295.377853
-145.490307,300,7314.518018
-140.756049,300,7324.353194
-135.275854,300,7333.387722
-156.509808,300,7347.318757
-151.291251,300,7356.476973
-150.458397,300,7365.580367
-127.967683,300,7379.445036
-141.95104,300,7388.546616
-131.108818,300,7397.684136
-148.770931,300,7411.782067
-112.036819,300,7420.784895
-648.245386,156,7425.694315
-721.482413,262,7433.776149
-609.0041,29,7435.980348
-610.407991,42,7437.239494
-123.002173,300,7446.504303
-616.343743,57,7448.233443
-651.082051,121,7451.906664
-141.306633,300,7461.221784
-615.012864,49,7469.30981
-134.365678,300,7479.114127
-646.08303,79,7481.491555
-150.73343,300,7490.649897
-143.397547,300,7509.885675
-121.319572,300,7518.862366
-725.179736,264,7526.943169
-663.527663,125,7530.670868
-158.000624,300,7541.978181
-149.170471,300,7551.11345
-121.348258,300,7560.249027
-616.777126,50,7566.699696
-144.609818,300,7575.737687
-689.93212,168,7580.827642
-656.727727,106,7583.966149
-708.134238,215,7590.530608
-634.719649,90,7593.249027
-124.636718,300,7606.510988
-115.43425,300,7615.742274
-691.61524,212,7622.212767
-121.257756,300,7639.608096
-165.061624,300,7648.686896
-170.713812,300,7657.878403
-611.035278,58,7659.606456
-692.998418,189,7668.563325
-147.530043,300,7678.195568
-157.895189,300,7686.950062
-161.657362,300,7704.270974
-688.846101,200,7710.21647
-140.046171,300,7719.391031
-692.619459,179,7724.839521
-133.494062,300,7736.558855
-663.209528,130,7740.462267
-165.858078,300,7749.701254
-135.015573,300,7769.088599
-693.608018,188,7774.786212
-680.166969,160,7779.613435
-683.475835,162,7784.516751
-688.66648,157,7789.491935
-139.539108,300,7802.203168
-181.880825,300,7811.73561
-115.543383,300,7820.900085
-649.16817,95,7823.754891
-144.867105,300,7835.00644
-760.354938,286,7843.635516
-660.961906,130,7847.601593
-135.794395,300,7856.784631
-140.064086,300,7867.480641
-139.910646,300,7876.802513
-692.053471,184,7882.481894
-631.413053,82,7893.511269
-659.995949,139,7897.702873
-158.799396,300,7906.804888
-166.646377,300,7915.830546
-129.560698,300,7932.101199
-128.460331,300,7941.255096
-138.338723,300,7950.393623
-640.769382,87,7958.016994
-138.779167,300,7967.848347
-151.217102,300,7977.085168
-144.315786,300,7986.160835
-119.887353,300,7997.585548
-638.83386,95,8000.443002
-131.049547,300,8009.677074
-144.139404,300,8018.885675
-158.836016,300,8030.280466
-705.979814,189,8036.102947
-622.1224,51,8037.652298
-696.108193,199,8043.55406
-119.319808,300,8062.542417
-156.565081,300,8071.736564
-128.466202,300,8080.820226
-729.269064,279,8094.310212
-147.101536,300,8103.47344
-130.250428,300,8112.482223
-145.882977,300,8127.270165
-159.271948,300,8136.57471
-695.500763,167,8142.248411
-108.158543,300,8160.811497
-129.029444,300,8169.825356
-726.502456,252,8177.416458
-644.206091,93,8186.654817
-120.011304,300,8195.828652
-648.409297,99,8198.794194
-678.960723,161,8203.686788
-103.21032,300,8212.999056
-151.801842,300,8225.456688
-159.746826,300,8234.826907
-138.606766,300,8243.801015
-608.038376,29,8244.678839
-653.760416,107,8251.880403
-132.636372,300,8261.042569
-666.284284,146,8265.419167
-150.1719,300,8274.531661
-615.32474,45,8282.187124
-126.367382,300,8291.364208
-710.745207,237,8299.134179
-758.113283,288,8308.087684
-114.257652,300,8323.040155
-150.375471,300,8332.236809
-681.88405,164,8337.301299
-651.033295,113,8340.711219
-645.981577,116,8349.811675
-609.631114,46,8351.193992
-142.571476,300,8360.242264
-728.182878,258,8367.998226
-158.274293,300,8377.145254
-152.753897,300,8387.732118
-648.132037,130,8391.608251
-126.702503,300,8400.659159
-133.728682,300,8419.81906
-125.90754,300,8428.860887
-674.99535,177,8434.174203
-621.118978,53,8435.764125
-154.846843,300,8452.166882
-627.689029,54,8454.430323
-760.237941,273,8462.746685
-701.220346,171,8467.989224
-704.63125,204,8474.197096
-166.935939,300,8485.267455
-126.256034,300,8494.346714
-141.66358,300,8503.304884
-609.813381,31,8509.167115
-154.613098,300,8518.299331
-140.876995,300,8527.276524
-674.490203,212,8533.42387
-700.994186,246,8547.451717
-664.126914,139,8551.720147
-142.702089,300,8560.872002
-130.716418,300,8569.908956
-123.770503,300,8581.864138
-627.852588,74,8584.07777
-137.862402,300,8593.170031
-648.468516,98,8596.104947
-718.298811,247,8604.089883
-139.133019,300,8614.673357
-163.096276,300,8623.748501
-622.204708,67,8625.803705
-651.21358,103,8628.783659
-142.221476,300,8647.044274
-746.292184,283,8655.771742
-128.655616,300,8664.783222
-136.115264,300,8679.60729
-665.748462,107,8682.88686
-672.056993,146,8687.334223
-130.93863,300,8696.442306
-748.822724,278,8711.312938
-151.550636,300,8720.347007
-152.320407,300,8729.359485
-629.64539,59,8736.814471
-146.034321,300,8746.079513
-156.163262,300,8755.20843
-770.787077,297,8764.289258
-137.563034,300,8777.478574
-144.059426,300,8786.653525
-122.864811,300,8795.816823
-661.115524,189,8806.447747
-630.840307,97,8809.420239
-733.819883,246,8816.837341
-625.579938,63,8818.717762
-150.037175,300,8827.94677
-612.826582,39,8829.128122
-150.68055,300,8842.440121
-104.596348,300,8851.642092
-648.578052,136,8855.795559
-640.112354,100,8868.817101
-84.655237,300,8877.963656
-745.333793,246,8885.487375
-153.116119,300,8894.583763
-147.526498,300,8907.483071
-132.789052,300,8916.953048
-108.841377,300,8926.094177
-627.190914,92,8929.53043
-112.698649,300,8940.963408
-150.916646,300,8949.987314
-132.643015,300,8959.232357
-627.175898,66,8961.234093
-106.385208,300,8973.249663
-145.639405,300,8982.47608
-694.103556,199,8988.601573
-144.621122,300,9005.651714
-703.797771,217,9012.281294
-118.600995,300,9021.258073
-136.309619,300,9037.927757
-640.66866,97,9040.835899
-645.244925,119,9044.43758
-108.908811,300,9053.452536
-116.659046,300,9070.16012
-137.137049,300,9079.128876
-138.693802,300,9088.004751
-649.365718,149,9097.539459
-165.113107,300,9107.32309
-147.927748,300,9116.483055
-129.742006,300,9135.301322
-127.77448,300,9144.286489
-158.24901,300,9153.5467
-659.858029,177,9163.887039
-136.766359,300,9172.90234
-114.38575,300,9181.974008
-79.052113,300,9199.721722
-617.786357,45,9201.069522
-689.413298,260,9208.990984
-697.557945,207,9215.225683
-661.113275,116,9218.640841
-138.338795,300,9231.980076
-129.56077,300,9240.959811
-155.126604,300,9250.031865
-141.696191,300,9264.158331
-156.551752,300,9273.233238
-116.081895,300,9282.23326
-100.187107,300,9296.978184
-140.912732,300,9306.143911
-100.438774,300,9315.020624
-129.921024,300,9329.266594
-131.764955,300,9338.374087
-133.989557,300,9347.63311
-134.931101,300,9361.726126
-677.952416,197,9367.862886
-606.259593,48,9369.293705
-90.265648,300,9378.331466
-672.615621,184,9390.656342
-672.98247,173,9395.935684
-115.119739,300,9404.982098
-135.082359,300,9413.922303
-155.631151,300,9426.273997
-121.501106,300,9435.41151
-144.624687,300,9444.434771
-120.834845,300,9458.315045
-93.786414,300,9467.240036
-126.674757,300,9476.921556
-645.436764,120,9485.663384
-155.334416,300,9494.991788
-142.261728,300,9504.068709
-633.073383,126,9507.883496
-657.5289,118,9518.09125
-152.597743,300,9527.032213
-160.344544,300,9536.028204
-104.119193,300,9545.026345
-749.131971,290,9555.428138
-150.252997,300,9564.509104
-143.954179,300,9573.74071
-147.713517,300,9588.104919
-716.951717,218,9594.888807
-110.401232,300,9603.851885
-153.549773,300,9620.4465
-734.438637,285,9629.058791
-695.705631,197,9635.002419
-85.186464,300,9652.823232
-130.142942,300,9662.401327
-126.777584,300,9671.582474
-615.091916,44,9672.916879
-139.002085,300,9686.094695
-659.542878,140,9690.31554
-664.405439,145,9694.634586
-151.1815,300,9703.613581
-122.065612,300,9718.267996
-718.444851,260,9726.171827
-731.023268,276,9734.482602
-714.785626,252,9748.972647
-96.41242,300,9758.196894
-155.429413,300,9767.299567
-639.234502,85,9769.859962
-146.965528,300,9782.817754
-740.10148,280,9791.286123
-148.741649,300,9800.321409
-125.667017,300,9815.096187
-123.534729,300,9824.159108
-140.808573,300,9833.899269
-676.901012,155,9843.805741
-133.576828,300,9852.897589
-142.226659,300,9861.938107
-122.659923,300,9880.423111
-688.568581,165,9885.456824
-138.49291,300,9894.61778
-71.630541,300,9913.452435
-96.593738,300,9922.929067
-107.984251,300,9932.04315
-139.476167,300,9946.384096
-613.498741,40,9947.586034
-135.060145,300,9956.611002
-143.910863,300,9965.638285
-84.460519,300,9978.741838
-128.96446,300,9987.761334
-132.040627,300,9996.787956
-626.788976,73,10004.118501
-634.370693,112,10007.601335
-109.404282,300,10017.248679
-644.042676,106,10020.44122
-164.2497,300,10029.5901
-130.632095,300,10043.98282
-128.154634,300,10052.913311
-137.760259,300,10061.968718
-125.378038,300,10076.2068
-153.074016,300,10085.426661
-701.693135,248,10092.874029
-129.096033,300,10108.473158
-631.198195,90,10111.213977
-131.402061,300,10120.45798
-141.399301,300,10129.68357
-88.437489,300,10141.279189
-631.605973,62,10143.132613
-155.862586,300,10152.061252
-127.07313,300,10161.184097
-155.713377,300,10173.806633
-143.22566,300,10182.963295
-718.573057,236,10190.866324
-114.37021,300,10207.076282
-132.358248,300,10216.29609
-114.97653,300,10225.268317
-145.63567,300,10239.624022
-628.858065,75,10241.922145
-108.472652,300,10251.049703
-686.484589,212,10257.307154
-660.504975,155,10267.523232
-140.783144,300,10276.598729
-112.740393,300,10285.669206
-152.87833,300,10304.305946
-151.332972,300,10313.553843
-639.142083,90,10316.365659
-153.199607,300,10325.419124
-688.075941,211,10334.335039
-624.849283,88,10337.007572
-143.300941,300,10346.115126
-649.723228,123,10349.889455
-136.071951,300,10359.886186
-125.872875,300,10370.484288
-117.513375,300,10379.54664
-107.132874,300,10388.848768
-94.132153,300,10403.13871
-99.347803,300,10412.183452
-156.302519,300,10421.435775
-101.799467,300,10435.738161
-141.672562,300,10445.136605
-73.686215,300,10454.457959
-131.024484,300,10468.700317
-124.317001,300,10477.866283
-111.668579,300,10486.997949
-129.152794,300,10501.349834
-139.880933,300,10510.648787
-125.28654,300,10519.621228
-139.333623,300,10533.568603
-136.07691,300,10542.584378
-92.247535,300,10551.887051
-646.593788,149,10562.225028
-127.267332,300,10571.257238
-102.596356,300,10580.367657
-95.231636,300,10599.257457
-121.884026,300,10608.329682
-98.505167,300,10617.047041
-100.449149,300,10631.427546
-96.815153,300,10640.452402
-141.00483,300,10649.600795
-97.680983,300,10663.957493
-128.111464,300,10673.24544
-122.606835,300,10682.320608
-133.649679,300,10696.740227
-125.952559,300,10706.065906
-131.645624,300,10715.226801
-64.073,300,10729.591923
-117.297042,300,10738.753988
-110.414284,300,10747.878435
-103.392911,300,10763.276513
-108.240983,300,10773.342031
-690.889185,235,10780.415535
-119.292322,300,10796.648836
-705.677207,228,10803.670912
-96.142279,300,10812.971643
-616.627444,65,10814.938885
-88.884572,300,10829.530412
-104.49577,300,10838.591142
-108.241568,300,10847.86406
-695.326449,233,10860.21101
-105.66876,300,10869.385167
-109.577553,300,10878.421601
-134.497202,300,10894.889667
-130.948428,300,10904.048872
-106.894307,300,10913.141864
-91.307691,300,10927.63544
-132.557183,300,10936.789377
-108.563066,300,10945.742071
-81.178383,300,10960.088359
-108.869424,300,10969.899687
-103.692148,300,10979.147733
-111.99302,300,10993.930315
-84.198778,300,11003.033295
-123.001692,300,11012.138759
-98.82223,300,11026.381877
-113.048492,300,11035.512534
-114.577022,300,11044.685441
-140.863418,300,11059.164472
-86.029479,300,11068.313533
-130.805188,300,11077.35467
-693.069592,259,11090.462579
-107.872072,300,11099.634728
-72.774912,300,11108.787437
-108.150306,300,11124.380597
-102.425928,300,11133.516373
-103.230717,300,11142.729797
-614.167802,68,11150.183398
-88.325844,300,11159.244947
-65.549288,300,11168.916325
-618.155276,46,11170.320096
-119.196141,300,11179.459078
-120.500254,300,11190.636536
-94.416017,300,11199.746476
-115.590011,300,11209.201584
-94.382866,300,11223.792341
-110.433897,300,11232.92858
-632.915385,86,11235.538243
-147.877115,300,11244.569364
-92.750408,300,11256.326273
-641.13973,152,11261.000838
-86.78039,300,11270.208575
-602.639332,23,11280.737208
-146.180203,300,11289.860097
-88.796429,300,11299.098212
-684.210225,255,11306.930978
-117.597904,300,11321.872721
-83.179954,300,11331.109045
-610.062636,33,11332.713053
-728.47056,291,11341.976805
-112.596783,300,11355.405765
-618.281361,61,11357.26426
-129.957647,300,11365.998073
-134.843352,300,11375.088417
-95.383988,300,11387.718924
-77.173206,300,11396.909193
-105.263854,300,11406.004781
-93.066523,300,11420.363695
-135.13265,300,11429.540948
-65.172395,300,11438.660694
-102.605834,300,11453.035321
-85.740748,300,11462.129217
-83.301267,300,11471.223541
-103.790873,300,11485.577737
-613.999904,50,11487.073315
-87.24843,300,11496.508156
-85.536539,300,11505.8034
-93.03066,300,11519.266624
-630.56318,160,11524.128451
-113.437584,300,11533.142384
-123.23311,300,11551.824016
-86.773283,300,11560.87784
-88.744577,300,11570.122594
-58.543039,300,11584.229501
-97.72366,300,11593.252297
-120.253365,300,11602.329195
-626.109509,77,11609.986277
-84.689868,300,11619.053786
-94.000174,300,11628.183185
-85.217881,300,11637.173401
-73.193211,300,11649.305564
-117.81846,300,11658.376558
-99.120303,300,11667.374669
-623.327907,94,11675.539951
-122.100982,300,11684.57672
-87.526128,300,11693.845507
-74.836075,300,11703.483619
-670.66092,199,11712.033749
-98.110081,300,11721.166408
-86.909106,300,11730.291886
-115.759348,300,11747.79609
-109.876077,300,11756.81767
-71.250721,300,11765.917867
-114.763103,300,11780.492275
-60.796231,300,11789.53377
-98.924219,300,11798.632621
-95.930361,300,11813.195821
-629.779793,100,11816.254159
-56.782592,300,11825.281587
-77.139018,300,11834.352661
-94.573154,300,11845.699852
-112.648488,300,11854.849678
-124.923031,300,11864.428654
-79.120319,300,11878.969102
-74.903645,300,11888.013249
-77.511736,300,11897.69226
-79.372035,300,11917.297069
-612.485877,58,11919.070353
-81.845638,300,11928.098592
-122.04865,300,11937.137314
-85.644235,300,11949.76385
-98.347188,300,11958.889176
-90.940215,300,11968.113929
-82.08757,300,11982.601955
-627.736982,103,11985.793344
-69.188718,300,11995.135319
-66.730647,300,12004.545115
-103.541834,300,12015.870864
-108.097435,300,12024.998047
-84.154415,300,12034.08425
-86.563778,300,12048.606494
-617.445175,98,12051.552091
-88.311752,300,12060.547339
-84.887235,300,12069.57659
-93.873365,300,12081.792119
-75.70721,300,12091.024593
-89.021464,300,12100.121815
-113.936865,300,12114.842308
-112.138529,300,12123.822994
-117.687114,300,12132.882551
-106.337257,300,12147.409804
-74.642771,300,12156.652054
-97.062352,300,12165.766847
-615.428022,112,12169.195687
-118.098196,300,12180.251683
-93.137911,300,12189.499179
-110.778862,300,12198.516629
-98.365609,300,12212.883218
-90.370117,300,12221.998042
-111.98971,300,12231.182371
-618.590375,67,12233.193913
-94.267589,300,12245.734278
-92.014424,300,12254.871359
-92.1167,300,12264.518198
-91.062759,300,12279.165018
-98.589636,300,12288.655859
-89.919362,300,12297.778698
-615.308805,94,12300.72575
-71.914419,300,12312.480722
-69.593929,300,12321.967726
-81.591558,300,12331.017633
-92.139402,300,12345.675185
-80.114697,300,12354.798936
-101.039215,300,12364.036772
-67.816572,300,12378.569545
-60.691227,300,12388.045362
-38.66557,300,12397.218063
-117.713823,300,12412.124016
-87.592134,300,12421.152765
-84.518151,300,12430.229738
-98.19769,300,12444.854192
-102.220171,300,12454.445612
-96.733967,300,12464.089025
-80.786108,300,12478.80966
-91.470433,300,12487.930434
-68.409298,300,12496.934915
-75.051135,300,12511.510169
-83.224306,300,12520.764095
-642.020715,192,12526.728252
-86.380845,300,12544.477432
-114.660762,300,12553.403893
-111.610248,300,12562.449398
-613.743337,55,12564.099002
-81.832492,300,12577.041255
-113.588772,300,12586.137091
-104.560617,300,12595.14986
-82.219474,300,12609.656739
-610.093624,31,12610.590857
-82.759601,300,12619.863653
-123.419595,300,12628.914329
-619.745903,159,12638.256172
-101.357592,300,12647.876972
-101.643995,300,12657.058793
-604.392888,31,12658.012852
-83.456686,300,12675.90871
-83.176511,300,12684.973254
-79.580791,300,12694.011565
-105.455144,300,12708.633587
-82.208596,300,12717.725727
-75.594015,300,12726.858315
-100.249501,300,12741.368214
-66.179033,300,12750.321128
-129.814975,300,12759.441327
-628.495477,78,12767.23482
-105.123736,300,12776.266452
-98.732375,300,12785.430386
-80.147166,300,12794.388913
-102.769297,300,12806.660661
-108.97791,300,12815.925718
-82.001505,300,12825.198582
-110.748051,300,12840.376836
-66.647254,300,12849.542962
-65.510266,300,12858.503848
-608.049526,84,12861.080708
-52.649332,300,12873.165804
-85.71652,300,12882.288696
-73.823152,300,12891.49179
-100.891956,300,12906.194583
-79.667409,300,12915.53019
-81.827361,300,12924.493776
-86.51851,300,12939.234917
-77.319084,300,12948.435814
-88.994399,300,12957.502469
-114.937303,300,12972.098533
-79.933627,300,12981.021381
-118.279185,300,12990.072094
-99.236666,300,13004.75595
-73.468158,300,13013.864082
-140.885761,300,13023.053316
-58.612813,300,13038.479764
-117.138883,300,13047.527226
-611.851516,100,13050.557358
-64.354828,300,13059.730885
-77.024116,300,13071.186256
-101.229379,300,13080.31621
-114.422168,300,13089.352457
-96.569666,300,13103.906882
-72.455872,300,13112.890794
-88.359512,300,13121.916708
-84.493903,300,13136.448802
-41.587243,300,13145.634592
-97.449216,300,13154.842996
-100.201744,300,13169.54011
-71.985837,300,13178.561704
-77.278091,300,13187.593927
-69.643332,300,13202.204092
-77.74735,300,13211.229402
-62.829458,300,13220.379013
-114.751235,300,13235.550907
-80.346349,300,13244.80344
-84.056759,300,13253.969525
-58.68389,300,13268.779815
-64.693893,300,13277.827246
-60.58154,300,13286.876319
-60.718855,300,13301.45581
-76.058861,300,13310.548892
-77.894876,300,13319.570678
-114.882407,300,13334.378455
-64.401981,300,13343.479669
-80.791269,300,13352.700616
-72.564579,300,13367.47268
-75.006184,300,13376.258595
-115.23277,300,13385.309279
-81.420624,300,13400.048701
-110.322454,300,13409.230126
-91.015881,300,13418.423184
-115.209279,300,13433.183687
-68.13106,300,13442.845031
-63.572618,300,13451.857142
-77.662226,300,13466.544843
-69.391769,300,13475.835196
-110.159319,300,13484.974761
-69.760554,300,13499.653704
-120.933426,300,13508.653202
-86.537662,300,13517.972624
-40.086701,300,13532.905346
-80.957962,300,13542.175455
-609.753407,32,13543.147396
-106.559966,300,13552.323781
-48.270275,300,13566.080241
-603.727304,23,13566.789603
-42.05304,300,13575.870817
-82.432729,300,13584.8244
-93.795615,300,13599.124351
-62.154811,300,13608.242513
-636.506636,193,13614.22723
-92.86819,300,13632.796839
-86.869687,300,13642.075032
-123.452569,300,13651.236034
-87.247703,300,13666.037768
-55.811131,300,13675.138255
-68.277964,300,13684.360783
-64.043504,300,13698.877703
-628.352559,90,13701.607747
-69.089138,300,13710.559613
-84.069283,300,13719.815729
-73.0376,300,13731.820802
-62.509774,300,13741.144327
-106.473604,300,13750.21044
-67.868081,300,13764.880106
-55.187106,300,13774.280495
-91.819502,300,13783.241592
-92.849059,300,13798.006001
-105.149725,300,13807.106237
-612.882417,86,13809.732496
-69.815274,300,13819.479882
-97.544537,300,13831.589363
-97.752647,300,13840.626592
-97.945424,300,13849.93502
-67.17379,300,13864.847015
-114.702878,300,13873.889312
-127.206811,300,13882.891985
-59.274101,300,13896.946902
-132.690705,300,13905.980223
-74.89003,300,13914.912364
-64.502686,300,13929.570043
-95.286917,300,13938.648377
-80.034294,300,13947.732779
-606.998109,45,13949.099726
-103.99931,300,13962.223439
-65.261076,300,13971.276974
-81.797202,300,13980.629757
-83.262447,300,13995.462749
-120.193701,300,14004.602069
-69.082745,300,14014.264625
-110.111713,300,14028.810818
-76.134277,300,14038.283762
-91.044927,300,14047.34674
-636.280202,119,14050.965276
-100.951558,300,14062.131298
-83.989088,300,14071.164092
-85.32134,300,14080.113217
-91.739491,300,14094.858262
-91.05136,300,14103.871436
-70.269539,300,14112.905506
-70.834843,300,14127.695655
-86.594997,300,14136.667805
-77.188728,300,14145.705512
-74.821385,300,14160.240669
-103.436653,300,14169.314511
-631.289623,88,14171.925879
-76.292212,300,14180.931227
-99.760466,300,14193.11424
-111.116586,300,14202.89833
-616.658174,51,14204.442449
-80.907551,300,14213.416367
-79.687584,300,14226.448302
-58.558043,300,14235.453438
-79.246953,300,14244.425616
-609.578019,41,14245.664227
-99.219422,300,14258.884493
-628.101137,139,14263.092033
-100.208356,300,14272.02774
-66.369418,300,14292.001768
-83.474663,300,14300.881019
-99.74398,300,14309.943941
-611.671784,53,14317.028839
-70.421182,300,14325.893564
-110.818004,300,14335.020758
-60.211807,300,14344.00334
-76.110625,300,14357.104658
-75.791643,300,14366.019278
-88.261714,300,14375.725416
-75.255321,300,14390.662511
-63.77606,300,14399.683034
-72.464142,300,14408.779734
-77.49555,300,14423.535679
-106.981415,300,14432.69539
-84.011821,300,14441.853652
-110.968825,300,14456.745517
-112.328977,300,14465.829978
-113.730209,300,14474.940124
-108.289059,300,14489.593177
-98.938674,300,14498.89219
-77.87098,300,14508.199589
-618.946503,83,14510.711736
-53.717755,300,14523.103589
-74.584937,300,14531.868593
-97.568164,300,14540.948532
-76.560093,300,14555.715986
-82.802719,300,14564.825886
-97.30732,300,14574.559707
-96.083559,300,14589.303036
-668.387601,173,14594.532383
-90.480062,300,14603.588435
-72.829028,300,14622.480268
-80.269983,300,14631.534466
-87.603959,300,14640.604219
-65.993621,300,14655.311392
-75.146939,300,14664.428736
-91.85862,300,14673.590888
-81.619816,300,14688.496649
-110.75453,300,14697.79487
-68.42066,300,14706.875895
-106.71376,300,14721.91341
-88.367501,300,14731.045835
-87.123856,300,14740.229375
-57.852662,300,14754.824006
-114.90218,300,14764.250181
-79.282938,300,14773.626459
-100.287492,300,14788.928714
-96.051861,300,14798.09046
-80.680849,300,14807.136949
-100.562245,300,14822.00898
-99.816532,300,14831.043542
-77.393289,300,14840.14337
-89.85333,300,14854.938642
-88.571794,300,14864.099634
-98.113493,300,14873.258074
-84.87755,300,14888.016058
-68.456058,300,14897.019483
-89.431196,300,14905.997733
-83.234302,300,14920.835418
-111.43225,300,14929.964845
-88.443412,300,14939.263413
-650.498098,136,14949.038216
-113.159651,300,14958.102908
-77.846222,300,14967.268725
-108.999788,300,14986.841155
-96.263575,300,14996.525807
-87.976636,300,15005.713873
-77.122168,300,15020.54508
-69.430946,300,15029.589012
-81.909375,300,15038.559016
-94.679051,300,15053.398873
-83.112984,300,15062.610531
-107.68908,300,15071.711075
-71.959199,300,15086.714194
-92.67389,300,15095.817383
-91.150066,300,15105.132942
-613.878963,80,15107.554686
-137.706412,300,15119.893003
-89.344916,300,15129.078758
-117.838984,300,15138.38324
-607.503165,31,15145.099438
-67.908051,300,15154.231754
-86.580771,300,15163.20363
-103.529429,300,15172.360677
-75.483261,300,15187.077753
-110.148379,300,15196.256117
-92.477134,300,15205.343551
-78.899757,300,15220.130546
-110.92474,300,15229.223635
-100.577604,300,15238.386235
-70.281159,300,15253.189554
-81.075952,300,15262.198563
-612.192423,67,15264.215249
-117.134115,300,15273.511161
-72.99638,300,15286.350982
-55.350204,300,15295.414747
-114.598178,300,15304.717715
-48.713613,300,15319.774428
-87.34894,300,15328.889141
-104.662342,300,15338.162178
-88.125531,300,15353.140876
-101.253279,300,15362.325846
-103.243989,300,15371.450013
-98.771849,300,15387.268523
-69.998005,300,15396.398654
-84.685914,300,15405.626035
-606.147379,38,15406.78584
-126.463266,300,15420.497568
-51.714769,300,15429.374873
-61.123504,300,15438.528415
-82.373387,300,15453.330511
-621.501973,97,15456.270122
-83.543806,300,15465.444174
-71.029799,300,15474.346876
-87.085246,300,15486.157376
-73.994994,300,15495.210758
-91.110398,300,15504.336325
-99.496072,300,15518.968179
-76.019828,300,15528.150928
-71.686955,300,15537.31989
-625.713262,157,15547.844226
-81.535583,300,15556.94286
-70.121444,300,15566.893337
-72.896056,300,15586.472917
-92.793504,300,15595.57327
-72.387938,300,15604.611309
-85.570214,300,15619.439535
-120.432214,300,15628.546902
-52.677116,300,15637.72921
-66.937003,300,15652.820594
-87.234157,300,15661.889874
-71.976491,300,15671.179671
-59.057365,300,15686.351121
-56.128061,300,15695.325717
-63.926545,300,15704.474648
-90.012096,300,15719.539155
-94.014067,300,15728.715716
-62.932759,300,15737.673604
-91.561139,300,15752.481721
-644.293165,203,15758.649143
-54.373071,300,15767.838315
-80.660915,300,15786.134629
-78.141659,300,15795.151903
-110.545029,300,15804.198497
-83.283794,300,15818.898623
-110.313118,300,15827.929044
-66.131791,300,15837.100114
-86.853832,300,15851.96858
-92.72882,300,15860.969646
-90.092924,300,15870.074602
