# {"t_start": 1565275067.554263, "env_id": "highway-continuous-v0"} 
r,l,t
-749.486248,81,3.462732
-757.897769,87,5.229686
-797.283312,103,7.315226
-678.225269,180,10.965796
-678.029067,37,11.727149
-642.516559,39,12.528024
-645.73515,19,12.927354
-682.205106,69,14.341356
-720.319664,45,15.266807
-816.764423,54,16.365849
-617.535496,55,17.498686
-701.901804,33,18.165891
-612.14618,40,19.000206
-607.875281,38,19.769705
-768.601362,46,20.694284
-713.535032,53,21.796321
-764.338243,77,24.765477
-656.642774,40,25.57732
-754.476642,44,26.470066
-769.137087,124,29.000129
-645.374624,110,31.254664
-733.40039,149,34.377188
-681.509982,65,35.725754
-614.41238,52,36.772543
-719.393281,77,38.349013
-724.898508,93,40.262157
-807.27059,46,41.192515
-615.239102,46,42.129567
-672.167762,60,45.545742
-695.66812,52,46.61177
-608.148468,35,47.315189
-694.928735,97,49.351607
-660.883086,204,53.451517
-652.471977,54,54.546315
-825.492882,81,56.184513
-747.178145,138,59.000493
-697.646046,135,61.782553
-678.639358,52,62.837684
-635.00082,30,63.460763
-659.738007,54,64.553106
-662.162052,55,66.456365
-734.31989,58,67.62688
-720.861153,59,68.838142
-632.866249,102,70.905587
-677.85529,66,72.27334
-731.088651,88,74.103934
-670.625681,51,75.143117
-651.86889,121,77.641616
-692.534797,63,78.928868
-659.377016,45,79.845267
-697.808999,76,81.398892
-608.26146,43,82.276304
-641.100348,131,84.934286
-702.370051,30,85.553131
-667.394122,49,87.397117
-871.165681,202,91.455328
-747.10704,34,92.142953
-619.240165,63,93.427427
-689.63871,113,95.689716
-667.340259,70,97.100346
-625.504147,96,99.050923
-753.392657,47,100.013131
-765.610621,79,101.619049
-694.479632,102,103.766358
-616.936605,42,104.631894
-659.178,56,105.767508
-774.166761,43,106.649768
-719.139644,44,108.245763
-614.093326,51,109.27545
-699.428558,62,110.559486
-678.337869,92,112.432056
-682.344817,71,113.892529
-724.531047,79,115.4905
-695.306672,72,116.956176
-707.691762,86,118.771287
-710.188434,107,120.955206
-129.951562,300,127.153225
-691.393161,29,129.083153
-679.407271,53,130.15502
-628.592359,67,131.546519
-649.366986,41,132.387019
-698.772425,175,136.071618
-608.754947,35,136.785182
-776.464671,57,137.938186
-673.689223,61,139.170902
-613.637727,60,140.392582
-691.573847,51,141.438321
-648.732115,117,143.822008
-669.846085,87,145.584364
-877.20086,92,151.385756
-618.091689,58,152.561598
-794.187165,73,154.042167
-638.029761,120,156.470016
-618.921304,54,157.567618
-1049.380435,207,161.74333
-609.766657,27,162.299939
-637.09248,89,164.119369
-697.186916,47,165.067818
-685.612739,71,171.932223
-675.77524,120,174.338577
-780.365331,99,176.314031
-1079.840586,157,179.441402
-612.769935,39,180.232184
-863.211484,154,183.452195
-685.70761,67,184.823822
-635.217054,111,187.046196
-702.922717,138,189.836797
-694.416644,56,190.964963
-834.427404,177,194.999268
-658.729403,138,197.823914
-814.514587,191,201.643596
-426.684384,300,207.91526
-693.369438,49,208.938972
-773.25926,51,209.97473
-665.307583,44,210.868408
-783.91075,61,213.691148
-606.910612,36,214.429908
-986.036898,213,218.900871
-617.484935,66,220.213013
-660.141369,171,223.740673
-890.733419,185,227.443187
-691.12119,32,228.10708
-719.254114,175,231.760964
-740.329767,66,233.111221
-631.118908,88,235.421791
-593.365433,300,241.666433
-626.545042,66,243.040178
-610.851222,43,243.935463
-626.838218,75,245.446539
-686.092856,132,248.145375
-611.559619,41,249.004055
-690.046484,88,250.762692
-649.153513,110,256.989791
-282.624733,300,263.369082
-784.039292,160,266.642108
-724.463037,133,269.338099
-749.982669,150,272.435556
-641.33083,96,274.422362
-692.313876,75,277.562178
-804.187922,263,282.911355
-633.923133,129,285.611889
-648.32868,142,288.485544
-731.939549,92,290.367469
-619.052562,49,291.382457
-648.010429,47,292.339511
-956.146113,85,294.080537
-608.664325,32,297.898265
-633.029089,79,299.513004
-727.964704,217,303.828482
-619.793141,44,304.712369
-674.797936,190,308.592031
-812.239796,124,311.13587
-702.466263,47,312.100292
-705.284422,59,313.285918
-709.808781,60,314.493817
-620.124234,53,315.565741
-610.65876,37,316.330948
-610.146864,34,317.016245
-619.223445,46,317.96518
-609.623131,39,318.938682
-666.050756,172,322.347704
-612.621128,37,323.099745
-920.874304,149,326.240167
-650.676556,149,329.338966
-688.785745,46,330.268482
-970.712919,200,334.382831
-699.909805,73,335.862406
-718.012737,68,340.604158
-732.838904,60,341.825982
-632.239395,72,343.292292
-654.928682,115,345.719915
-119.919562,300,351.84727
-678.171678,202,355.966234
-609.999667,31,356.604815
-634.727431,112,358.861206
-762.532751,64,360.168762
-666.226113,182,364.049486
-978.263853,129,366.650878
-625.703328,70,368.115807
-611.230362,50,369.14762
-646.154175,138,371.969047
-796.063713,278,377.570738
-815.226678,105,379.693377
-615.368661,41,382.107299
-625.013084,64,383.403942
-852.472455,238,388.344584
-933.130945,278,393.968493
-685.203331,61,395.223463
-414.152467,300,401.33864
-691.359727,126,404.885827
-619.801476,53,405.973065
-655.119536,166,409.317394
-638.8206,79,410.906642
-799.033821,148,413.928322
-381.306007,300,419.902629
-662.782399,130,422.581062
-700.760449,86,424.901255
-638.116211,97,426.898674
-634.645129,84,428.580168
-231.408366,300,434.704734
-722.916336,104,436.843517
-826.643977,81,438.476432
-610.510249,45,445.197805
-614.361404,47,446.160442
-646.602053,104,448.242901
-640.531339,110,450.445647
-108.956218,300,456.471662
-666.57883,203,460.610121
-671.802952,205,464.795799
-633.348529,99,467.203155
-118.7564,300,473.259664
-345.838217,300,479.440512
-631.399213,74,480.920683
-613.547059,44,481.801891
-634.724987,109,484.018193
-633.270895,138,488.976133
-917.862851,137,491.83148
-457.670821,300,497.908409
-631.996274,70,499.34468
-624.814403,65,500.656841
-670.363823,60,501.874499
-881.148176,216,506.261005
-413.572689,300,513.313811
-607.292714,38,514.096822
-633.995018,106,516.253909
-925.702324,269,521.772522
-697.559366,148,524.753757
-743.56028,44,529.062453
-799.469577,102,531.107948
-637.475538,104,533.271108
-303.199591,300,539.329031
-989.243663,291,545.249264
-651.880808,126,551.683082
-310.384994,300,557.892442
-619.843411,74,559.404433
-708.850369,191,563.270633
-616.863057,52,564.353516
-423.793413,300,576.220248
-617.154695,41,577.063286
-482.45453,300,583.21936
-621.304647,64,584.527714
-631.320531,89,586.359304
-615.823366,49,587.342486
-634.559571,127,593.800386
-328.617044,300,599.605594
-886.073752,109,601.817077
-786.877596,75,603.351907
-647.521911,132,606.009695
-616.22077,66,607.374953
-299.838327,300,618.215073
-196.703949,300,624.35962
-107.47701,300,630.513793
-695.763067,106,632.645943
-179.060834,300,639.226307
-654.378048,161,642.485858
-689.696031,226,647.332754
-110.562335,300,653.44803
-113.354799,300,660.408801
-636.998429,112,662.714866
-681.302675,242,667.63363
-80.713354,300,673.882567
-926.537493,57,676.547014
-363.196954,300,682.778535
-711.661168,92,684.666907
-494.529351,300,690.804872
-620.110229,91,692.677825
-630.034293,68,694.04959
-677.956944,193,700.483433
-625.199264,70,701.90064
-121.021495,300,708.035864
-732.024127,288,714.001145
-706.9107,78,715.606407
-629.2641,101,719.697762
-604.157468,26,720.244274
-611.905616,42,721.105492
-631.669801,85,722.833252
-644.790883,135,725.667981
-664.43196,221,730.192552
-787.934605,69,731.584277
-685.298611,268,737.223536
-644.2618,100,740.941303
-610.646329,42,741.790269
-694.559704,213,746.128264
-606.709377,31,746.762268
-694.002851,276,752.35848
-628.150772,64,753.638242
-618.623328,44,754.521957
-126.707815,300,766.160468
-634.3088,92,768.048089
-109.974197,300,774.419345
-624.481729,70,775.848061
-615.892011,49,782.351116
-662.764062,188,786.196859
-673.003981,222,790.492375
-614.084314,40,791.307107
-633.823604,118,793.747957
-624.244776,55,794.861235
-658.406706,180,798.543558
-613.601872,46,799.480708
-83.724574,300,808.257683
-619.132129,64,809.56073
-614.026867,50,810.575245
-646.417429,124,813.099576
-112.70755,300,819.211223
-609.476367,32,819.869812
-234.747426,300,829.320571
-1008.473111,234,834.1645
-206.454266,300,840.247627
-636.96487,114,842.535092
-91.967314,300,850.270296
-653.307919,129,852.844709
-676.531079,185,856.608133
-648.742645,115,858.899473
-622.818274,96,860.860582
-675.73701,207,869.51423
-617.231844,54,870.636997
-629.711989,86,872.390654
-676.550261,196,876.39499
-626.376228,72,877.851746
-645.636423,137,880.617507
-676.720784,222,891.0217
-612.291734,52,892.077345
-1096.310716,153,895.13432
-627.193799,64,896.443999
-653.784295,125,898.947614
-652.040101,139,901.848295
-642.845402,124,909.990708
-648.235998,147,912.994724
-632.640266,114,915.30089
-706.809895,247,920.268097
-117.374635,300,926.416042
-894.633462,220,932.95586
-692.285552,239,937.760123
-118.743197,300,943.822202
-784.236413,215,948.197633
-608.205226,46,949.136703
-635.628366,97,951.33486
-93.876564,300,957.361994
-877.525627,159,960.589944
-124.020919,300,966.669247
-676.381517,204,974.308516
-93.890584,300,980.373898
-610.775591,45,981.309679
-661.301244,197,985.327469
-829.122125,147,988.298859
-645.091927,117,990.686338
-616.099056,50,992.116266
-608.175145,26,992.643175
-621.977761,67,994.049896
-125.635298,300,1000.365813
-654.283709,205,1004.734558
-749.394216,209,1008.875709
-620.679075,62,1010.135509
-114.920982,300,1018.592368
-651.069412,138,1021.429092
-688.804612,236,1026.270133
-111.956674,300,1032.573014
-644.766633,129,1036.25758
-668.475592,161,1039.504996
-704.160522,290,1045.389108
-621.875589,46,1046.328587
-627.63366,74,1047.836633
-300.798018,300,1053.889232
-106.392831,300,1060.552331
-1064.952874,266,1066.017238
-656.636037,134,1068.72255
-616.680502,43,1069.595483
-621.958749,59,1076.822009
-623.406509,67,1078.181944
-655.104352,133,1080.94486
-671.077225,155,1084.067543
-117.638344,300,1090.148803
-112.078333,300,1096.376097
-636.78261,125,1099.297094
-642.37207,78,1100.872324
-742.936092,70,1102.296591
-642.554434,100,1104.316229
-615.87697,36,1105.043504
-662.21186,206,1109.365565
-751.683024,183,1113.219712
-641.798855,133,1115.887042
-104.77438,300,1124.097381
-689.899855,274,1129.73569
-613.51808,39,1130.534142
-652.897737,137,1133.340459
-124.476162,300,1145.136663
-613.525636,39,1145.941906
-647.950709,120,1148.344382
-639.48486,145,1151.358065
-172.816612,300,1157.427262
-641.215708,105,1162.158637
-804.637535,197,1166.20908
-161.440519,300,1172.389228
-676.671712,228,1177.194854
-635.226316,137,1179.951903
-270.319168,300,1187.40558
-877.423768,281,1193.184941
-624.786553,64,1194.499934
-681.866806,210,1198.810861
-641.075065,162,1202.123091
-103.407772,300,1208.556402
-657.67457,190,1212.462373
-624.357998,63,1213.741629
-629.550278,79,1215.330171
-643.241719,126,1217.907815
-698.696044,222,1222.436638
-100.539012,300,1229.615536
-653.886905,128,1232.245098
-638.33027,121,1234.720471
-129.513157,300,1240.548279
-131.353682,300,1250.452042
-282.47358,300,1256.685165
-108.720327,300,1262.904242
-793.944266,272,1271.094338
-680.425737,200,1275.168748
-348.081052,300,1281.440437
-628.605902,83,1283.173624
-663.867435,136,1286.12338
-158.921678,300,1293.075489
-676.343988,185,1296.808571
-193.115642,300,1302.920329
-290.752059,300,1313.99995
-102.08869,300,1320.015915
-665.480561,172,1323.518335
-612.970906,35,1324.233108
-642.279745,140,1327.137018
-663.261765,131,1331.647393
-143.543578,300,1337.863211
-124.893829,300,1343.955378
-637.033102,78,1351.747488
-125.972187,300,1357.880591
-173.110293,300,1363.972877
-638.664725,130,1366.689911
-607.037587,32,1371.757407
-289.223154,300,1377.782673
-607.185697,30,1378.391008
-166.118036,300,1384.647196
-119.293713,300,1390.638049
-644.192469,122,1394.489098
-95.151932,300,1400.712302
-126.846239,300,1406.886025
-144.103034,300,1413.194843
-640.302676,128,1415.981621
-632.105631,151,1419.017756
-120.856833,300,1425.154015
-98.629908,300,1431.212823
-284.30635,300,1440.330222
-604.851527,30,1440.95396
-708.791976,255,1446.159653
-629.521761,61,1447.400208
-679.957178,236,1452.088079
-369.078034,300,1461.182588
-635.51809,89,1463.019646
-609.70545,35,1463.729524
-117.744613,300,1469.55858
-660.712541,156,1472.665555
-615.904124,61,1473.94761
-627.63314,103,1477.869598
-712.968051,300,1483.986085
-105.12687,300,1490.232612
-633.560819,71,1491.667335
-649.766383,137,1494.499763
-628.066021,56,1495.636842
-809.724499,149,1499.965224
-110.014782,300,1506.04035
-604.400293,30,1506.662222
-620.206111,75,1508.19456
-618.580153,59,1509.400707
-629.937697,80,1511.057689
-742.021318,117,1513.432767
-664.966504,204,1517.690471
-634.544639,85,1519.745866
-103.256337,300,1525.847756
-628.447502,106,1527.965499
-676.91578,61,1529.20006
-378.276151,300,1535.383824
-792.295464,158,1542.392928
-278.252322,300,1548.616704
-1128.323925,300,1555.000682
-642.161231,123,1557.447709
-121.224446,300,1566.634776
-663.637395,179,1570.277028
-121.631453,300,1576.573236
-687.919474,244,1581.487574
-618.382355,49,1582.634297
-618.079208,68,1584.00657
-85.479745,300,1590.207097
-699.483917,254,1595.634794
-92.635876,300,1601.713891
-99.985371,300,1609.084559
-626.240728,76,1610.633529
-870.990314,258,1616.019325
-100.862039,300,1622.395407
-658.434011,188,1628.190216
-119.410765,300,1634.350898
-620.612823,53,1635.431836
-101.360371,300,1641.601442
-626.180903,84,1643.344225
-645.384092,124,1648.06022
-288.537446,300,1654.496447
-137.702141,300,1660.519097
-100.543524,300,1666.689164
-631.367133,90,1668.679497
-794.501249,116,1671.051612
-104.591273,300,1677.231143
-638.637526,89,1679.085065
-77.953965,300,1685.237214
-635.507191,107,1687.388896
-671.106688,164,1691.532072
-714.961491,204,1695.702685
-611.323974,45,1696.622279
-751.427175,156,1699.849945
-115.442218,300,1706.071143
-689.382943,95,1711.332444
-117.216446,300,1717.489253
-1178.465935,181,1721.184739
-645.897506,106,1723.357452
-100.722459,300,1729.506824
-129.400307,300,1736.793674
-628.448524,60,1738.016025
-687.329097,234,1742.958579
-613.747658,37,1743.725846
-627.863673,53,1744.787302
-108.369055,300,1751.005862
-160.241901,300,1758.317086
-104.402329,300,1764.469109
-639.707668,109,1766.644829
-775.097285,274,1772.055663
-493.176506,300,1779.143459
-625.878474,72,1780.608278
-130.125372,300,1786.802744
-703.817843,259,1792.110575
-630.398572,62,1795.391482
-695.843516,295,1801.71665
-747.797602,187,1805.575126
-639.024236,136,1808.421788
-692.096919,290,1814.247619
-707.851029,285,1821.309803
-114.484477,300,1827.388061
-352.035881,300,1833.626598
-650.940836,147,1839.656768
-624.547894,86,1841.40964
-619.769316,66,1842.767704
-127.437056,300,1848.9503
-635.797467,73,1850.43815
-868.881138,279,1856.258846
-658.732968,124,1860.333696
-621.508891,63,1861.622949
-96.536136,300,1867.768222
-693.322245,275,1873.376977
-694.197199,212,1877.754578
-101.855607,300,1885.061881
-643.263367,96,1887.086191
-636.975521,76,1888.610983
-115.484329,300,1894.766075
-112.011055,300,1906.295856
-1043.179401,272,1911.916795
-111.110872,300,1917.94067
-618.850693,78,1922.775245
-99.797366,300,1928.899664
-106.061031,300,1935.150314
-709.412918,287,1940.98349
-671.342705,185,1946.1102
-615.374312,35,1946.818264
-636.206779,126,1949.339051
-735.138988,197,1953.390244
-121.341213,300,1959.353488
-624.167393,46,1960.292909
-856.397208,97,1962.246633
-138.115646,300,1969.280461
-108.9205,300,1975.529012
-947.772915,274,1981.152781
-101.364208,300,1990.710635
-785.238837,55,1991.835687
-113.309029,300,1998.059524
-83.779438,300,2004.132833
-267.192664,300,2011.718322
-90.547237,300,2017.820816
-105.314897,300,2023.781966
-659.971151,152,2029.509705
-624.397647,70,2030.938057
-90.650313,300,2037.009214
-816.811783,180,2040.73829
-624.36457,78,2042.365588
-89.928636,300,2053.530802
-97.857298,300,2059.597044
-638.544494,125,2062.145635
-619.137231,59,2063.365884
-698.58634,270,2073.8072
-647.677071,92,2075.670124
-634.266076,71,2077.087952
-666.068308,177,2080.631615
-90.931625,300,2086.648245
-633.478529,88,2088.44459
-666.050797,43,2089.965974
-695.604042,208,2094.213384
-699.598424,46,2095.159276
-675.927002,186,2098.962017
-673.206874,216,2103.417847
-102.41151,300,2109.663815
-124.14687,300,2116.354527
-109.230985,300,2122.487918
-636.156106,112,2124.870246
-107.039971,300,2131.069348
-123.323845,300,2137.624949
-622.860911,98,2139.637032
-628.573831,87,2141.421459
-107.319773,300,2147.569003
-652.772054,116,2154.990186
-93.325532,300,2161.121808
-630.551384,59,2162.339812
-698.76926,256,2167.780303
-645.554274,93,2175.764589
-628.397417,89,2177.567795
-715.045761,175,2181.1518
-114.178118,300,2187.531468
-140.98481,300,2193.650514
-624.163696,54,2196.229695
-99.219142,300,2202.436015
-666.356283,195,2206.483741
-128.233138,300,2212.72662
-628.047768,61,2213.983843
-123.124611,300,2222.581788
-103.613035,300,2228.672967
-136.154583,300,2234.890187
-657.438906,124,2240.083531
-706.993787,230,2244.576971
-681.278238,257,2249.898099
-611.200351,44,2250.793524
-153.956458,300,2256.820693
-699.856595,115,2260.682325
-103.451654,300,2266.863667
-113.52895,300,2272.901891
-754.435982,280,2278.579299
-631.510509,64,2280.596143
-659.06407,149,2283.603102
-658.720784,112,2285.878626
-223.041428,300,2292.076545
-679.735762,252,2297.419435
-131.763291,300,2306.869112
-616.018914,35,2307.587424
-420.015663,300,2313.744383
-648.087256,130,2316.412939
-621.469199,73,2317.929033
-113.039504,300,2328.123512
-76.588209,300,2334.243824
-273.323653,300,2340.352555
-606.392251,28,2340.92575
-123.500849,300,2349.186679
-128.820579,300,2355.441435
-99.451186,300,2361.547032
-119.705564,300,2370.423188
-124.545282,300,2376.61831
-642.925858,157,2379.890488
-677.888125,198,2389.391424
-676.87474,222,2393.924409
-687.267893,218,2398.336984
-109.851755,300,2404.63721
-101.922799,300,2412.76904
-97.400501,300,2418.82766
-100.962381,300,2424.852757
-97.542777,300,2433.704
-627.76027,73,2435.181352
-679.807189,212,2439.500301
-732.578342,291,2445.467009
-634.769262,69,2446.877229
-692.685316,244,2453.79906
-643.661547,86,2455.604553
-754.772122,56,2456.764704
-121.4086,300,2463.027745
-93.872929,300,2469.174012
-719.720832,273,2475.77207
-115.005266,300,2482.019525
-690.375116,273,2487.646839
-100.947691,300,2497.342371
-121.004175,300,2503.455536
-94.715579,300,2509.614877
-656.3449,211,2516.585819
-706.209673,295,2522.723991
-720.336759,56,2523.871448
-106.076858,300,2529.910541
-619.467543,58,2534.527514
-1120.562408,155,2537.737213
-628.01805,65,2539.043055
-136.105139,300,2545.218691
-116.510174,300,2551.323927
-661.822826,205,2558.751226
-611.970102,34,2559.453296
-757.14346,199,2563.58383
-113.792754,300,2569.665
-656.852891,173,2573.169832
-723.219002,287,2581.437299
-694.89146,222,2586.022883
-660.610111,175,2589.554687
-615.121899,36,2590.300137
-628.515419,81,2591.919446
-140.907098,300,2602.786746
-689.338339,216,2607.176112
-620.408181,56,2608.31606
-607.797717,29,2608.910308
-672.697958,189,2612.79751
-635.356485,109,2615.001382
-675.93464,187,2621.467512
-670.836708,185,2625.227304
-711.51654,295,2631.303829
-630.904419,127,2633.905857
-164.388878,300,2645.03001
-625.273872,58,2646.219126
-147.415427,300,2652.434892
-699.410705,250,2657.523899
-107.971656,300,2666.159897
-71.245834,300,2672.417745
-938.9825,290,2678.417399
-618.874075,43,2679.293226
-666.699712,156,2684.412594
-121.965001,300,2690.571562
-630.772025,97,2692.585321
-534.648035,300,2698.632879
-109.212803,300,2708.198538
-91.738852,300,2714.372612
-81.076283,300,2720.468242
-617.705213,41,2721.290388
-106.228109,300,2729.15162
-690.806479,262,2734.430059
-649.778327,177,2738.031741
-625.781473,56,2739.168061
-111.788406,300,2749.997432
-653.60905,114,2752.270037
-109.926916,300,2758.311973
-673.384318,186,2762.094375
-88.017443,300,2770.744375
-620.11125,53,2771.828168
-117.691476,300,2778.061908
-119.620738,300,2784.286699
-120.715003,300,2791.850266
-632.062937,80,2793.455487
-678.617398,215,2797.883039
-98.835132,300,2803.906274
-660.595207,174,2810.229839
-107.617276,300,2816.202718
-144.392087,300,2822.280685
-112.519372,300,2833.633233
-265.186717,300,2839.761993
-688.961999,278,2845.458489
-651.01308,120,2847.891829
-196.785757,300,2854.632153
-108.996785,300,2861.038044
-120.464236,300,2867.13883
-110.839302,300,2875.820797
-126.153704,300,2881.898631
-83.872205,300,2887.929816
-673.198969,189,2894.376429
-112.729287,300,2900.503519
-679.740184,232,2905.223862
-655.422283,137,2908.019314
-610.268223,26,2908.548335
-117.286965,300,2917.503073
-145.594407,300,2923.421164
-776.478001,151,2926.480649
-239.801751,300,2938.237632
-699.009008,262,2943.527877
-92.666672,300,2949.657186
-609.000178,33,2953.707963
-117.542103,300,2959.965402
-111.090094,300,2966.03727
-140.875501,300,2972.180122
-115.556885,300,2980.214351
-82.540142,300,2986.286151
-612.762011,52,2987.364052
-621.688165,47,2988.309678
-86.548415,300,2994.358822
-120.302329,300,3000.952428
-1577.717215,262,3006.239045
-101.093358,300,3012.251268
-634.084477,89,3014.044787
-669.320323,176,3019.184242
-1049.061142,124,3021.709609
-94.292763,300,3027.89787
-666.332538,189,3031.617813
-125.408682,300,3042.370491
-718.896391,134,3045.042022
-109.247243,300,3051.051548
-140.445479,300,3063.137433
-129.658052,300,3069.322921
-639.713156,83,3071.006346
-113.097632,300,3077.195149
-110.878177,300,3084.482256
-124.444684,300,3090.791734
-646.985854,149,3093.751423
-619.992405,47,3094.71686
-626.04883,65,3100.905384
-646.933455,112,3103.129004
-628.706319,74,3104.637225
-100.664028,300,3110.868236
-122.896638,300,3117.013132
-140.645206,300,3126.582927
-702.055182,261,3131.802276
-91.672526,300,3138.033462
-609.495359,35,3138.735583
-608.654182,30,3139.347973
-633.390608,82,3143.185833
-628.87628,67,3144.546937
-642.466613,141,3147.366173
-635.279882,87,3149.168551
-176.786849,300,3155.245155
-638.917655,93,3157.114456
-619.066995,57,3163.568315
-648.965884,195,3167.610677
-680.945519,207,3171.770074
-640.292065,123,3174.274968
-696.795672,245,3179.240964
-629.632628,89,3185.125849
-129.016037,300,3191.293979
-652.968136,159,3194.53492
-672.480681,164,3197.857303
-97.505904,300,3204.100718
-100.731658,300,3210.572861
-103.920226,300,3216.57079
-654.064534,130,3219.127728
-101.162275,300,3231.576877
-653.868499,140,3234.457649
-131.850035,300,3240.961799
-638.642234,107,3249.102535
-658.659172,150,3252.143261
-103.103151,300,3258.127699
-114.023205,300,3264.114266
-661.06262,191,3271.529671
-112.708864,300,3277.529799
-106.175412,300,3283.605961
-118.607644,300,3294.62159
-97.899761,300,3300.701499
-97.266835,300,3306.810381
-613.54576,45,3307.725008
-662.147448,139,3312.218023
-96.474318,300,3318.501505
-633.613793,74,3320.000819
-106.209529,300,3326.015398
-636.062861,107,3332.573135
-680.581407,180,3336.320421
-614.399308,37,3337.067808
-105.467048,300,3343.14276
-144.391189,300,3349.304594
-129.476409,300,3357.521943
-610.787344,27,3358.067649
-101.493462,300,3364.473142
-737.482966,290,3370.387468
-621.34495,84,3372.127642
-115.851865,300,3378.801797
-94.766709,300,3385.018559
-637.20923,85,3386.757381
-153.302631,300,3392.779727
-87.130154,300,3399.638778
-121.508117,300,3405.835418
-95.196996,300,3411.928915
-629.529113,99,3413.902627
-119.905588,300,3420.627378
-84.791369,300,3426.600386
-119.677581,300,3432.786958
-677.601328,197,3439.381078
-136.679492,300,3445.468801
-700.279506,282,3451.385225
-93.752099,300,3462.44951
-117.532148,300,3468.523072
-119.038734,300,3474.673954
-608.072656,31,3475.302034
-107.579251,300,3483.376096
-120.67241,300,3489.304513
-75.891793,300,3495.601228
-608.591018,33,3496.283753
-91.821432,300,3504.252677
-102.042053,300,3510.32791
-676.709805,181,3514.041172
-713.13971,282,3524.775309
-76.711776,300,3530.811884
-119.799867,300,3536.873638
-113.299245,300,3545.997977
-633.870892,122,3548.48016
-82.660747,300,3554.535131
-250.937766,300,3560.874764
-644.79572,99,3563.024127
-105.299606,300,3569.076646
-127.254922,300,3575.061694
-612.595449,32,3575.709962
-614.813153,42,3576.558789
-622.752239,54,3582.912537
-617.347209,49,3583.903103
-105.646934,300,3590.215445
-117.786489,300,3596.39404
-94.869202,300,3602.46188
-629.364368,79,3604.611118
-619.165741,37,3605.356772
-109.391464,300,3611.340436
-96.823416,300,3617.445617
-112.046326,300,3623.566279
-92.575763,300,3630.053068
-117.298191,300,3636.032556
-112.779703,300,3642.11277
-621.505362,74,3646.144694
-695.989094,239,3651.122212
-659.209489,134,3653.851579
-643.219459,113,3656.179204
-111.259203,300,3662.281239
-652.754017,182,3669.418153
-610.496711,27,3669.976278
-614.465234,33,3670.644648
-97.593969,300,3676.804979
-608.928648,28,3677.371965
-682.636465,271,3682.877911
-649.970637,112,3685.11691
-692.103486,235,3691.466195
-651.789871,122,3693.966555
-97.901065,300,3700.109758
-121.817168,300,3706.104539
-100.938308,300,3713.541474
-127.719201,300,3719.752482
-633.790719,70,3721.158422
-135.691915,300,3727.410124
-632.85168,100,3730.676883
-115.812465,300,3736.68257
-615.004395,53,3737.769145
-120.485034,300,3743.97999
-101.140078,300,3755.5807
-706.489362,293,3761.57217
-99.078093,300,3767.679123
-700.11806,252,3775.595746
-125.636087,300,3781.827415
-109.105944,300,3787.91044
-625.933417,76,3789.445717
-630.603375,68,3790.811407
-113.824075,300,3797.628398
-622.591704,51,3798.65464
-705.992449,290,3804.559593
-113.273682,300,3810.580086
-627.771514,71,3813.839904
-620.94668,54,3814.952065
-116.013817,300,3820.953652
-632.05661,138,3823.739853
-113.884079,300,3829.795057
-125.626536,300,3839.167515
-111.309531,300,3845.218385
-625.359209,65,3846.553266
-99.191697,300,3852.633266
-133.509097,300,3860.174193
-97.655444,300,3865.827287
-691.252731,250,3871.082432
-131.784822,300,3880.730036
-654.742193,170,3884.245686
-636.266592,112,3886.580556
-654.499931,145,3889.518404
-93.1601,300,3901.713865
-89.469281,300,3907.795555
-101.66683,300,3913.859179
-640.166458,79,3915.467516
-679.110823,212,3920.878178
-87.660048,300,3927.031381
-692.127475,295,3933.123392
-654.231578,202,3937.242412
-663.194092,159,3940.840452
-624.382272,71,3942.317805
-93.543091,300,3948.344809
-127.165989,300,3954.372989
-676.721654,171,3961.880691
-127.71669,300,3967.83587
-105.33913,300,3974.101991
-655.529827,159,3977.379493
-105.382504,300,3985.340325
-118.037859,300,3991.544671
-103.250135,300,3997.62729
-128.718633,300,4006.324183
-110.860384,300,4012.396556
-160.266873,300,4018.496315
-143.18443,300,4027.234314
-100.190823,300,4033.623723
-635.614293,74,4035.124935
-637.963708,88,4036.911322
-115.04038,300,4048.576421
-116.749329,300,4054.672621
-631.748975,76,4056.230506
-100.718964,300,4061.97063
-105.370419,300,4069.180032
-129.54023,300,4076.031066
-656.055217,126,4078.575455
-629.504386,80,4080.217591
-622.793354,56,4081.368691
-91.833594,300,4091.273174
-132.73588,300,4097.339926
-610.41034,28,4097.910038
-88.312519,300,4104.184334
-629.704164,81,4105.827871
-613.022954,32,4106.920294
-143.867707,300,4113.01257
-622.737962,60,4114.222045
-127.269922,300,4120.361004
-113.150002,300,4126.419212
-130.606925,300,4133.46189
-106.56262,300,4139.60585
-110.902472,300,4145.660386
-690.297638,247,4153.27646
-108.387139,300,4159.332864
-123.037509,300,4165.423361
-94.553481,300,4175.332083
-707.798215,242,4180.21224
-92.743652,300,4186.342244
-106.164809,300,4196.35619
-95.23881,300,4202.531662
-108.222882,300,4208.626122
-608.337553,26,4209.151753
-617.889284,46,4212.177757
-655.105684,137,4215.107055
-107.470687,300,4221.355482
-139.471257,300,4227.488426
-627.181398,63,4228.777985
-114.30011,300,4238.701283
-935.570476,256,4243.995076
-735.809369,299,4250.134373
-90.679573,300,4259.87794
-713.81052,290,4265.817647
-126.70346,300,4272.094459
-627.327223,87,4276.74755
-694.063354,261,4282.164433
-672.540072,191,4286.034286
-628.539023,83,4287.71614
-84.674025,300,4294.073125
-629.826392,65,4295.38152
-120.250119,300,4302.302217
-109.76853,300,4308.323195
-89.655756,300,4314.424413
-94.330985,300,4323.32097
-611.964177,40,4324.121752
-112.202195,300,4330.16752
-119.239746,300,4336.332212
-113.560741,300,4344.30109
-107.220334,300,4350.518215
-118.087943,300,4356.741774
-659.624015,156,4362.495352
-1171.536761,189,4366.351158
-117.999281,300,4372.832229
-140.27651,300,4379.055516
-87.250394,300,4387.135621
-106.065615,300,4393.265083
-126.762296,300,4399.246382
-89.602165,300,4407.976254
-627.567296,71,4409.413657
-99.60455,300,4415.523531
-656.378544,155,4418.769307
-665.575577,135,4421.50087
-682.432012,215,4427.302249
-66.385246,300,4433.471141
-609.196073,27,4434.024912
-82.485659,300,4440.161286
-627.34443,67,4441.542081
-639.519841,96,4443.471508
-133.745512,300,4450.167187
-675.798425,263,4455.671495
-99.999307,300,4461.908165
-77.61739,300,4471.465654
-616.267601,36,4472.205025
-127.546644,300,4478.409072
-115.791815,300,4484.473039
-622.013418,86,4486.217089
-674.90384,185,4490.180192
-624.418275,64,4491.475184
-85.784428,300,4497.606105
-675.728078,222,4502.129595
-700.953756,292,4513.222539
-84.725274,300,4519.518296
-154.899318,300,4525.821122
-632.789641,94,4527.761669
-135.805371,300,4534.705816
-89.760214,300,4540.951025
-117.294221,300,4546.996972
-645.559541,171,4553.15171
-673.177972,173,4556.686827
-115.453393,300,4562.794749
-657.466281,173,4566.385746
-90.339146,300,4576.822207
-116.545589,300,4582.81896
-106.330706,300,4589.09739
-627.110424,74,4590.61882
-661.402915,156,4595.084673
-123.532221,300,4601.253034
-82.371631,300,4607.325668
-677.046552,190,4611.156685
-635.371429,144,4615.804665
-679.708002,160,4619.277844
-613.356289,47,4620.233558
-122.504245,300,4626.426253
-113.964164,300,4632.717619
-109.12648,300,4640.727341
-101.515329,300,4646.995624
-125.857886,300,4652.93667
-617.1575,41,4656.37221
-111.917405,300,4662.767028
-117.982225,300,4668.590149
-635.820498,92,4670.501113
-625.945083,82,4678.099053
-127.727412,300,4684.270591
-108.015527,300,4690.344613
-83.995744,300,4696.417639
-622.773148,51,4698.449467
-102.731735,300,4704.41365
-103.774081,300,4710.360987
-100.800805,300,4716.498238
-619.716792,54,4719.257072
-629.660912,103,4721.358721
-682.708695,215,4726.068137
-80.170171,300,4732.177812
-656.525053,133,4734.953751
-639.145756,87,4741.292776
-125.489774,300,4747.543562
-100.308465,300,4753.798703
-692.407878,244,4758.728677
-118.954949,300,4766.944708
-739.122723,293,4772.973608
-87.52361,300,4779.222105
-640.244444,90,4783.775193
-113.562284,300,4789.887875
-127.081065,300,4796.005862
-128.583952,300,4802.115903
-133.286882,300,4809.089276
-126.789273,300,4815.243459
-609.315995,27,4815.79687
-111.053683,300,4821.935429
-658.76556,172,4827.651781
-114.566951,300,4833.808733
-615.206625,42,4834.674896
-111.371861,300,4840.775829
-97.166896,300,4851.492591
-700.273065,265,4856.644929
-655.071705,104,4858.808234
-99.47061,300,4865.06474
-117.044873,300,4872.29168
-108.199587,300,4878.495957
-91.648004,300,4884.565776
-607.451942,29,4885.160254
-630.296129,95,4887.124168
-123.516497,300,4893.474059
-623.275097,72,4894.946217
-621.417342,48,4895.908728
-642.229796,136,4898.660997
-115.971886,300,4904.660978
-128.49068,300,4914.321037
-613.484974,54,4915.411898
-82.130809,300,4921.496682
-701.65467,239,4926.356751
-139.179084,300,4935.350334
-120.197576,300,4941.544355
-83.275568,300,4947.731034
-101.570449,300,4956.624058
-97.673089,300,4962.67457
-705.561256,163,4966.018729
-635.168946,173,4975.047216
-101.237705,300,4981.195997
-79.31712,300,4987.381977
-713.514021,245,4992.656523
-611.682959,28,4993.518182
-641.736787,121,4996.026094
-646.671905,181,4999.745931
-101.822072,300,5005.965501
-91.164151,300,5012.085736
-113.289912,300,5020.334333
-107.937022,300,5026.444937
-78.715412,300,5032.551612
-606.454471,35,5035.944791
-86.884781,300,5042.236067
-615.111241,52,5043.305295
-107.995263,300,5049.507507
-650.227599,112,5051.799136
-94.49093,300,5062.793976
-116.81426,300,5069.148536
-69.972051,300,5075.686009
-130.724174,300,5084.775981
-111.996628,300,5090.944664
-642.833849,119,5093.397246
-617.059714,53,5094.462175
-131.539931,300,5106.067096
-137.86123,300,5112.403542
-697.928543,276,5118.206659
-116.717709,300,5127.819447
-612.053197,32,5128.503875
-621.341931,51,5129.568093
-671.776072,233,5134.471886
-657.071744,145,5137.427518
-99.526453,300,5149.27929
-72.040889,300,5155.447727
-661.126926,190,5159.357505
-619.577235,54,5160.453738
-612.995623,41,5161.290509
-667.326395,154,5167.392398
-735.12812,252,5172.736561
-103.824038,300,5179.083567
-646.184533,127,5181.69971
-89.149528,300,5192.071993
-138.604649,300,5198.175933
-104.092368,300,5204.335179
-645.539794,95,5208.987133
-625.838048,64,5210.289497
-98.602948,300,5216.333943
-117.283279,300,5222.48233
-117.573242,300,5234.453636
-89.902937,300,5240.720859
-619.926363,67,5242.106855
-150.902462,300,5248.216088
-124.229907,300,5255.762128
-109.306783,300,5262.440419
-88.767333,300,5268.625124
-675.213519,151,5274.292175
-125.144458,300,5280.430131
-639.096788,88,5282.190304
-91.2579,300,5288.363425
-100.15578,300,5298.601259
-103.808372,300,5304.787416
-681.455065,195,5308.808223
-83.011426,300,5319.900844
-104.805746,300,5326.319987
-123.107946,300,5332.609583
-643.149912,131,5338.095895
-120.062846,300,5344.406407
-113.252184,300,5350.736372
-120.886123,300,5363.073858
-99.842805,300,5369.374106
-112.93192,300,5375.626317
-126.757031,300,5384.457697
-639.166824,91,5386.318155
-628.31779,61,5387.555145
-630.772599,82,5389.252056
-632.289945,79,5390.88233
-111.86979,300,5397.428877
-634.442257,98,5401.820104
-669.066559,237,5406.611785
-666.944792,171,5410.129898
-608.440014,27,5410.696506
-89.857716,300,5416.926578
-113.609938,300,5427.149075
-109.978975,300,5433.164867
-71.009589,300,5439.348468
-77.824401,300,5448.203476
-676.593041,196,5452.253842
-718.743087,290,5458.424366
-123.825016,300,5469.431162
-95.431237,300,5475.472914
-132.496918,300,5481.680446
-632.594203,103,5486.490961
-90.30905,300,5492.829033
-88.440663,300,5498.891894
-93.076686,300,5505.133718
-699.061077,278,5511.483773
-688.578994,242,5516.408165
-113.213741,300,5522.442949
-109.384263,300,5532.677822
-116.704135,300,5538.854999
-94.97796,300,5544.969641
-644.796676,107,5547.141463
-661.622415,191,5551.541562
-626.180905,75,5553.097709
-680.432822,214,5557.551789
-118.165598,300,5563.676227
-114.516192,300,5575.077873
-73.426572,300,5581.164865
-121.616659,300,5587.369146
-638.503117,83,5589.120713
-661.069619,147,5593.108587
-660.107292,143,5596.065177
-107.574992,300,5602.257625
-686.294802,273,5607.917033
-649.471782,113,5610.270444
-611.768704,43,5611.1573
-132.608448,300,5617.524222
-157.731819,300,5623.747485
-105.366188,300,5630.013715
-618.68104,41,5630.865018
-607.879944,24,5631.364557
-91.631436,300,5639.410861
-105.89587,300,5645.513765
-113.712364,300,5651.719035
-91.697281,300,5660.813672
-666.009715,200,5664.931913
-87.505249,300,5671.139139
-640.788171,163,5674.527895
-88.559166,300,5682.124916
-659.51473,159,5685.339515
-622.386698,70,5686.795498
-101.4286,300,5693.017508
-619.83027,57,5698.271594
-615.451875,43,5699.144482
-644.680507,138,5702.023846
-680.632775,270,5707.598296
-112.549122,300,5714.094421
-675.70745,120,5720.891464
-94.998441,300,5726.716727
-104.336201,300,5732.912511
-619.409394,52,5733.963431
-103.143153,300,5745.566818
-646.216078,137,5748.416002
-614.431255,50,5749.426502
-88.688401,300,5755.825919
-623.248288,60,5757.063566
-90.776811,300,5766.858276
-648.31967,103,5768.954673
-103.612432,300,5775.492577
-127.998338,300,5781.857357
-104.452481,300,5788.706516
-121.604966,300,5794.950438
-103.149445,300,5801.350007
-104.565424,300,5810.44509
-644.699534,126,5812.98239
-87.476344,300,5819.260562
-680.749913,204,5823.487331
-117.084229,300,5831.671136
-110.129105,300,5837.840865
-98.225606,300,5844.075766
-643.066449,137,5849.642582
-136.597542,300,5855.757192
-86.475341,300,5862.080156
-121.393639,300,5874.490649
-145.477916,300,5880.621841
-111.011206,300,5886.866666
-638.330923,163,5892.755888
-118.040849,300,5899.020458
-618.233471,75,5900.55089
-94.194155,300,5906.72378
-638.830141,113,5913.023032
-101.598024,300,5919.027225
-130.272718,300,5925.108912
-106.12182,300,5931.256318
-108.643262,300,5937.762977
-89.241527,300,5944.066286
-687.630487,241,5948.954017
-613.923247,36,5949.683989
-638.144246,96,5954.684809
-628.231153,76,5956.226456
-111.246791,300,5962.348252
-611.987467,34,5963.041411
-117.731796,300,5969.252785
-628.488176,77,5970.858506
-623.207941,75,5972.359997
-671.494796,174,5977.354115
-89.591023,300,5983.379404
-690.815106,282,5989.30824
-660.386571,140,5992.297878
-108.747629,300,6001.317348
-671.089402,226,6005.948277
-142.799651,300,6012.027068
-111.876712,300,6022.131982
-91.059992,300,6028.334504
-135.901715,300,6034.875978
-632.452563,91,6039.377261
-103.035236,300,6045.505245
-707.22101,253,6050.700448
-96.079941,300,6056.787752
-123.70497,300,6065.073626
-114.059547,300,6071.045066
-122.926465,300,6077.257062
-637.885821,106,6082.074219
-112.407219,300,6087.783707
-162.810577,300,6094.065612
-92.977966,300,6100.239148
-103.00658,300,6106.861977
-630.925602,70,6108.330731
-98.203746,300,6114.382646
-103.920546,300,6120.62376
-98.576559,300,6128.071438
-119.641141,300,6134.169998
-126.38813,300,6140.36803
-687.369605,253,6148.246793
-126.178194,300,6154.538221
-89.540129,300,6160.576742
-641.252081,116,6166.538398
-120.775415,300,6172.728285
-697.571615,214,6177.157683
-112.576556,300,6183.223031
-98.256023,300,6191.71495
-650.975079,134,6194.43447
-117.063964,300,6200.775326
-631.850847,92,6202.693889
-650.997283,125,6209.36833
-109.232369,300,6215.460084
-90.158502,300,6221.625149
-657.542523,189,6225.559222
-648.141873,101,6227.607195
-633.275775,98,6229.940255
-111.716153,300,6236.498253
-639.623313,120,6238.952199
-100.864712,300,6245.173438
-80.081912,300,6255.636107
-141.344358,300,6261.811693
-112.574379,300,6268.007416
-118.834199,300,6276.787681
-146.064333,300,6282.896252
-637.148284,106,6285.08981
-703.284719,257,6290.362509
-626.73958,72,6293.21897
-147.225572,300,6299.306013
-108.628399,300,6305.341954
-649.043013,115,6307.728715
-632.537572,80,6309.329634
-673.959908,225,6317.244689
-144.857148,300,6323.263772
-74.088877,300,6329.621611
-634.886895,75,6331.153319
-128.350681,300,6340.171674
-660.013105,170,6343.692154
-647.319622,98,6345.727494
-636.967253,95,6347.645802
-122.571408,300,6353.838992
-614.010136,39,6354.63609
-132.27485,300,6361.349559
-148.794535,300,6367.413059
-123.003106,300,6373.67964
-67.143398,300,6382.644281
-111.942008,300,6388.864366
-129.025885,300,6395.060453
-693.719761,254,6403.045136
-101.740578,300,6409.300481
-107.368721,300,6415.698135
-621.781655,50,6420.367928
-114.478139,300,6426.431582
-647.748892,146,6429.42773
-126.398381,300,6435.559324
-621.842134,61,6441.500947
-111.150037,300,6447.838982
-114.767002,300,6454.025469
-680.592608,217,6458.430761
-621.442906,75,6459.983427
-634.726508,104,6463.7344
-663.251053,201,6467.818401
-107.879501,300,6473.999013
-120.040665,300,6480.237615
-81.221127,300,6488.87949
-637.214552,97,6490.913584
-110.556304,300,6497.064839
-644.33817,100,6499.093875
-636.225912,91,6500.938512
-655.475595,172,6507.408343
-96.188806,300,6513.700239
-130.212161,300,6519.917617
-653.261052,176,6528.855747
-128.830138,300,6534.990325
-615.049094,34,6535.689161
-102.557047,300,6542.111196
-84.279225,300,6552.724311
-613.367974,35,6553.454096
-147.672571,300,6559.559875
-134.331437,300,6565.856502
-663.732724,152,6570.925737
-104.864652,300,6577.00686
-665.63756,171,6580.602059
-95.903261,300,6586.656358
-608.718891,27,6587.224546
-72.415432,300,6595.266151
-106.01995,300,6601.553347
-639.150707,109,6603.746051
-113.751734,300,6609.516374
-111.533217,300,6616.222205
-99.567243,300,6622.685348
-619.141064,67,6624.055226
-111.760954,300,6630.271038
-609.348856,28,6632.172886
-649.575758,126,6634.791915
-642.189835,111,6637.127025
-109.931484,300,6643.370675
-646.58185,131,6646.079437
-627.313326,61,6647.313392
-668.637707,175,6650.873696
-617.015944,43,6653.82092
-618.778868,57,6655.019035
-639.124579,80,6656.676061
-145.654736,300,6662.862074
-106.11047,300,6668.959927
-83.986921,300,6680.568589
-626.389849,67,6681.975305
-99.955765,300,6688.230556
-115.961764,300,6694.629509
-128.208408,300,6702.006701
-117.34344,300,6708.162206
-115.502721,300,6714.438466
-667.723608,270,6722.66791
-679.908906,255,6727.81863
-102.075294,300,6734.058874
-120.998354,300,6744.201346
-714.165867,242,6749.088626
-623.304419,60,6750.30189
-680.124065,242,6755.107598
-134.514389,300,6764.969015
-96.019969,300,6770.971947
-667.194721,195,6774.902662
-121.162942,300,6785.633734
-131.642108,300,6791.841594
-99.961445,300,6798.023721
-635.576325,83,6799.687638
-696.253266,205,6804.833236
-95.701337,300,6810.919282
-128.708153,300,6816.982566
-114.456258,300,6827.802319
-649.191174,131,6830.542209
-656.5407,221,6835.112954
-140.848652,300,6841.298892
-82.559096,300,6848.90954
-645.056486,114,6851.256696
-625.333946,59,6852.452879
-172.678925,300,6858.481839
-105.373683,300,6870.331951
-88.323649,300,6876.377505
-672.147543,232,6881.157332
-623.815271,65,6886.536622
-204.178733,300,6892.746351
-104.834517,300,6898.820003
-140.800486,300,6904.891884
-625.000591,53,6905.962286
-635.568517,129,6908.871033
-640.297791,104,6910.989261
-683.359452,224,6915.534501
-123.55708,300,6921.029351
-702.589592,266,6932.052103
-608.707148,23,6932.545022
-89.557048,300,6938.774583
-642.826533,142,6941.646459
-91.879392,300,6954.037014
-94.956097,300,6960.193189
-91.126096,300,6966.218357
-92.657807,300,6975.108049
-645.687189,118,6977.505999
-700.963704,257,6982.928787
-141.013677,300,6988.921968
-90.047953,300,6996.554806
-619.402419,52,6997.788024
-120.235909,300,7004.278955
-664.917189,142,7007.409758
-660.3386,162,7015.937869
-95.517228,300,7021.848278
-111.807077,300,7028.033271
-682.144591,232,7038.382496
-626.956114,60,7039.594793
-621.832362,85,7041.356088
-605.90586,22,7041.84808
-109.89146,300,7048.09046
-122.580033,300,7054.424029
-621.67335,108,7057.306608
-653.383485,128,7059.957831
-670.047619,196,7064.1281
-87.944792,300,7070.349788
-633.346721,93,7078.528451
-637.668607,110,7080.734786
-106.993636,300,7086.888127
-112.06579,300,7092.960758
-664.846994,169,7096.392337
-112.753536,300,7103.696945
-103.763781,300,7109.781258
-622.986484,59,7110.983768
-109.653059,300,7116.846773
-86.662832,300,7124.335188
-665.869486,157,7127.547011
-97.049122,300,7133.561887
-609.000858,25,7134.085316
-634.732208,74,7135.58746
-690.393052,261,7144.516336
-126.518749,300,7150.557046
-670.967636,183,7154.37045
-115.992151,300,7166.603238
-635.127623,100,7168.645511
-135.339249,300,7174.706015
-80.304207,300,7180.732377
-609.088676,32,7182.064972
-114.059102,300,7188.211908
-109.094756,300,7194.357969
-719.983841,264,7199.721677
-968.964646,128,7202.353944
-611.182562,30,7203.11099
-658.490808,185,7206.750549
-716.525333,277,7212.610461
-127.425794,300,7219.106848
-681.793173,193,7222.987841
-174.099962,300,7229.908455
-150.204176,300,7236.381731
-119.009948,300,7242.584038
-785.841421,251,7250.43744
-711.22229,250,7255.965888
-116.391356,300,7262.055401
-91.230552,300,7272.612213
-108.67207,300,7278.830553
-93.958277,300,7284.994574
-619.18607,41,7288.463253
-646.266693,113,7290.777314
-132.031588,300,7296.879922
-616.188653,51,7297.9188
-107.101188,300,7304.106053
-72.537516,300,7314.803996
-639.319837,118,7317.17132
-623.347166,58,7318.369166
-82.855159,300,7324.400702
-684.223202,262,7334.84547
-89.81686,300,7340.953432
-148.187277,300,7347.28847
-694.909063,159,7350.607408
-695.714838,228,7355.521785
-221.089234,300,7361.714573
-646.170725,147,7364.930617
-116.227812,300,7371.179086
-152.017042,300,7378.621083
-669.969576,169,7382.121022
-134.983038,300,7388.410918
-676.207173,225,7393.079556
-609.685744,29,7394.42192
-120.840244,300,7400.457035
-711.953131,130,7403.092101
-77.578436,300,7409.25272
-83.190071,300,7421.265265
-637.284187,99,7423.332508
-210.725634,300,7429.347807
-118.242482,300,7435.559061
-649.920608,158,7439.414519
-620.155597,54,7440.531795
-125.956631,300,7446.697889
-614.564667,48,7447.697279
-97.889844,300,7453.951761
-107.676295,300,7463.560135
-663.575622,159,7466.78869
-611.690989,28,7467.359391
-106.575807,300,7473.649587
-137.155608,300,7484.55822
-664.664374,151,7487.60641
-636.375973,113,7490.048282
-133.695826,300,7496.245685
-103.96707,300,7505.798831
-717.37014,300,7511.907344
-128.867964,300,7517.878112
-112.110817,300,7526.49719
-109.597929,300,7532.775143
-105.675997,300,7538.81569
-123.70242,300,7547.569639
-119.731652,300,7553.593002
-95.221754,300,7559.641974
-622.565872,91,7564.140208
-108.921569,300,7570.221263
-105.787508,300,7576.319113
-131.779603,300,7582.354352
-124.544833,300,7589.489852
-698.125733,245,7594.464588
-671.69683,155,7597.553665
-127.620416,300,7603.625457
-103.172913,300,7610.562873
-101.643646,300,7616.739742
-120.967312,300,7622.987519
-645.502962,114,7628.014424
-103.16944,300,7634.065586
-145.530795,300,7640.280708
-123.364452,300,7646.282202
-124.079415,300,7652.713789
-669.91772,167,7656.039142
-145.91448,300,7662.239916
-126.417714,300,7673.760271
-110.566972,300,7680.149538
-106.847994,300,7685.90573
-94.101502,300,7694.72082
-104.587635,300,7700.969064
-109.315863,300,7707.054505
-627.792695,62,7710.884798
-112.100472,300,7716.957878
-108.829622,300,7723.065922
-131.103774,300,7729.250748
-630.836025,103,7732.680766
-89.160422,300,7738.656344
-106.220824,300,7744.835589
-96.946871,300,7750.998763
-614.103204,34,7752.258042
-618.767429,66,7753.6567
-619.30009,62,7754.913904
-127.50576,300,7760.892546
-109.060164,300,7766.837557
-679.149339,223,7776.982968
-685.649189,173,7780.504498
-115.377443,300,7786.61329
-113.416137,300,7792.92154
-613.909763,57,7794.769261
-651.268236,133,7797.560849
-106.397726,300,7803.636081
-108.18331,300,7809.675248
-662.335979,139,7812.533076
-657.261869,175,7818.086001
-122.645609,300,7824.145068
-91.758461,300,7830.394058
-685.677592,174,7839.174126
-124.114524,300,7845.405326
-111.019753,300,7851.569518
-115.168846,300,7863.029784
-104.251406,300,7869.199502
-105.79498,300,7875.413679
-90.709999,300,7883.841304
-628.553055,65,7885.158306
-118.301349,300,7891.171095
-132.821712,300,7897.394161
-614.238882,34,7899.388937
-246.859051,300,7905.385794
-130.713086,300,7911.495497
-106.824807,300,7917.610026
-641.234878,99,7921.573116
-630.509198,104,7923.736084
-671.528613,222,7928.249214
-96.413999,300,7934.229302
-130.004107,300,7946.805542
-608.880201,31,7947.433126
-129.628402,300,7953.411649
-679.917198,237,7958.21061
-112.636997,300,7967.640901
-135.313396,300,7973.912357
-683.643649,186,7977.692037
-85.260021,300,7988.778473
-104.269836,300,7994.810187
-130.884281,300,8000.904706
-667.064724,186,8007.361392
-134.637689,300,8013.660215
-691.960783,207,8017.781058
-98.514948,300,8024.037398
-103.172557,300,8030.944139
-125.192105,300,8036.899061
-663.007378,177,8040.57705
-653.941468,189,8049.748485
-99.477564,300,8055.768526
-118.503018,300,8061.689127
-667.565327,213,8065.992184
-97.33889,300,8072.653834
-133.457306,300,8078.608609
-113.533332,300,8084.696749
-642.333359,122,8087.167809
-683.221081,218,8091.746737
-615.821676,34,8092.43419
-135.054587,300,8098.519855
-136.463264,300,8104.860179
-642.713074,123,8110.956716
-119.311362,300,8116.977161
-663.079006,177,8120.750936
-631.00501,82,8122.450395
-120.747061,300,8128.928909
-105.749477,300,8136.190837
-133.19798,300,8142.319948
-97.495571,300,8148.286556
-95.521879,300,8157.26651
-98.728882,300,8163.519906
-144.900821,300,8169.660897
-649.185142,124,8172.238379
-145.281888,300,8178.4261
-140.723057,300,8184.652474
-695.791657,261,8189.969377
-103.782892,300,8199.448673
-115.207521,300,8205.614987
-681.013933,240,8210.52202
-142.488209,300,8220.517769
-130.765225,300,8226.680533
-132.486375,300,8232.797719
-94.839863,300,8241.487789
-128.113726,300,8247.596903
-93.466022,300,8253.702115
-76.47157,300,8262.467275
-661.046189,172,8265.900327
-111.506756,300,8271.85544
-638.063493,81,8273.466616
-640.16453,171,8277.079732
-101.706156,300,8283.388711
-130.636906,300,8289.529441
-86.222675,300,8295.652871
-130.481123,300,8304.43169
-91.367167,300,8310.567681
-615.02998,37,8311.324107
-137.668682,300,8317.522301
-127.224545,300,8325.565629
-654.691367,230,8330.213724
-673.760947,244,8335.131263
-683.458778,177,8338.731071
-84.674991,300,8346.462996
-107.282586,300,8352.633775
-163.239047,300,8358.982216
-136.887584,300,8367.723069
-126.443463,300,8373.719211
-656.277848,186,8377.475834
-674.105563,185,8385.931372
-122.935034,300,8391.668211
-95.45156,300,8397.781651
-664.326688,178,8401.405353
-622.122156,56,8403.871478
-695.558569,251,8409.021004
-97.171507,300,8415.02051
-142.358357,300,8420.942462
-617.275381,44,8421.847519
-621.287041,52,8422.896142
-125.101569,300,8429.681634
-99.478654,300,8435.670683
-106.297783,300,8441.642897
-109.916428,300,8450.434279
-143.871787,300,8456.584057
-123.048793,300,8462.906403
-91.909094,300,8471.716738
-92.591344,300,8477.844211
-631.247534,79,8479.461641
-92.071647,300,8485.564192
-631.098795,69,8487.984624
-633.889111,99,8490.051689
-106.406066,300,8496.269993
-126.389973,300,8502.454362
-674.021419,224,8506.999072
-124.351658,300,8514.06846
-651.510448,143,8516.991088
-641.333726,99,8518.991027
-114.930583,300,8525.140223
-101.378423,300,8534.804801
-128.099937,300,8540.901962
-107.493359,300,8547.140445
-634.517017,82,8548.828331
-608.215701,34,8549.514232
-130.705712,300,8556.00016
-114.765969,300,8562.030331
-97.684708,300,8568.151561
-109.677257,300,8576.896446
-110.582594,300,8583.117266
-128.19734,300,8589.277507
-608.702739,23,8589.753838
-114.743915,300,8597.912318
-100.37581,300,8604.200492
-102.635371,300,8610.42603
-611.968996,31,8611.055581
-678.386796,213,8617.442363
-119.505973,300,8623.581292
-656.863406,155,8626.735488
-153.714869,300,8632.757349
-126.871505,300,8640.117498
-118.012585,300,8646.132807
-117.431176,300,8652.240282
-132.580599,300,8661.048478
-637.615087,104,8663.170516
-608.55447,31,8663.813072
-120.162021,300,8670.018917
-654.771359,188,8680.014545
-170.710058,300,8686.35409
-141.697422,300,8692.390506
-169.391793,300,8704.015648
-128.746273,300,8710.315217
-696.617776,221,8714.856329
-258.17386,300,8725.375077
-121.761509,300,8731.542436
-114.578437,300,8737.712989
-612.966944,37,8741.087463
-101.09457,300,8747.226719
-125.558367,300,8753.459017
-114.329876,300,8759.430442
-132.591572,300,8767.307316
-159.381147,300,8773.326377
-116.920882,300,8779.435325
-642.504144,105,8781.587208
-623.978424,61,8783.314156
-154.647149,300,8789.423075
-89.605955,300,8795.499712
-274.086851,300,8801.487647
-117.372786,300,8809.297977
-113.339041,300,8815.553131
-107.517153,300,8821.622464
-130.361961,300,8830.361743
-118.439648,300,8836.376801
-616.209274,47,8837.333482
-633.759684,73,8838.823802
-143.705311,300,8844.984058
-81.873555,300,8851.442301
-111.363452,300,8857.873552
-137.421526,300,8864.234644
-674.872946,183,8870.572592
-628.730605,83,8872.289129
-111.792513,300,8878.371007
-660.336845,185,8882.125853
-142.051071,300,8893.695058
-190.384511,300,8899.875809
-203.072995,300,8906.011288
-105.513912,300,8915.172063
-135.229783,300,8921.421069
-150.589504,300,8927.535054
-132.456959,300,8936.326539
-164.045336,300,8942.334673
-85.620007,300,8948.524839
-620.504024,45,8949.438426
-131.292486,300,8957.443123
-127.813575,300,8963.865256
-645.861091,118,8966.42403
-666.228791,197,8970.463367
-620.881123,44,8971.370198
-137.116552,300,8978.952719
-336.709877,300,8985.126342
-115.478405,300,8991.269791
-125.79152,300,9000.232739
-162.346387,300,9006.443179
-615.369805,44,9007.358821
-83.662276,300,9013.504286
-139.693754,300,9021.297903
-93.313645,300,9027.504066
-639.807294,123,9030.053805
-120.542433,300,9036.300191
-643.580763,136,9039.286043
-88.759285,300,9045.434637
-107.952225,300,9051.569112
-101.611346,300,9064.309946
-119.040397,300,9070.497742
-104.582589,300,9076.640524
-157.836016,300,9085.452402
-126.413094,300,9091.540319
-134.372074,300,9097.796847
-104.1088,300,9106.802933
-132.988533,300,9113.224156
-134.584533,300,9119.594813
-109.87137,300,9128.548445
-145.555683,300,9134.551934
-619.080555,42,9135.405322
-92.96849,300,9141.65706
-636.379687,88,9145.303518
-113.720571,300,9151.744112
-93.100244,300,9157.944449
-123.29662,300,9164.098966
-707.276136,209,9169.255979
-105.338465,300,9175.435494
-611.804893,35,9176.148322
-109.963925,300,9182.297861
-105.645824,300,9192.355044
-116.36894,300,9198.639793
-660.000846,115,9200.9301
-648.527518,103,9203.002886
-614.006716,35,9208.019342
-102.886572,300,9214.308597
-135.800087,300,9220.350634
-86.964556,300,9226.451505
-136.760087,300,9234.458723
-82.566386,300,9240.480941
-141.060998,300,9246.590959
-112.838197,300,9255.526962
-128.577074,300,9261.616134
-127.140294,300,9267.89544
-658.009154,145,9273.58108
-109.835902,300,9279.814229
-127.01235,300,9285.901062
-658.830564,179,9289.647098
-128.463485,300,9298.114718
-639.466082,114,9300.401563
-667.657215,183,9304.146126
-119.854598,300,9310.272416
-608.795403,28,9310.857496
-137.65149,300,9319.285282
-101.547465,300,9325.449186
-110.299972,300,9331.577965
-625.198234,57,9332.721826
-108.130122,300,9340.88976
-660.638341,135,9343.690252
-641.030036,97,9345.65647
-685.183008,206,9349.950946
-128.951702,300,9362.192828
-122.45508,300,9368.476665
-131.160974,300,9374.430567
-141.547132,300,9383.220455
-121.976561,300,9389.294547
-84.730939,300,9395.304395
-118.403605,300,9404.158959
-127.149933,300,9410.191648
-241.684786,300,9415.820625
-146.576967,300,9424.686806
-113.169247,300,9430.863641
-101.502559,300,9437.005899
-647.836358,112,9439.270184
-77.218598,300,9445.978079
-610.419951,27,9446.53182
-128.080794,300,9452.565587
-132.680003,300,9458.649444
-672.144981,250,9465.942636
-647.869957,136,9468.752476
-659.300254,161,9472.067719
-118.047022,300,9478.285555
-113.277073,300,9487.963809
-80.531807,300,9494.060789
-88.043699,300,9500.109186
-112.751648,300,9508.965709
-704.467908,287,9514.763699
-125.304046,300,9520.89781
-629.227913,70,9522.310117
-98.269953,300,9530.013554
-678.350241,228,9534.598391
-110.068155,300,9540.679248
-695.961302,260,9550.099199
-110.807944,300,9556.204558
-128.157392,300,9562.69501
-112.72549,300,9572.740798
-709.580427,280,9578.527041
-650.156652,134,9581.252321
-632.204273,64,9582.547102
-140.673036,300,9594.641634
-682.109901,194,9598.987351
-89.270707,300,9605.186663
-647.218056,142,9608.132911
-616.532009,41,9608.958083
-615.833981,40,9610.844968
-109.57375,300,9616.933442
-91.964404,300,9623.013951
-139.033168,300,9629.027802
-119.717078,300,9637.068921
-108.107879,300,9643.049277
-143.299226,300,9649.490062
-693.9751,224,9656.787167
-623.700283,55,9657.920728
-171.034887,300,9663.79565
-635.584988,104,9665.951828
-126.80963,300,9672.475402
-103.512055,300,9679.66448
-118.081334,300,9685.713156
-94.010829,300,9691.859926
-117.159317,300,9700.572903
-122.021884,300,9706.744979
-96.131156,300,9712.952221
-619.091551,61,9716.856791
-98.2424,300,9722.860514
-128.067704,300,9729.11334
-96.232285,300,9735.132397
-107.234692,300,9742.656034
-130.199495,300,9748.76841
-632.203225,76,9750.329152
-139.253689,300,9756.683954
-111.000955,300,9763.890476
-103.534661,300,9770.118371
-98.023685,300,9776.253137
-129.022275,300,9785.073648
-668.643084,160,9788.360057
-132.565594,300,9794.440728
-609.141945,26,9794.992336
-92.155399,300,9806.324878
-75.898919,300,9812.664175
-82.325099,300,9818.896762
-95.397749,300,9827.678006
-128.542778,300,9833.894473
-645.301451,109,9836.091964
-113.055133,300,9842.229376
-608.20656,25,9843.213536
-102.995885,300,9849.266804
-622.63313,63,9850.545278
-153.558908,300,9856.5861
-111.921864,300,9862.781844
-119.846444,300,9870.281648
-84.872431,300,9876.649442
-100.492928,300,9882.844306
-110.49584,300,9891.983785
-155.717643,300,9898.250441
-669.244252,154,9901.502185
-128.948643,300,9913.294516
-688.236046,187,9917.21735
-88.151176,300,9923.432653
-659.887472,135,9931.140687
-176.60559,300,9937.299905
-685.810591,188,9941.138696
-101.375579,300,9947.197335
-105.133504,300,9955.364965
-640.237349,128,9957.930808
-101.892936,300,9964.16336
-84.522971,300,9976.825773
-135.631214,300,9982.907166
-607.70591,27,9983.466454
-87.986673,300,9989.729521
-118.272423,300,9997.982472
-166.671061,300,10004.207842
-126.775434,300,10010.518402
-154.730211,300,10019.410429
-142.750234,300,10025.560345
-116.443109,300,10031.828221
-141.013345,300,10040.654729
-638.174463,114,10042.986245
-136.728028,300,10048.869389
-154.086609,300,10055.060063
-190.637233,300,10061.946471
-109.149557,300,10068.438345
-115.627304,300,10074.590873
-634.544006,92,10079.075705
-112.070931,300,10085.151325
-127.011291,300,10091.273077
-158.50688,300,10097.402886
-121.650434,300,10104.493707
-614.350657,42,10105.335509
-151.367102,300,10111.495395
-140.693335,300,10117.803691
-87.767945,300,10125.722558
-685.076214,205,10129.918456
-95.697282,300,10136.356569
-645.962801,102,10138.403217
-145.197242,300,10147.068033
-98.472457,300,10153.19217
-634.907346,91,10155.04725
-101.861492,300,10161.106086
-107.397901,300,10168.096113
-109.772209,300,10174.300871
-109.433713,300,10180.343206
-615.699873,44,10181.255872
-115.798279,300,10189.07272
-637.458186,76,10190.623163
-136.398767,300,10196.517483
-99.072926,300,10202.643923
-124.453789,300,10209.885745
-89.555073,300,10216.028227
-92.012983,300,10221.95804
-172.968523,300,10230.547255
-722.792338,292,10236.892514
-124.914836,300,10243.295534
-653.058981,122,10248.622196
-624.464723,56,10249.758017
-683.396808,243,10254.856346
-615.42884,51,10255.898368
-620.229023,68,10257.274189
-113.380146,300,10263.637217
-124.607357,300,10273.678934
-135.213259,300,10279.800977
-621.862347,83,10281.504871
-112.792931,300,10287.767587
-615.135271,42,10289.589813
-101.307509,300,10295.854138
-621.484945,59,10297.054301
-677.011744,212,10301.452889
-637.737842,151,10304.551852
-163.894949,300,10316.08579
-112.805772,300,10322.179616
-104.882459,300,10328.434479
