#{"t_start": 1571866141.4538581, "env_id": "highway-continuous-v0"}
r,l,t
-30.978387,87,12.459139
-10.058254,29,15.794706
-706.528947,35,19.613259
-7.431614,23,22.375523
-668.989037,51,28.266838
-715.80098,32,31.977375
-663.845561,64,39.056581
-670.368334,40,43.563993
-679.035751,67,51.007397
-12.240194,28,54.285348
-658.605183,22,56.792904
-12.263637,26,59.735722
-14.918273,52,65.465954
-660.924863,60,72.584719
-21.110694,64,80.907029
-655.057148,35,85.52035
-663.413836,34,90.066476
-728.420426,45,96.015555
-7.837557,25,99.422657
-663.612609,35,104.09425
-23.583345,50,112.562748
-17.588553,34,117.443728
-677.676246,27,121.273768
-734.333086,94,134.757097
-732.455124,174,160.472818
-16.690613,61,168.80857
-654.096411,88,180.896862
-11.484831,26,184.915508
-652.907126,42,190.976262
-653.779618,45,197.846786
-683.161976,50,205.413212
-660.659744,40,211.181209
-697.347389,114,227.155677
-665.993996,136,246.179383
-12.504817,51,253.498667
-714.621623,39,259.300277
-654.325078,78,270.550954
-726.774995,33,275.570334
-34.420366,117,292.094439
-682.96722,48,298.766232
-792.797416,45,305.193101
-641.288922,32,309.677007
-729.278481,35,315.125266
-668.241922,32,320.036641
-680.234085,72,330.31448
-697.902962,62,339.271834
-651.266223,62,347.894014
-20.348821,63,357.073248
-654.352256,45,363.813505
-685.161731,151,385.174526
-774.253624,84,396.805711
-688.593233,32,401.462168
-8.646184,22,404.572087
-705.46787,47,411.66204
-664.508354,28,415.529961
-256.684367,162,438.703537
-669.37496,33,443.460515
-24.759253,58,453.363318
-11.911341,36,459.80317
-10.657065,66,470.863016
-646.022112,59,480.409373
-1118.11075,71,492.707254
-859.663299,241,540.036057
-10.203633,30,546.359295
-60.916466,85,560.994499
-687.018291,87,576.301795
-194.716134,140,599.281982
-21.74608,85,613.63936
-15.473076,41,619.999546
-719.858907,95,634.012906
-659.190807,89,648.964137
-676.791522,87,662.165679
-686.424613,93,675.948772
-30.654977,125,694.337399
-14.295928,39,700.270477
-672.322611,54,707.846791
-41.709382,71,718.480663
-16.626328,41,724.655299
-9.104253,22,728.153166
-49.299705,135,747.980128
-25.288481,62,757.360296
-655.629038,45,764.172322
-643.639848,44,771.018948
-8.43301,23,774.465458
-662.124634,47,781.322205
-712.097621,41,787.421105
-707.112656,132,806.109156
-685.148262,67,816.584702
-721.278977,186,843.529204
-10.135278,38,849.598851
-274.19124,74,861.469671
-11.922718,60,871.201437
-13.700619,33,876.535646
-31.099066,76,888.25887
-782.225072,84,900.47321
-17.65751,64,909.565371
-27.916964,57,920.007586
-759.52302,75,932.131764
-23.835738,68,944.74463
-800.040852,284,990.562896
-1090.71694,194,1022.333124
-683.682529,72,1033.04313
-11.296043,23,1036.680491
-672.001793,34,1041.83974
-8.334856,40,1047.34753
-634.544006,29,1052.057686
-654.921577,44,1058.504623
-10.132665,36,1063.896172
-167.039628,117,1082.35056
-108.57565,250,1122.714607
-30.271649,66,1132.416098
-37.981675,99,1147.33445
-14.740847,28,1151.74747
-55.412833,153,1174.905145
-28.635425,79,1186.820881
-16.98358,33,1191.483389
-29.316586,93,1205.596272
-12.856513,39,1211.808438
-12.958192,40,1217.831361
-27.931111,64,1227.533778
-22.192764,81,1240.213392
-203.282524,300,1284.299337
-8.145435,28,1288.300667
-12.380692,37,1293.455406
-9.778321,23,1296.76705
-29.594601,120,1314.744061
-9.931399,35,1320.361859
-85.578779,67,1329.97497
-20.977893,61,1338.361379
-39.890914,194,1364.805185
-20.745362,50,1371.304697
-23.337459,49,1377.668432
-836.170337,107,1391.832629
-558.828274,300,1431.351213
-722.673891,84,1442.308205
-282.179927,300,1482.22442
-10.898734,41,1487.640813
-32.236061,84,1498.961089
-1106.868849,170,1523.063564
-43.87369,120,1538.218875
-1058.083433,88,1550.397482
-11.938981,26,1554.14581
-8.055468,29,1557.999188
-27.864559,82,1568.357676
-16.304878,38,1573.427469
-661.890959,61,1581.601135
-930.790596,58,1589.397939
-635.919732,53,1596.095787
-242.534632,55,1603.364208
-9.556727,34,1608.201935
-17.24183,41,1613.626444
-34.091002,80,1623.955952
-663.066282,60,1631.515944
-767.139533,88,1643.228701
-23.157474,43,1648.729285
-79.878813,300,1688.256581
-33.44401,79,1698.479492
-8.467696,26,1702.091153
-45.215576,152,1721.867502
-40.37561,119,1737.459119
-9.419263,26,1740.855023
-705.078786,59,1748.322739
-670.60284,87,1759.784792
-14.994653,34,1764.246408
-12.158167,47,1770.365515
-814.010261,156,1789.945358
-655.111095,43,1794.823386
-11.580375,26,1797.75624
-7.506167,27,1800.859901
-773.683027,77,1809.581492
-644.172795,40,1814.057224
-777.399685,187,1835.919974
-109.0237,114,1849.356934
-201.614454,228,1875.791764
-91.767154,300,1911.248957
-750.35902,162,1930.025879
-307.733113,87,1939.813941
-817.438317,160,1958.170467
-809.256329,48,1964.044429
-708.144295,285,1997.97446
-25.426241,87,2007.84213
-15.936138,33,2011.870502
-12.657942,32,2015.902086
-25.272416,77,2024.852414
-234.657012,152,2042.679952
-272.983133,300,2077.522806
-84.850075,300,2111.419747
-47.235019,186,2133.705456
-26.895452,75,2142.659853
-11.826583,41,2147.705389
-202.093322,187,2169.902754
-141.721476,300,2205.046659
-8.763825,32,2208.936065
-11.792999,37,2213.372153
-728.347161,94,2224.928653
-701.409237,256,2257.705479
-832.13441,43,2263.367625
-21.236922,82,2274.445229
-93.8626,300,2312.993008
-10.092037,36,2317.370671
-45.12446,151,2337.083673
-26.887748,94,2348.835046
-12.815656,35,2353.278445
-18.611825,76,2362.565545
-198.234416,300,2398.010784
-45.48564,151,2415.42724
-10.463488,33,2419.353316
-178.906875,240,2447.171307
-9.257165,23,2449.841298
-22.290178,92,2460.652257
-707.817749,128,2475.358762
-9.91207,26,2478.285486
-135.577779,300,2512.905956
-7.057303,22,2515.439687
-7.110022,36,2520.097361
-170.957536,100,2531.710257
-34.917303,99,2543.308263
-140.101996,300,2577.454741
-85.920961,300,2613.721156
-15.031132,39,2618.577525
-298.103739,110,2631.833072
-71.835835,300,2668.016304
-54.176745,171,2688.009347
-34.108467,84,2697.401177
-406.180969,196,2719.974992
-24.195628,75,2729.126619
-163.628054,64,2737.060048
-10.669893,33,2741.210302
-711.350305,65,2748.963222
-190.744246,300,2784.672013
-34.161379,77,2794.341474
-75.408895,207,2818.471068
-40.20892,108,2832.113635
-24.789147,55,2838.923601
-24.317567,95,2849.898258
-41.237052,90,2861.379297
-44.181618,116,2876.252308
-29.133586,113,2892.129343
-660.024889,103,2904.772192
-10.091747,35,2909.190973
-107.414844,132,2924.273413
-21.504747,69,2932.227939
-80.214211,300,2967.215703
-27.687317,96,2979.088349
-21.364241,72,2987.670406
-9.580965,26,2990.944374
-15.421846,28,2994.618088
-25.182102,54,3001.790445
-55.326358,112,3016.94758
-18.127203,43,3022.679578
-9.367267,21,3025.114982
-64.190808,258,3056.899208
-26.70681,101,3069.587919
-15.199407,55,3076.683547
-842.010831,300,3116.774849
-26.178548,86,3128.26632
-189.548649,300,3168.351586
-241.498573,71,3178.284685
-10.014691,36,3183.16297
-64.115547,186,3207.451405
-781.199119,64,3215.154222
-47.441927,178,3238.301673
-11.590851,26,3242.206378
-40.821566,142,3259.563594
-237.501491,130,3275.582609
-19.831741,72,3284.316906
-32.78992,62,3291.398157
-35.660507,140,3309.065603
-19.886259,47,3314.76498
-242.190776,129,3330.601458
-34.964813,96,3342.558527
-681.538949,43,3347.607279
-53.959404,167,3366.091504
-717.289782,152,3384.073433
-9.568576,46,3389.323527
-79.769517,286,3422.932393
-80.354611,300,3462.109398
-54.947107,181,3483.161271
-17.594359,72,3491.823401
-44.501735,116,3505.631227
-694.982263,57,3512.318865
-27.124273,79,3521.761313
-27.382289,103,3533.738696
-19.465735,59,3540.978384
-17.592501,80,3549.920758
-21.966876,54,3555.837396
-52.820685,167,3575.337107
-34.445559,101,3588.449996
-20.661278,73,3597.468389
-63.063144,185,3619.752767
-38.272067,126,3634.893234
-18.749017,62,3642.608971
-25.569707,82,3652.810525
-200.735439,238,3679.707268
-160.448794,230,3705.637449
-12.441306,28,3708.909093
-14.028782,35,3713.16229
-45.873072,142,3729.487685
-65.728764,208,3754.733729
-13.761314,37,3759.439928
-642.751642,97,3771.537962
-37.340122,148,3789.00987
-22.24187,81,3798.031473
-88.744327,300,3832.845073
-63.211247,139,3849.078526
-151.148277,72,3857.457486
-48.474682,152,3875.571338
-27.490082,103,3887.6681
-7.059754,29,3891.064181
-15.944315,80,3900.217397
-46.138554,135,3917.044467
-495.301327,174,3938.608193
-23.260263,57,3945.115456
-37.016046,110,3958.394245
-15.697236,56,3965.528289
-41.797344,127,3982.573207
-74.737417,300,4019.744165
-69.929876,300,4055.707351
-33.971809,97,4066.653165
-19.203845,60,4073.647652
-84.943266,300,4108.958768
-32.862025,92,4120.52732
-29.527505,59,4127.660043
-72.548453,300,4162.398439
-32.078199,69,4171.087069
-23.588765,73,4181.518289
-24.59591,82,4193.30015
-199.973088,300,4230.152582
-19.048406,38,4234.786703
-323.401504,300,4270.301108
-31.706076,86,4280.250353
-32.456127,89,4290.695499
-85.996087,300,4324.814562
-19.871295,64,4332.256217
-8.374966,26,4335.294271
-60.147202,170,4355.561075
-29.719729,59,4362.666308
-80.275399,300,4405.779171
-81.070833,288,4447.850031
-42.325341,114,4464.178007
-285.795896,300,4507.544122
-22.205496,64,4517.429676
-66.064673,225,4550.942439
-780.03394,297,4593.305385
-71.09567,247,4630.751091
-46.698354,139,4651.514535
-14.588169,48,4658.723155
-241.704106,235,4694.044886
-252.742094,300,4739.061914
-75.854277,300,4783.249385
-85.017583,300,4826.015063
-27.105405,68,4836.476936
-211.576732,300,4878.136909
-973.894691,99,4892.260098
-58.856048,190,4920.220213
-787.610047,152,4942.001396
-38.392297,109,4957.976322
-85.873083,286,4999.590295
-46.36954,145,5020.269902
-11.785354,39,5025.995024
-11.947819,27,5029.747122
-22.151504,51,5037.097592
-117.69079,134,5056.79197
-35.530557,108,5071.92605
-20.212984,42,5078.119411
-24.291558,51,5085.407692
-73.079635,210,5116.79949
-25.807268,53,5124.412877
-704.00854,115,5141.04241
-337.559788,300,5185.402842
-36.731663,125,5204.565381
-69.439553,265,5242.685789
-89.319188,300,5288.269535
-30.631219,81,5300.001093
-30.500894,93,5314.228879
-96.112386,244,5349.655213
-83.837296,300,5394.079206
-18.88719,75,5404.756469
-69.870109,227,5438.859307
-19.684316,41,5444.912416
-79.30586,268,5483.407178
-26.3932,93,5496.477634
-46.482206,125,5515.068206
-248.331223,300,5558.461788
-41.733393,129,5576.626789
-77.324084,300,5619.378331
-39.010199,107,5634.567232
-18.16118,66,5644.331305
-22.765014,64,5653.554
-18.791799,32,5658.224601
-26.554665,87,5670.702867
-73.510022,234,5704.456251
-22.854852,57,5712.66387
-34.906739,93,5725.532252
-82.010571,300,5769.079458
-81.029951,300,5812.452243
-35.714314,63,5821.770429
-9.506283,26,5825.360661
-64.623775,224,5857.424091
-129.004596,300,5900.934784
-25.600604,72,5912.239245
-22.916981,78,5923.840243
-339.643082,300,5969.249914
-12.22247,27,5973.25234
-17.071767,54,5981.178226
-45.983371,192,6009.279512
-19.342781,49,6016.812315
-291.458144,77,6029.271024
-99.578776,292,6070.036578
-641.580082,30,6074.433508
-22.118586,50,6081.637652
-168.432541,300,6123.67636
-18.048972,37,6128.889094
-82.603888,300,6173.080045
-59.049134,176,6198.687952
-34.808728,91,6212.196751
-23.119075,63,6221.810997
-264.593681,268,6260.68819
-10.350157,26,6264.422872
-72.946741,165,6288.011916
-27.101189,47,6294.672656
-67.891681,206,6324.514934
-99.312324,300,6366.374537
-36.161447,106,6381.449526
-89.558526,300,6423.40681
-17.187457,38,6428.752773
-12.397571,33,6433.397257
-74.407525,282,6473.068956
-8.262967,26,6476.863602
-60.255959,300,6521.553072
-234.79587,300,6565.081836
-151.744907,63,6574.045616
-22.519329,52,6581.416308
-35.893325,86,6594.097164
-10.132269,34,6598.93453
-31.490728,89,6612.298075
-14.307718,35,6617.641261
-19.608888,48,6624.815651
-19.301988,45,6631.57117
-70.857757,300,6675.082646
-92.756062,300,6718.82719
-77.177446,300,6763.398361
-31.651136,80,6775.006495
-90.209978,300,6824.532807
-11.828294,43,6831.716223
-12.768366,29,6837.415009
-84.662144,300,6882.4147
-664.401139,95,6896.217506
-14.833789,42,6902.554672
-14.141081,34,6907.599499
-101.64305,297,6951.126086
-19.952111,69,6961.458109
-18.032643,68,6971.352951
-24.789431,112,6988.062443
-15.134143,49,6995.327795
-80.688526,300,7039.525967
-75.32288,300,7082.539008
-43.552118,102,7097.414505
-42.250264,107,7112.898437
-41.146326,126,7131.228512
-77.672173,300,7173.369852
-11.230494,24,7176.910874
-74.160295,300,7219.292214
-50.019656,183,7246.431295
-13.312109,33,7250.975926
-29.04096,76,7262.29443
-26.087898,55,7270.289944
-104.537189,300,7315.013489
-19.820817,37,7320.193051
-25.261821,91,7333.431622
-12.360825,40,7338.97783
-92.453087,300,7385.056542
-24.057055,58,7393.386811
-44.238615,141,7415.629322
-12.358727,42,7422.085504
-11.693307,54,7429.960118
-14.95022,51,7437.384582
-11.231217,34,7442.531992
-173.576358,191,7470.906231
-15.171853,38,7476.097266
-105.020729,168,7498.599896
-35.400929,128,7516.089619
-178.364673,192,7542.777774
-20.688058,72,7552.874318
-26.81183,54,7560.368981
-73.778691,300,7601.715627
-28.608522,81,7613.202951
-16.317354,36,7618.495228
-9.443288,33,7623.100089
-17.222408,32,7627.578827
-72.625964,300,7669.379511
-73.949538,300,7710.281304
-19.549223,44,7716.325913
-86.282627,300,7755.412526
-31.953364,77,7766.005676
-46.614391,113,7781.662035
-56.206091,177,7805.256071
-23.80244,59,7813.284303
-57.547077,188,7838.391132
-46.883228,158,7860.205332
-34.811741,119,7876.382471
-291.829076,170,7900.25029
-34.828028,85,7911.746293
-66.94151,288,7950.92545
-45.325029,196,7977.560156
-56.607193,185,8002.823213
-24.767718,46,8008.925376
-35.249778,84,8020.615204
-27.848926,53,8028.169214
-62.783453,246,8062.357466
-28.735564,94,8075.419957
-31.391869,58,8083.630168
-641.426441,30,8088.05343
-9.991909,34,8092.593059
-674.812598,37,8097.740141
-28.048116,67,8106.761112
-404.768301,300,8148.315321
-12.711309,32,8152.707704
-14.416297,29,8156.747995
-92.995417,300,8198.80099
-89.804086,300,8240.84892
-62.634132,100,8255.012989
-8.524111,26,8258.432876
-46.291398,150,8282.224277
-35.788022,142,8306.162795
-42.063008,111,8321.850286
-48.224073,132,8340.238998
-11.025377,25,8343.897563
-12.646384,38,8349.040161
-26.982743,102,8363.507116
-41.05708,123,8380.448137
-24.198264,54,8387.651714
-43.212989,122,8404.454526
-15.774081,63,8413.294292
-23.702151,63,8422.081546
-7.64154,32,8426.735456
-26.526795,53,8434.078494
-17.370263,72,8444.508783
-79.730566,300,8485.481388
-18.65187,61,8493.8938
-44.964675,136,8512.136649
-42.082247,130,8530.180322
-67.948406,300,8572.079387
-14.156599,36,8577.27739
-33.40447,114,8592.635975
-33.900118,96,8605.560888
-61.555833,300,8645.981112
-31.226159,113,8661.753424
-17.28344,66,8670.510833
-36.192595,101,8684.032086
-17.824029,50,8691.022682
-27.981436,88,8703.064243
-90.146365,300,8743.579109
-26.933451,57,8751.37523
-12.838779,40,8756.957769
-17.908224,38,8762.245416
-81.748479,300,8803.60387
-17.737536,58,8811.636527
-32.975917,120,8828.503
-24.464045,77,8838.431936
-72.717915,192,8865.046371
-10.612748,51,8872.305201
-35.604034,87,8884.285923
-33.482274,72,8893.944219
-15.658613,40,8899.383671
-89.705196,300,8941.000341
-26.297816,55,8948.644536
-100.185549,300,8992.165336
-38.309066,144,9012.291235
-19.473605,72,9022.224879
-200.907152,250,9056.508487
-37.5803,118,9073.194712
-23.120737,79,9084.414024
-70.809938,300,9125.54742
-57.056111,157,9147.666406
-118.067422,126,9165.973544
-38.299179,136,9184.2025
-710.408646,160,9206.2913
-16.355202,27,9210.287011
-84.634367,300,9251.14017
-91.399065,264,9287.656752
-97.626247,300,9329.38539
-27.180206,83,9340.832318
-90.85265,238,9373.789553
-8.325577,27,9377.705379
-9.977849,37,9382.770873
-232.272039,98,9396.086817
-71.083543,300,9436.741558
-89.798178,300,9477.352962
-110.237986,82,9489.172211
-63.777195,300,9530.813416
-65.20381,98,9544.303197
-14.132088,54,9551.587983
-12.449995,25,9555.156905
-8.375985,21,9558.182385
-20.128692,45,9564.153016
-16.353648,53,9571.350331
-87.025686,300,9613.371544
-91.903617,300,9653.6647
-66.19455,192,9679.374415
-21.352044,45,9685.848093
-18.37405,62,9694.424337
-12.613395,28,9698.289418
-28.990012,86,9710.261088
-10.840772,33,9714.946209
-8.321557,34,9719.48847
-20.601081,44,9725.595011
-39.890782,120,9742.332149
-23.492539,49,9749.436893
-22.106108,59,9758.319908
-74.058477,300,9803.01602
-705.432706,38,9809.443204
-87.103867,300,9852.779186
-64.875539,300,9893.662338
-20.109407,48,9900.223287
-88.338543,300,9942.16727
-54.353688,300,9982.202346
-14.530081,51,9989.444535
-25.070678,51,9996.50809
-75.90482,197,10024.229169
-14.982728,69,10034.145382
-94.320097,246,10068.006271
-23.875886,59,10076.323058
-60.058067,152,10096.643043
-57.947375,196,10124.31268
-31.024797,58,10132.331902
-87.789648,300,10174.232246
-172.123595,300,10215.306172
-18.920867,46,10222.034799
-21.830283,46,10228.35381
-17.830943,81,10239.732549
-15.769772,43,10245.827145
-9.889884,52,10253.276306
-20.96046,34,10258.061091
-39.879908,143,10277.714159
-19.930084,55,10285.371596
-38.013427,104,10299.652045
-93.928327,300,10341.562723
-19.012338,70,10351.27013
-26.268685,102,10365.141962
-78.776373,300,10406.556234
-92.170231,185,10432.153849
-73.439009,300,10474.147458
-264.18177,300,10516.340049
-44.120505,116,10532.131005
-35.686091,102,10547.038429
-80.538605,300,10587.382478
-11.286156,47,10594.045132
-12.398671,36,10599.124157
-71.962929,300,10642.097104
-85.842228,300,10686.122823
-90.288001,258,10722.42309
-128.423399,152,10743.084764
-75.935476,241,10776.468219
-17.641153,31,10780.654178
-91.802348,300,10821.219079
-106.459803,169,10844.547543
-81.78461,300,10886.451857
-26.645064,109,10901.653945
-8.319247,40,10906.823509
-30.479484,58,10914.826288
-33.997139,104,10929.042165
-51.396203,300,10971.224599
-10.351656,29,10975.372013
-22.556691,50,10982.587709
-73.026858,300,11023.653439
-26.045141,60,11031.906223
-65.770747,300,11072.365263
-110.829986,272,11110.263194
-12.581947,35,11115.190005
-83.184404,300,11157.374332
-20.773448,57,11164.993017
-6.100209,29,11168.972134
-29.766108,119,11184.549371
-91.37796,300,11225.050347
-16.75356,63,11235.120301
-87.438256,300,11281.908928
-15.458422,31,11286.197597
-217.944656,300,11327.015378
-50.240409,159,11348.547776
-83.923102,300,11390.026451
-147.667221,47,11396.46741
-174.355477,300,11437.691342
-60.519074,182,11462.302808
-69.495636,300,11503.628717
-93.073521,297,11544.257312
-20.628937,64,11553.175354
-29.255828,55,11560.920135
-12.768215,25,11564.47946
-130.561707,300,11605.118193
-990.290146,169,11628.409307
-23.336264,80,11639.539682
-20.250215,40,11645.547619
-78.493054,300,11685.860085
-165.998937,58,11694.093397
-87.095546,115,11709.686154
-39.231177,127,11726.518819
-84.024473,300,11769.140499
-32.6306,116,11785.888775
-23.427367,61,11794.589033
-664.181734,34,11799.226853
-14.077236,37,11804.391161
-15.168776,52,11811.563387
-79.132636,300,11853.410538
-17.198546,67,11862.54479
-27.516965,101,11876.746886
-65.345905,300,11917.898489
-23.770402,65,11927.196324
-53.528611,141,11947.138043
-30.988224,67,11956.380127
-45.434123,111,11971.172912
-73.677331,300,12012.898307
-228.452442,116,12028.767162
-15.440646,62,12038.07836
-49.021682,158,12059.753651
-15.384245,61,12067.823167
-87.150403,300,12108.51903
-57.97686,125,12126.181978
-60.984033,222,12157.002174
-36.235621,117,12173.63229
-35.820945,93,12186.440305
-72.744452,170,12209.969375
-13.231302,43,12216.346506
-45.901801,138,12234.808181
-18.048285,46,12240.923111
-18.471644,38,12246.163905
-19.907364,83,12257.305551
-36.405323,85,12269.059941
-94.535002,300,12309.272729
-46.808912,142,12328.229978
-181.337521,121,12344.482809
-309.621743,132,12362.310497
-166.020195,300,12403.132426
-84.737968,300,12443.754923
-25.698935,65,12452.705308
-12.834056,39,12458.483227
-8.306095,28,12462.78669
-13.308357,40,12468.608713
-74.523396,300,12511.418836
-43.054716,141,12533.760857
-15.087773,46,12540.665872
-121.503005,185,12566.00321
-24.171213,65,12574.757423
-18.260681,43,12580.775137
-19.382022,56,12588.643822
-52.936115,143,12608.458856
-730.216134,87,12619.944944
-109.290824,300,12661.548517
-84.399225,300,12703.69668
-33.849145,87,12715.842037
-150.558904,300,12757.457641
-74.198509,300,12799.600269
-87.03478,300,12840.324638
-856.721877,141,12860.623192
-19.020876,46,12867.365624
-38.715875,101,12881.437732
-230.467148,300,12924.372921
-104.857894,186,12949.560008
-760.417343,284,12988.362653
-76.859624,300,13030.63206
-42.643817,178,13054.774845
-91.557051,240,13088.17712
-75.977517,283,13127.570667
-66.587677,300,13170.044427
-766.691801,95,13185.255782
-27.91186,83,13197.683751
-64.579805,203,13225.292664
-683.707175,35,13230.347683
-59.862248,300,13269.138095
-73.106757,300,13309.545654
-149.740985,57,13318.028383
-694.376136,173,13340.882171
-35.042989,115,13357.493988
-27.421805,97,13370.817485
-174.478769,300,13410.975063
-76.861037,300,13454.27001
-19.642905,52,13462.506912
-138.973674,112,13478.721361
-82.096883,300,13520.523958
-30.334863,75,13530.823238
-236.495794,89,13542.900858
-88.051286,300,13585.31849
-78.955811,300,13626.876865
-333.47044,300,13669.066819
-95.647393,300,13710.328305
-18.458289,60,13718.578157
-129.764737,300,13759.351322
-71.099423,300,13799.95372
-26.821422,81,13811.185995
-39.013828,90,13823.961772
-123.551826,82,13835.427318
-16.13417,45,13841.129153
-31.948352,74,13851.119736
-33.890614,86,13863.069602
-30.238343,90,13875.152058
-41.519259,102,13888.79984
-85.204117,300,13929.40531
-14.84019,49,13935.896091
-9.442201,22,13938.949392
-94.34352,300,13979.741367
-24.959719,57,13987.358745
-29.853646,103,14001.242303
-232.477507,106,14015.980175
-27.320633,55,14023.339202
-51.190494,51,14030.171776
-158.70229,221,14060.569309
-40.677967,123,14077.654222
-220.089862,236,14109.902623
-13.180959,52,14117.24183
-51.144839,201,14145.221833
-92.512951,300,14187.109842
-68.958921,300,14229.044397
-95.87595,300,14271.439151
-82.872299,283,14310.739336
-34.316162,76,14320.911873
-89.28429,300,14361.748934
-8.659416,27,14365.34684
-47.866227,122,14381.988624
-38.678116,90,14394.735456
-44.361258,114,14410.443332
-43.271634,127,14427.435294
-30.00661,60,14435.565352
-97.727364,300,14477.372051
-222.03974,300,14518.447189
-87.966785,300,14557.860093
-86.000142,300,14598.542317
-76.847488,300,14639.957939
-97.007022,300,14681.798664
-60.568625,300,14724.163761
-237.662198,300,14768.227002
-18.265513,52,14775.887466
-74.623308,200,14803.937425
-96.451387,300,14845.436177
-99.082638,300,14886.893515
-35.736404,143,14907.600549
-71.496795,300,14948.757611
-83.487493,300,14990.504619
-73.761544,300,15031.459888
-7.459887,27,15035.584701
-96.08522,300,15076.834319
-79.733877,300,15118.622865
-44.750322,110,15133.552629
-54.562423,174,15157.027133
-37.844433,143,15176.563534
-90.684922,300,15217.438524
-78.91675,300,15258.568884
-59.304646,171,15283.09429
-67.531226,300,15324.351954
-25.270373,79,15335.988016
-86.677277,300,15376.322396
-91.833973,300,15417.484324
-40.914303,132,15436.030627
-30.15574,80,15447.086827
-335.738392,300,15487.72661
-80.039612,300,15529.186499
-9.012185,33,15534.062841
-15.737326,58,15541.954945
-83.103947,300,15583.502429
-11.048128,28,15587.977837
-916.073591,80,15598.921028
-69.343747,300,15642.339498
-98.557475,300,15683.55399
-97.549983,300,15724.821728
-81.239068,300,15764.765896
-102.386675,300,15805.897384
-90.614705,300,15847.72464
-19.159786,39,15852.973344
-92.695485,300,15893.491673
-209.628114,300,15935.046914
-301.307009,119,15951.305821
-32.994165,109,15966.668367
-18.464373,47,15973.069466
-59.638664,226,16003.089186
-91.883961,300,16044.379588
-283.037032,90,16056.568673
-30.707064,108,16071.168017
-44.05937,112,16086.195863
-91.964773,300,16128.416593
-120.432198,90,16140.860268
-52.807169,171,16165.785339
-1030.477787,300,16210.551341
-62.904771,222,16241.285789
-1173.052172,103,16255.665954
-48.891283,148,16276.355329
-90.053165,300,16318.806829
-89.548276,272,16356.66716
-681.890086,47,16363.641754
-114.617783,300,16406.1972
-16.518233,39,16411.880111
-66.657292,300,16453.249952
-62.896691,300,16494.75006
-31.539415,71,16504.247087
-68.632474,241,16538.306671
-88.523578,300,16579.947117
-680.659275,71,16589.365812
-50.154717,140,16608.960517
-78.17966,300,16649.400636
-61.342888,134,16667.615246
-39.593801,71,16677.390096
-7.34589,29,16681.388107
-71.003297,300,16721.36625
-53.807474,150,16741.752457
-15.316542,59,16749.913984
-774.945243,98,16763.27654
-78.586472,260,16798.722089
-767.852115,65,16807.944988
-11.983167,54,16815.636649
-307.791245,300,16856.52975
-79.511264,300,16897.640972
-26.833747,61,16906.320399
-59.470748,83,16917.582676
-31.072064,94,16930.473334
-80.129685,238,16963.954322
-719.065161,300,17004.85916
-63.861822,300,17047.791346
-34.792234,124,17064.153134
-18.871755,44,17070.488153
-15.390459,31,17074.94229
-86.660264,300,17116.064689
-661.462182,300,17157.430707
-68.321891,300,17199.731003
-31.076039,90,17212.057823
-67.892806,257,17248.461901
-23.919594,52,17255.898896
-102.080869,300,17296.805907
-23.37943,51,17303.872218
-96.00036,300,17346.566861
-10.653712,31,17350.96884
-46.487771,126,17368.412522
-151.633365,300,17409.277823
-88.985366,300,17450.734156
-104.135655,300,17491.725691
-40.759804,149,17511.629433
-103.404776,300,17552.694079
-67.469197,300,17593.944426
-1549.515619,239,17627.229143
-7.162588,26,17631.187866
-352.212651,300,17673.707109
-32.714009,84,17685.587119
-40.945842,140,17704.454379
-34.92831,107,17719.411906
-124.710237,300,17761.358643
-37.178861,107,17776.249568
-17.573016,73,17786.083272
-7.927685,28,17790.118433
-54.506072,131,17808.484913
-87.018819,288,17847.491961
-86.82125,300,17888.422323
-623.304547,300,17930.425345
-96.560536,82,17942.02928
-87.730742,300,17983.645374
-203.325195,300,18026.43349
-26.26223,87,18038.144052
-33.592472,121,18054.686132
-80.781049,300,18095.191597
-27.99605,92,18108.360405
-87.552402,300,18149.274232
-543.440681,300,18192.048369
-20.392786,41,18197.931701
-46.526654,164,18221.124247
-65.586341,300,18260.122157
-70.226849,300,18300.775813
-93.069255,300,18341.900765
-72.883189,300,18382.741324
-31.134114,95,18395.608988
-31.802498,72,18405.708587
-72.362084,300,18447.173079
-354.289236,300,18492.041689
-642.012749,34,18497.050653
-7.31694,29,18500.974903
-690.176015,45,18507.098226
-24.079134,59,18515.918265
-92.270906,300,18556.443686
-50.114584,146,18576.985097
-694.892419,300,18618.526842
-62.570863,300,18660.64164
-900.88929,208,18689.655391
-14.362282,56,18697.278486
-44.829167,102,18711.629208
-25.892764,52,18719.37893
-49.150182,115,18735.786764
-20.176255,37,18741.006717
-89.911256,300,18783.015627
-83.286272,300,18826.404921
-181.381043,180,18851.801497
-95.500558,300,18893.929492
-88.753329,300,18935.628512
-725.752514,26,18939.102364
-21.466147,46,18945.315228
-681.017665,39,18950.662623
-395.011272,300,18990.854192
-327.219484,300,19032.244479
-183.677274,300,19073.697313
-544.203243,199,19100.339763
-63.589885,300,19141.561944
-162.006929,300,19181.907498
-90.403582,44,19188.072578
-1071.725745,201,19215.586471
-14.691368,39,19221.10315
-176.460008,300,19262.185042
-154.259109,300,19304.024347
-803.247906,128,19322.149439
-44.190225,142,19341.919559
-45.077776,97,19356.07075
-71.734889,300,19398.321939
-229.173393,96,19412.432421
-74.407305,300,19455.342828
-603.642083,300,19497.168085
-84.565472,300,19540.206702
-92.756966,300,19582.192243
-71.724056,300,19624.134845
-16.502898,57,19632.129063
-57.939116,181,19657.254994
-11.224686,34,19662.199224
-235.070865,300,19703.515216
-22.51223,68,19713.333593
-59.364149,300,19753.915266
-90.133857,300,19793.365956
-85.6125,300,19834.004924
-538.567594,300,19875.543304
-34.56261,77,19885.937295
-7.666869,35,19890.789264
-104.829657,300,19930.96079
-10.728432,29,19935.012645
-293.52836,300,19976.210243
-77.773875,300,20018.329947
-59.354791,300,20059.986793
-67.983772,300,20104.980703
-80.158427,300,20147.840984
-90.85978,300,20189.905604
-44.560778,155,20210.991109
-111.021917,300,20253.424126
-30.876112,82,20264.457712
-17.454987,102,20277.89806
-14.967356,27,20281.976279
-107.803369,300,20324.951229
-118.636062,294,20366.938595
-28.522334,91,20379.656821
-106.48351,300,20422.037012
-73.770002,203,20450.927219
-24.01572,47,20457.182885
-77.444542,300,20498.906465
-35.816072,71,20508.596245
-32.857165,71,20518.563849
-35.065334,96,20531.482249
-13.594033,32,20536.167929
-44.781428,160,20558.553725
-20.257077,57,20566.323235
-93.1547,300,20607.733224
-807.156403,79,20618.704471
-74.168164,300,20659.262997
-76.633964,300,20700.826601
-76.732323,300,20741.835626
-95.808832,300,20783.354774
-99.093105,300,20824.825615
-37.665174,106,20839.921368
-57.352225,112,20855.095526
-81.079545,300,20895.945562
-70.460075,114,20911.663131
-35.623944,100,20925.612886
-35.37233,78,20936.902256
-84.155138,300,20978.687078
-33.907021,111,20994.796496
-80.141017,300,21037.841394
-40.626794,83,21051.122341
-105.389004,300,21092.839266
-30.167859,101,21106.69479
-92.561943,300,21147.592416
-103.191442,300,21188.250861
-38.33147,117,21204.690809
-83.790995,300,21245.991881
-37.905167,100,21259.685783
-89.748711,300,21301.018452
-16.741405,61,21309.54447
-37.727956,140,21328.725339
-13.277111,58,21336.650928
-91.674131,300,21378.652645
-105.620531,300,21419.730324
-46.00525,139,21439.765798
-80.97362,256,21475.218308
-97.387216,300,21516.919399
-680.282902,62,21526.162211
-102.076738,300,21567.293393
-758.768449,172,21591.796984
-287.817962,300,21633.670381
-91.821934,300,21674.594788
-331.241982,300,21715.623868
-69.690718,209,21744.821485
-31.084235,84,21756.04037
-80.412059,300,21797.314016
-16.892106,47,21803.60198
-76.458517,300,21844.600448
-103.003394,300,21886.13555
-79.020353,300,21927.325672
-94.293008,300,21968.459039
-504.130332,300,22009.340934
-188.455464,300,22050.472998
-70.354969,181,22076.11377
-9.710644,27,22080.073629
-18.635278,42,22086.063516
-100.868961,300,22127.354758
-74.11764,300,22169.593057
-89.609005,300,22210.762569
-75.79351,243,22243.975815
-96.311891,300,22284.307877
-16.418978,36,22289.504172
-202.667192,300,22330.72733
-12.220841,58,22338.634879
-75.929449,300,22378.686865
-68.539955,300,22418.203258
-34.157591,96,22431.551017
-66.751211,300,22472.756799
-631.033982,24,22476.092699
-21.768569,46,22482.437052
-89.034108,300,22523.522824
-19.02745,67,22532.44575
-22.037332,41,22538.349553
-27.81241,57,22546.506228
-71.381014,300,22587.692856
-36.645967,94,22600.792788
-95.538897,300,22642.813181
-19.667201,48,22649.905329
-63.980149,259,22685.500685
-64.83421,187,22712.339888
-96.262221,300,22753.112012
-76.499009,300,22795.685345
-100.350791,300,22836.50948
-8.141856,27,22840.085855
-34.036644,83,22852.317558
-106.580463,300,22893.889255
-38.292877,74,22904.043396
-45.809486,157,22925.62105
-34.830758,90,22938.405514
-82.374933,300,22979.60753
-97.305383,300,23022.165337
-23.062541,71,23032.400636
-24.874344,73,23042.694741
-35.270269,83,23054.151706
-508.910265,300,23095.333512
-17.870831,67,23104.70809
-93.638759,300,23145.662667
-81.632758,300,23186.001538
-660.063641,67,23195.216727
-75.827744,300,23236.02629
-98.278531,300,23280.920741
-63.297092,182,23305.448918
-104.275646,300,23346.424209
-70.158329,300,23386.90364
-379.754949,300,23428.624634
-17.228674,41,23434.308368
-40.741824,101,23448.416673
-34.100452,95,23461.998164
-94.417589,300,23503.242125
-91.843851,300,23544.68283
-95.398579,300,23586.604058
-95.895316,300,23628.036812
-87.607593,300,23669.10199
-441.88685,300,23711.797319
-76.560667,300,23754.08971
-32.367994,82,23765.765651
-85.905686,300,23807.946552
-88.539357,300,23850.891855
-91.39533,300,23893.626011
-11.402953,38,23898.733204
-99.970665,300,23939.05814
-83.505644,300,23980.172732
-105.320075,300,24021.067656
-11.406506,26,24024.824177
-116.693298,300,24065.741431
-25.868584,88,24078.028741
-87.240511,300,24119.470382
-97.420449,300,24160.398702
-78.810122,300,24201.946097
-33.441669,89,24214.854729
-7.295985,25,24218.401635
-41.531632,112,24233.809186
-18.223901,60,24242.285933
-273.402978,300,24284.613939
-102.974793,300,24325.452051
-33.353394,70,24335.328153
-37.103921,94,24348.504299
-112.907121,300,24391.033524
-24.825302,50,24398.576877
-91.640618,300,24440.26357
-83.115971,300,24481.280551
-516.28568,300,24521.753679
-76.574715,300,24563.828378
-37.58077,93,24577.584278
-22.175326,47,24584.794362
-57.732988,128,24603.540525
-97.948728,300,24643.912045
-21.402275,62,24652.23759
-25.761416,70,24662.066865
-51.696588,97,24675.213085
-67.953603,300,24715.576905
-94.376055,300,24757.155712
-33.566165,72,24767.334035
-87.334864,300,24808.897275
-38.5011,115,24825.056887
-18.063236,38,24830.477487
-42.965019,132,24849.569377
-22.182146,66,24858.731462
-105.252344,300,24901.151693
-35.113337,123,24918.216604
-18.354293,44,24924.166042
-91.074032,300,24964.95391
-46.664203,125,24982.621884
-97.091438,49,24989.995512
-114.713814,300,25030.919317
-52.683621,114,25047.036913
-24.628096,49,25053.844423
-89.312955,300,25094.909499
-12.170366,27,25098.4104
-17.928762,51,25105.300422
-25.334195,72,25115.050297
-72.738763,146,25135.011836
-40.351217,94,25147.748589
-13.260597,26,25151.459735
-51.65464,158,25173.86683
-30.696051,115,25190.166323
-108.115593,300,25232.184765
-80.748107,300,25276.419614
-89.801285,300,25317.332793
-33.039936,77,25327.78908
-84.916455,300,25366.405638
-42.098506,67,25375.563184
-73.901747,300,25416.994132
-31.512114,116,25432.627671
-42.614018,102,25446.357974
-82.562945,300,25487.909836
-12.424993,30,25492.204792
-24.895576,62,25500.879989
-34.432727,75,25511.524663
-34.019927,119,25527.335847
-18.343868,51,25534.562505
-111.986054,300,25576.003382
-109.472107,300,25619.114324
-101.97603,300,25661.060512
-17.525372,53,25667.973779
-13.780494,30,25672.152407
-16.246189,53,25679.855757
-12.783321,43,25685.964996
-32.160288,62,25695.298337
-111.541378,300,25736.321351
-28.034504,78,25747.736442
-90.013392,300,25788.672196
-92.757767,300,25831.456114
-12.569941,27,25835.615073
-113.958355,300,25877.311458
-9.001548,28,25881.201226
-79.000781,300,25922.431462
-16.410271,39,25927.618075
-105.467023,300,25970.360819
-111.94285,300,26011.215267
-37.656749,130,26029.313323
-17.88281,54,26036.836516
-105.846105,300,26080.630973
-80.646088,300,26124.865296
-16.144912,53,26132.305317
-110.199989,300,26172.710765
-20.019326,43,26178.709656
-81.530211,300,26220.104419
-97.426418,300,26260.855015
-98.898617,300,26303.380862
-122.016052,300,26343.900563
-86.919107,300,26388.002832
-19.199211,31,26392.37492
-37.432752,80,26403.65411
-111.238883,300,26444.023629
-39.567775,127,26461.818165
-45.601494,147,26482.523975
-111.270572,300,26524.920192
-110.532138,300,26566.817594
-22.277354,48,26573.290923
-103.244598,300,26614.081407
-95.670949,300,26655.282952
-103.352213,300,26696.653338
-45.161561,105,26711.752822
-13.837774,48,26718.325821
-85.598313,300,26759.119655
-29.432882,51,26766.222478
-72.148068,300,26807.576257
-27.350379,86,26819.386667
-19.011481,60,26827.471279
-21.131666,73,26837.621798
-59.677499,171,26861.329768
-89.977263,300,26902.311203
-235.232838,124,26919.635563
-85.988196,300,26961.747984
-33.354454,98,26975.214652
-899.150327,69,26984.449555
-88.283748,300,27026.548897
-26.618938,64,27035.264554
-35.153668,73,27045.709805
-108.936859,300,27087.524767
-68.28246,300,27129.54026
-28.226484,86,27141.521966
-107.142384,300,27183.905516
-102.351272,300,27225.64148
-81.237828,300,27267.54563
-30.415103,66,27276.410661
-34.368401,117,27293.157297
-23.527699,80,27304.855024
-94.994372,300,27346.32316
-102.49482,300,27386.04751
-46.753972,125,27403.80737
-12.501817,24,27407.196892
-128.260812,300,27448.717883
-89.802646,300,27489.520925
-64.770498,178,27514.204337
-18.534372,42,27520.140104
-226.941401,300,27561.25524
-99.559944,300,27602.787779
-42.334024,162,27625.726527
-20.214487,71,27635.692976
-54.791512,157,27657.445299
-106.037269,300,27698.971131
-96.40932,300,27740.966625
-87.470149,300,27782.178056
-28.777637,71,27791.615112
-19.978589,58,27799.514192
-100.39834,300,27842.138913
-38.692507,74,27852.645825
-54.975997,164,27875.43445
-100.450667,300,27916.3031
-37.585321,98,27930.402868
-68.739226,189,27957.181586
-96.128866,300,27998.980334
-106.939565,300,28040.0418
-84.060683,300,28080.93627
-583.815876,300,28122.450085
-59.91637,300,28163.463326
-9.544529,30,28167.69749
-13.617735,33,28172.270272
-103.445026,300,28212.844522
-36.727799,106,28227.457189
-118.042647,300,28270.974034
-28.042229,121,28288.713464
-11.741577,27,28292.355782
-95.954067,300,28333.748998
-13.862978,32,28338.354093
-11.820304,24,28341.917733
-102.054392,300,28383.611073
-100.96838,300,28425.839114
-127.34916,300,28468.216261
-32.374911,115,28484.000084
-34.976208,70,28494.185629
-70.656244,300,28535.405766
-91.885763,300,28577.048292
-25.425512,99,28590.807066
-11.018249,25,28594.435876
-21.887582,49,28601.321369
-19.553108,42,28607.274384
-92.827738,300,28649.025833
-35.027055,61,28658.004239
-30.21192,55,28665.717477
-106.367298,300,28708.362957
-103.106107,300,28748.447348
-17.81388,58,28756.544919
-100.958429,300,28797.896466
-105.877761,300,28840.819115
-29.053398,86,28852.49953
-21.30064,45,28858.911176
-94.071037,300,28900.240399
-19.791888,55,28908.056093
-105.40583,300,28949.050245
-29.452037,81,28960.692516
-105.135187,300,29002.703817
-99.015712,300,29044.207509
-14.125297,39,29049.300639
-45.116399,99,29062.955064
-11.634751,25,29066.553959
-71.337211,300,29107.944563
-16.550166,41,29113.814688
-695.5683,104,29128.678406
-14.512758,39,29134.215243
-102.872479,300,29174.891174
-99.77904,300,29216.373851
-21.640011,58,29224.868977
-93.925082,300,29271.977484
-44.978255,127,29289.281102
-22.649197,69,29299.040163
-22.848935,48,29305.796719
-15.356731,41,29311.534389
-21.983269,64,29320.14807
-154.461332,60,29328.20612
-93.226205,300,29369.884299
-48.219551,109,29385.499342
-104.360669,300,29426.432889
-98.211911,300,29466.543188
-157.354216,300,29507.689732
-19.004324,32,29512.214499
-42.739701,108,29527.078949
-86.774915,300,29568.787656
-104.057002,300,29610.392536
-86.967486,300,29652.037148
-19.729423,89,29664.47494
-17.568706,36,29669.544343
-54.144879,154,29691.491194
-10.845269,25,29695.106697
-96.858356,300,29736.827876
-91.768461,300,29777.13531
-152.560893,300,29819.515552
-63.357289,154,29841.807787
-17.391196,36,29846.837294
-87.672917,300,29890.703089
-21.697922,51,29898.903572
-22.414239,76,29910.11985
-114.774355,300,29952.224338
-79.319375,261,29988.223951
-94.553184,300,30029.163002
-106.162191,300,30070.328437
-36.371312,129,30087.429732
-93.056972,300,30128.155004
-95.5142,300,30169.436019
-31.9537,124,30186.284877
-11.357712,25,30189.842254
-96.961327,300,30231.069287
-367.851092,300,30271.531316
-11.974175,31,30276.035442
-87.68468,300,30318.229022
-114.122192,300,30359.834052
-53.061498,114,30375.438995
-94.837961,300,30416.488484
-42.360946,85,30428.892694
-35.943234,137,30447.507708
-92.689663,300,30489.613624
-9.253322,32,30493.897664
-88.41563,300,30539.26365
-99.896482,300,30583.186652
-94.726659,300,30625.212589
-86.878729,300,30667.594879
-33.521596,89,30679.656751
-41.774614,94,30692.939993
-87.899069,300,30734.753709
-15.213407,30,30738.868435
-31.510366,94,30752.800394
-98.185013,300,30794.82513
-49.164901,124,30812.144914
-101.688512,300,30852.965631
-26.440938,58,30861.686371
-78.480085,300,30905.919759
-25.162298,93,30919.243617
-69.986843,300,30960.392467
-103.843924,300,31001.272633
-78.148228,300,31041.897936
-351.808643,300,31082.442402
-28.902298,80,31093.376408
-27.942955,68,31102.739893
-98.325886,300,31144.214328
-104.219282,300,31185.524759
-212.148707,300,31225.697901
-14.732238,48,31232.65229
-26.811818,83,31244.721876
-55.275674,176,31269.268906
-102.106928,300,31310.641299
-81.961256,300,31353.044065
-16.594062,51,31360.631081
-38.407753,96,31374.560664
-107.893671,300,31419.45377
-30.98311,90,31431.84445
-122.77165,300,31473.844409
-81.936672,300,31514.949418
-21.201504,70,31524.337064
-83.430275,300,31565.264826
-110.064811,300,31606.320196
-97.995275,300,31647.10797
-96.939265,300,31688.364327
-52.894412,116,31703.745885
-104.699768,300,31744.041213
-100.541533,300,31784.835399
-25.946695,56,31792.727526
-36.51275,103,31807.315813
-102.525357,300,31849.858621
-89.74869,300,31891.537785
-90.990607,300,31933.159671
-77.273958,300,31974.929163
-104.878151,300,32017.160746
-10.261893,25,32020.703892
-38.406594,95,32033.716201
-19.726681,53,32040.909151
-92.370593,300,32083.335124
-92.657179,300,32125.337681
-94.948266,300,32167.074322
-76.953578,300,32208.652137
-97.990585,300,32249.718498
-95.062115,300,32290.30551
-100.854425,300,32331.580647
-85.962109,300,32372.821106
-11.842097,25,32376.392983
-96.435761,300,32417.584756
-101.00428,300,32459.702995
-77.568073,300,32500.963242
-97.645618,300,32542.416998
-97.560705,300,32583.848646
-21.223012,37,32588.88844
-101.196029,300,32630.448965
-86.423314,300,32671.760901
-73.778553,300,32711.754417
-7.596495,35,32717.099337
-23.609941,48,32724.089288
-78.181907,300,32765.696695
-10.638027,32,32770.383208
-36.778123,86,32782.714077
-1357.436758,191,32809.634309
-28.688241,75,32820.518996
-109.391976,300,32861.566861
-22.285751,56,32869.759245
-38.121602,96,32883.201305
-7.951621,23,32886.217341
-103.038547,300,32929.049358
-35.400746,104,32945.081361
-15.094908,40,32951.396662
-12.937677,29,32955.55343
-96.025261,300,32998.333025
-84.081178,219,33028.712705
-9.102103,26,33032.572936
-146.176886,300,33073.15515
-24.725692,40,33078.782754
-11.894532,31,33083.270497
-25.572385,75,33093.815863
-74.228007,300,33136.077303
-98.768207,300,33176.349006
-26.19063,88,33188.942342
-96.136869,300,33229.853585
-36.734284,118,33246.100967
-71.522108,300,33286.959779
-30.097946,105,33301.435093
-683.220819,105,33315.95941
-107.306286,300,33357.961367
-60.528061,300,33399.590369
-22.498744,71,33408.798309
-79.060751,300,33451.114794
-18.377343,37,33456.245612
-14.288586,32,33461.039165
-13.46247,35,33465.921838
-83.570333,300,33507.300882
-100.577928,300,33549.158004
-104.857403,300,33591.813949
-9.901824,23,33595.283438
-32.19525,65,33604.129037
-80.020296,300,33645.53306
-27.250651,76,33656.259606
-29.926285,67,33665.438195
-43.975503,124,33682.841102
-28.211748,58,33690.959255
-93.576593,300,33732.667125
-38.422778,110,33748.305854
-83.847665,300,33790.26933
-91.340009,300,33831.479696
-87.119939,300,33872.717875
-109.456872,300,33912.702495
-33.48201,113,33929.115064
-58.781219,56,33936.579432
-106.724678,300,33978.571627
-35.078121,75,33988.725807
-39.662725,92,34001.138599
-26.00636,116,34016.808679
-23.732892,87,34029.339406
-19.69214,49,34036.311054
-96.028406,289,34076.453023
-14.128353,32,34080.979047
-10.787372,23,34084.072916
-93.04762,300,34125.66944
-15.950438,44,34131.614273
-84.187795,300,34173.136294
-17.865587,40,34178.875466
-14.846888,31,34183.189088
-16.644676,32,34187.804219
-25.934451,47,34194.394509
-96.874365,300,34236.562349
-34.527712,90,34248.95199
-40.925146,112,34265.55707
-34.747036,130,34284.350367
-25.079459,53,34291.829403
-18.007461,50,34298.95641
-16.385666,36,34303.872191
-100.667012,300,34346.135155
-80.765148,300,34387.364145
-97.031623,300,34428.789464
-108.371557,300,34469.409869
-15.037418,39,34474.655828
-8.370984,26,34478.285237
-104.193462,300,34518.970619
-40.140441,58,34527.594847
-106.46842,300,34569.08666
-24.878441,73,34579.330674
-10.891439,34,34584.156009
-18.282773,58,34591.974363
-26.818365,66,34601.06405
-77.311057,300,34641.060505
-37.540184,107,34655.860438
-27.254103,93,34668.587621
-39.703365,84,34680.591778
-26.823373,79,34691.714449
-211.353623,110,34707.370023
-87.659872,300,34748.747112
-98.298414,300,34790.285585
-89.987747,300,34832.2206
-20.632524,49,34839.386399
-19.2506,45,34846.098553
-43.520607,114,34861.884136
-82.693765,300,34903.474708
-26.010474,64,34912.73022
-112.11123,300,34954.332333
-100.750899,300,34995.745272
-48.016028,114,35011.716409
-227.387105,300,35052.971208
-83.745614,300,35094.157115
-35.10731,70,35103.913261
-20.052199,44,35110.024368
-18.697434,32,35114.511683
-19.924359,34,35119.069501
-47.337246,122,35135.615096
-88.270339,300,35177.04229
-95.972537,300,35218.512867
-17.719021,40,35224.155164
-101.169917,300,35264.632118
-11.191954,24,35267.694957
-15.160017,51,35274.45134
-93.961201,300,35315.585673
-91.333543,300,35357.531024
-126.416792,300,35398.865114
-13.218973,31,35402.962855
-26.658224,51,35410.075683
-25.490118,51,35417.078923
-31.137525,63,35425.777826
-17.025674,56,35433.732265
-72.147746,300,35475.334861
-111.34143,300,35518.184469
-16.08969,34,35522.929932
-23.76792,90,35536.234122
-18.387707,53,35543.589708
-14.342613,47,35550.213908
-102.92023,300,35592.942035
-720.150729,131,35610.976523
-111.505434,300,35652.487661
-95.075008,300,35694.765389
-100.026549,300,35736.380468
-79.74028,300,35777.803676
-383.275076,300,35819.196267
-25.09628,51,35826.008064
-95.162592,300,35868.27806
-136.641199,129,35886.553026
-96.54047,300,35928.106026
-103.513273,300,35974.449871
-23.599846,64,35983.321677
-80.510387,300,36024.851495
-89.967581,300,36065.835326
-84.935163,300,36106.983272
-96.984271,300,36148.204632
-29.2133,96,36162.403442
-100.485815,300,36203.562949
-45.164114,124,36221.265216
-89.897052,281,36261.112182
-115.45259,300,36303.17839
-9.182616,33,36307.672677
-18.798577,55,36315.592513
-18.715433,54,36323.476823
-25.79135,58,36331.330994
-110.922494,75,36341.830118
-107.960416,300,36384.199653
-100.992748,300,36425.302889
-103.416759,300,36466.549809
-117.272283,300,36508.483965
-14.682175,34,36513.514728
-18.87226,40,36519.624883
-59.832655,147,36539.67559
-699.100662,61,36548.486901
-73.485847,162,36570.68647
-101.591519,300,36612.435799
-77.242921,300,36654.02273
-88.87805,300,36695.325875
-23.027593,50,36702.534927
-174.860392,300,36744.350747
-89.737995,300,36786.847303
-32.769314,88,36798.878134
-112.040404,300,36839.609471
-17.073923,53,36847.306588
-20.856858,47,36854.32311
-48.487729,193,36880.886613
-37.616795,90,36893.586927
-11.487811,33,36898.665563
-83.951655,283,36937.646261
-19.059841,50,36944.621907
-88.578441,300,36986.182508
-41.083497,115,37001.93123
-96.04644,300,37043.904566
-16.348071,52,37052.878352
-31.396664,126,37072.817816
-19.484236,38,37078.431077
-14.445162,27,37082.375606
-126.250283,300,37124.342231
-31.653719,106,37138.444823
-93.868441,300,37179.957481
-101.873858,300,37222.430103
-119.455415,300,37263.013163
-14.590542,31,37267.422311
-59.900591,173,37291.076209
-144.57905,300,37331.217116
-63.28742,165,37354.125503
-56.714923,98,37367.275063
-92.009325,300,37408.614986
-107.568527,300,37449.706586
-36.803895,108,37464.632438
-96.296718,300,37505.610824
-98.562022,300,37547.122599
-35.442056,66,37557.120881
-15.310864,45,37563.771721
-126.508627,300,37606.086207
-98.218626,300,37647.581861
-99.32211,300,37689.508772
-115.549184,300,37730.670331
-110.249711,300,37772.82304
-91.151377,300,37814.087563
-96.215961,300,37855.135383
-110.643978,300,37896.49548
-12.027867,28,37900.609391
-30.690297,74,37910.538582
-83.920712,269,37948.150444
-63.648664,205,37976.708728
-16.45885,69,37985.966688
-101.751891,300,38029.608365
-111.386671,300,38073.16167
-42.508846,120,38089.602637
-96.201997,300,38130.862474
-116.892048,300,38171.216997
-19.20529,68,38180.680285
-18.409194,46,38186.515498
-93.847804,300,38230.477332
-16.546433,34,38236.1878
-31.339179,87,38248.997666
-34.937518,89,38260.819513
-28.836459,75,38270.700928
-36.922836,95,38283.598985
-100.615239,300,38324.16071
-110.882969,300,38365.582908
-10.647763,51,38373.36953
-107.382827,300,38418.521341
-13.600572,29,38422.648384
-367.770763,300,38465.254214
-39.218752,84,38477.120151
-99.844057,300,38518.836068
-43.080021,129,38537.083885
-39.407371,94,38550.345169
-87.287545,300,38592.21353
-8.938951,22,38595.359826
-91.840177,271,38632.712516
-73.664781,300,38675.51921
-126.008974,300,38716.644466
-19.648961,73,38726.78437
-104.773947,300,38767.74877
-78.331003,300,38808.868147
-102.195086,300,38849.575841
-72.885265,300,38892.596044
-79.141542,300,38934.714619
-127.828027,300,38977.107068
-114.054893,300,39017.968651
-19.572643,56,39025.596317
-24.803012,90,39037.924575
-56.304286,135,39056.349436
-16.948902,32,39061.069987
-90.420094,300,39102.129471
-25.952216,78,39113.233745
-23.289939,48,39120.241982
-100.380556,300,39162.190339
-105.529047,300,39204.440677
-42.914552,89,39218.611608
-89.809926,300,39267.767097
-89.749912,300,39309.771923
-14.322767,48,39316.502203
-29.090627,78,39327.399275
-44.56812,98,39341.406595
-99.550295,252,39375.800464
-96.934894,300,39418.039886
-105.038348,300,39460.069279
-112.75931,300,39501.350337
-73.071449,254,39536.872639
-111.868786,300,39578.403728
-95.487827,300,39620.311722
-78.523849,242,39654.014126
-35.143854,76,39664.476861
-191.939962,300,39706.146911
-103.592598,300,39747.0849
-26.546285,76,39757.640317
-98.937084,300,39798.472036
-99.695593,300,39840.875131
-26.521592,48,39847.625233
-18.955527,86,39859.103546
-13.701097,51,39866.630862
-18.034097,42,39872.705625
-104.162744,300,39916.106741
-106.882688,300,39957.503489
-90.900638,300,39999.153899
-8.145314,26,40003.013257
-102.09455,300,40044.244234
-19.118144,86,40055.689441
-108.162631,300,40097.536499
-51.062101,139,40116.653517
-101.609195,300,40158.782573
-45.195638,121,40175.731217
-18.331135,52,40183.249303
-93.389966,202,40211.68879
-44.792047,130,40230.662922
-117.395425,300,40272.469864
-108.243646,300,40313.053975
-102.351932,300,40354.68166
-76.140916,300,40395.866069
-103.579684,300,40437.48472
-117.053892,300,40477.566327
-90.145162,300,40518.093155
-131.173029,300,40563.699901
-73.723406,300,40605.385519
-19.69685,69,40614.852354
-17.856845,67,40624.16854
-19.426218,40,40629.638129
-100.917261,300,40670.605559
-103.042212,300,40712.282278
-91.25724,300,40753.143188
-95.065724,300,40794.706274
-29.512515,75,40804.745171
-8.767803,24,40808.480542
-61.583313,155,40829.536362
-163.273234,122,40846.150379
-75.916593,300,40886.824512
-32.047192,97,40901.003852
-101.503776,300,40941.949359
-35.354382,109,40957.61846
-123.434539,300,40998.678797
-15.539047,83,41011.205726
-14.534751,29,41015.582826
-10.196458,27,41019.428132
-65.048847,134,41038.526708
-211.700278,300,41080.990696
-27.318452,59,41089.371988
-107.523862,300,41131.427071
-21.10511,85,41142.961323
-45.091885,109,41158.376328
-101.56592,300,41200.594785
-90.550552,300,41240.584883
-89.225314,300,41282.369807
-101.01103,300,41323.655102
-24.95523,50,41330.706065
-59.882038,152,41351.930469
-31.682682,59,41360.353952
-27.202112,72,41370.146533
-35.240778,98,41383.741005
-73.289885,300,41425.596357
-107.397085,300,41466.795745
-685.351446,278,41506.295128
-105.33062,300,41548.039357
-71.867077,300,41590.123237
-95.760687,300,41632.052065
-96.460439,300,41674.323392
-99.10324,300,41716.119142
-18.556872,67,41725.514034
-90.205488,300,41767.843311
-80.115996,300,41809.823863
-9.895435,26,41813.53868
-457.694761,300,41855.041805
-31.007902,68,41864.409628
-97.341133,300,41904.773911
-80.800615,300,41946.207593
-88.913431,300,41987.527226
-38.057949,72,41997.651274
-86.962812,300,42038.302391
-18.594135,40,42044.138262
-107.966089,300,42084.639578
-85.512293,300,42126.726217
-98.843335,300,42168.42056
-32.841278,70,42178.093796
-99.710415,300,42220.350483
-106.65591,268,42257.959569
-99.652236,300,42302.682752
-19.324313,43,42309.124065
-90.876898,300,42350.717282
-16.588642,34,42356.066953
-114.902571,300,42397.801545
-109.743261,300,42439.868381
-103.679195,300,42480.642976
-104.519717,300,42522.636878
-10.968745,29,42526.353709
-35.435672,82,42537.555344
-34.27918,80,42548.773609
-105.932363,300,42589.424712
-94.940028,300,42630.672219
-17.56779,36,42635.9985
-22.204098,44,42642.169308
-14.879938,70,42651.465202
-23.878812,51,42658.758507
-126.054469,300,42701.058566
-17.497529,84,42712.998524
-34.165392,61,42721.807409
-30.33529,82,42733.17893
-30.764493,64,42741.856476
-103.835345,300,42783.458213
-41.378827,94,42797.027558
-110.404952,300,42839.250807
-96.438754,300,42880.684468
-114.8594,300,42925.523614
-83.498921,300,42968.441754
-99.261346,300,43011.043683
-7.274322,38,43016.3099
-91.849842,300,43056.742928
-118.092284,300,43098.116712
-109.112956,300,43140.052602
-106.066705,300,43182.766559
-122.495571,300,43224.331981
-86.77216,300,43265.778905
-24.838468,87,43277.556743
-97.947587,300,43317.933137
-94.662782,300,43358.781984
-99.398288,300,43400.791911
-114.780708,300,43442.627175
-104.48182,300,43483.846882
-93.065194,300,43525.769078
-29.762824,64,43534.695569
-107.433755,300,43576.656389
-49.750152,95,43589.791943
-25.290181,52,43596.974587
-21.933472,86,43609.031074
-95.564572,300,43649.890115
-84.734213,300,43693.179385
-74.175783,216,43723.072394
-23.965808,45,43729.512039
-111.128821,300,43771.402764
-114.993495,300,43813.58921
-18.508382,65,43822.713254
-102.470884,300,43864.027293
-103.789481,300,43904.52017
-114.582953,300,43945.45603
-98.273595,300,43986.064991
-13.110539,33,43990.863097
-94.922108,300,44032.553176
-10.859164,24,44036.336333
-88.68274,300,44077.606493
-30.864249,58,44086.187274
-100.735756,300,44127.691638
-91.637159,300,44168.364427
-107.725089,300,44210.23294
-108.72305,300,44252.084758
-112.086748,300,44294.479472
-95.416188,300,44336.807573
-104.702005,290,44377.923455
-112.398673,300,44419.095825
-103.868852,300,44460.538336
-38.758807,102,44475.18529
-36.624331,81,44486.25809
-97.381596,300,44527.742312
-86.407071,300,44568.408014
-21.997828,72,44578.181138
-19.35385,36,44583.300072
-188.974801,300,44624.041845
-23.232925,68,44633.50113
-18.39958,38,44638.731533
-589.24087,300,44680.159323
-465.399913,300,44722.517701
-67.036079,49,44729.555825
-105.297622,300,44770.246745
-88.042916,300,44812.012012
-100.574461,300,44853.892059
-93.721696,300,44896.291093
-105.425137,300,44938.645749
-16.560043,33,44943.457049
-101.119192,300,44987.409623
-94.069756,287,45028.182415
-105.537879,300,45070.502156
-38.04987,69,45080.108911
-24.353276,52,45087.869922
-117.295649,300,45130.053961
-45.726164,113,45145.660317
-111.756879,300,45186.198221
-94.932878,300,45227.810714
-162.01808,300,45268.919855
-85.6005,300,45309.829007
-113.044465,300,45351.242299
-965.038829,293,45391.794787
-118.126431,300,45434.630005
-100.179322,300,45479.831251
-113.496272,300,45527.071083
-10.274318,32,45531.597555
-96.817689,300,45572.970297
-19.267142,36,45577.978274
-85.620277,300,45620.089115
-106.425158,300,45662.140143
-309.874764,300,45705.047727
-30.775855,88,45717.999306
-99.143786,300,45760.20279
-98.708677,300,45801.48342
-30.126586,62,45810.443114
-39.447055,107,45824.398374
-106.58062,300,45865.748849
-96.422478,300,45906.940454
-109.134083,300,45948.808479
-24.310828,78,45959.67229
-98.18936,300,46002.154167
-103.968299,300,46048.206649
-157.199881,300,46088.802103
-102.632734,300,46131.300936
-104.480768,300,46173.310914
-77.939673,300,46217.740979
-149.577505,103,46235.281877
-96.478382,300,46278.789507
-105.075116,300,46323.286325
-272.170483,300,46363.704524
-111.133608,300,46405.642373
-16.497298,56,46413.944856
-100.745744,300,46455.164383
-60.319651,185,46480.645298
-24.924514,84,46492.464406
-16.333686,30,46496.819875
-36.588477,107,46511.896488
-17.081429,44,46517.794298
-107.308197,300,46558.641237
-9.081019,46,46565.090188
-18.942123,61,46573.48441
-97.094852,300,46615.539933
-104.466594,300,46660.129729
-111.997032,300,46701.43132
-47.132894,151,46722.182663
-53.223172,149,46742.683875
-25.110358,56,46750.093836
-91.47645,300,46792.140636
-99.55648,300,46833.471004
-103.349587,300,46875.032854
-115.963554,300,46916.734687
-110.285958,300,46958.083036
-100.521481,300,46999.209183
-72.613188,179,47024.335074
-94.119129,300,47069.555936
-97.68959,300,47111.748592
-13.72808,36,47116.754565
-18.264456,58,47124.823951
-102.053772,300,47166.23793
-106.882708,300,47207.583146
-17.864184,49,47214.181961
-277.372955,300,47257.050654
-116.176936,300,47298.238847
-104.567309,300,47339.502797
-101.186255,300,47380.973524
-85.718325,300,47422.464037
-105.860319,300,47463.595361
-105.84222,300,47505.796714
-7.457982,30,47510.084568
-76.512276,230,47541.387242
-17.27093,64,47550.482498
-96.567398,300,47592.700395
-101.801726,300,47633.920562
-32.678568,85,47646.285936
-92.11864,300,47687.49807
-28.576106,53,47694.912247
-9.837502,25,47698.48677
-111.607904,300,47739.237192
-105.307035,300,47781.862069
-33.378883,90,47794.260545
-16.690205,31,47798.831716
-99.799812,300,47841.703361
-106.414002,300,47883.607248
-23.782543,52,47890.912462
-34.269555,113,47906.730745
-92.82224,300,47949.390931
-104.533447,300,47990.481507
-37.142028,140,48010.611824
-96.871834,300,48052.685954
-30.805399,100,48066.992551
-26.994899,60,48075.426565
-102.005175,300,48118.006263
-210.201059,274,48156.845898
-109.705705,300,48198.344249
-111.699348,300,48240.43313
-375.960609,300,48281.835852
-14.942435,59,48289.98683
-98.386295,248,48324.687208
-10.145291,41,48330.323735
-27.366561,61,48339.076889
-54.378521,169,48361.117468
-112.136248,300,48401.415214
-90.350035,300,48442.411172
-87.411422,300,48483.700866
-108.344607,300,48525.175139
-101.385514,300,48567.487382
-91.218503,300,48609.138774
-25.147285,53,48616.468242
-25.373944,67,48625.853143
-43.730024,113,48641.618944
-91.60356,300,48685.016223
-742.925252,141,48707.969808
-40.077951,159,48732.822658
-117.098154,300,48773.493618
-14.990191,49,48780.441257
-42.417691,154,48802.339136
-116.787515,300,48843.219476
-75.334608,211,48873.216169
-136.041868,300,48914.534704
-216.813846,300,48957.239964
-11.804225,60,48966.36962
-108.449575,300,49008.025362
-89.429915,300,49049.792129
-51.727238,132,49067.849928
-19.161861,52,49074.733179
-244.908759,289,49114.245072
-768.103045,283,49153.607496
-49.584791,110,49169.219705
-99.621658,300,49211.30587
-111.871621,300,49254.102554
-19.247239,47,49260.86931
-195.372651,300,49306.719573
-27.210033,52,49314.78329
-125.653051,300,49355.887371
-95.582948,300,49397.631005
-26.869448,68,49407.498547
-112.260704,300,49449.059598
-22.821944,51,49456.248478
-107.697324,300,49498.493317
-66.57837,102,49512.365175
-110.746855,300,49553.678618
-50.218606,145,49573.81191
-19.136871,46,49580.212702
-73.146269,217,49610.513023
-289.435138,300,49651.477794
-27.111916,84,49663.410936
-101.011257,281,49702.799966
-100.519167,300,49743.971632
-27.550059,71,49753.365199
-228.18073,300,49794.643751
-17.589012,60,49802.813487
-109.594291,300,49844.861893
-93.247882,300,49885.325151
-39.777671,91,49898.144914
-110.503709,300,49938.526492
-94.428076,300,49980.139403
-108.877287,300,50022.218825
-62.184434,300,50063.487526
-102.026472,300,50104.05027
-53.499065,178,50130.280287
-100.230947,300,50172.100901
-103.361242,300,50214.559733
-26.344384,74,50224.454056
-21.027283,59,50233.190867
-115.908219,271,50271.605471
-103.191269,300,50314.106703
-104.851876,300,50356.681758
-27.275478,52,50363.7086
-103.162921,300,50404.911698
-97.661014,300,50447.003815
-203.894609,300,50491.773151
-29.60435,66,50501.544091
-111.125686,300,50543.506985
-99.972288,300,50584.964854
-13.454814,28,50589.098675
-101.72732,300,50629.823594
-41.77218,104,50644.263601
-104.495893,300,50685.717984
-13.178384,25,50689.229497
-19.947886,61,50698.042731
-88.145059,300,50740.185951
-88.056867,300,50782.044611
-21.741206,75,50792.441236
-120.537352,300,50834.319558
-43.003903,101,50849.299351
-98.827813,300,50890.710122
-17.625891,49,50898.170719
-391.885175,300,50940.543319
-46.895173,115,50957.016827
-82.214146,300,50999.445909
-100.733251,278,51038.191938
-199.35867,300,51079.529305
-104.930612,300,51122.028139
-120.223562,300,51163.453742
-40.6303,93,51176.41934
-107.462838,281,51216.41864
-97.495937,300,51257.782977
-102.824191,300,51298.864326
-117.754977,300,51340.416423
-109.411407,300,51384.020819
-10.816512,30,51388.947645
-110.507506,300,51431.543658
-16.614347,32,51435.996163
-31.370058,68,51445.650232
-10.019585,27,51449.579873
-108.132061,300,51489.724554
-23.92136,73,51499.863362
-21.98628,68,51509.437529
-24.991988,44,51515.549083
-94.876575,300,51557.353497
-12.628676,27,51561.15166
-16.6214,27,51564.83975
-116.363602,300,51606.668392
-100.744993,300,51649.081064
-97.510342,300,51691.178458
-114.30338,300,51732.558652
-82.542044,300,51774.356153
-37.993567,88,51786.977134
-25.992895,79,51798.496885
-16.714468,39,51804.182507
-114.466995,300,51846.566631
-41.761132,128,51864.398688
-11.647701,58,51872.362199
-112.883515,300,51913.467498
-72.474406,264,51949.989517
-79.361935,300,51992.183006
-40.651922,131,52011.464825
-117.299603,300,52051.990437
-109.956918,300,52093.06292
-105.653358,300,52135.112665
-15.471538,41,52140.838849
-130.633378,300,52183.123167
-92.449669,300,52224.955239
-121.072856,300,52266.727776
-61.194313,198,52294.096063
-88.962816,300,52335.682133
-28.409027,92,52348.941417
-37.0727,93,52362.032572
-86.850361,300,52404.128171
-121.40352,300,52446.018052
-99.144357,300,52488.490309
-98.394858,300,52530.54745
-22.398476,89,52543.231352
-20.999475,85,52555.273936
-100.879908,300,52597.463374
-70.927084,300,52639.724652
-87.58753,300,52682.130826
-33.015344,91,52696.673128
-44.379482,125,52717.255254
-19.817917,50,52725.00721
-15.146876,31,52730.021096
-19.717535,47,52736.348553
-102.384968,300,52779.189228
-101.354848,300,52820.698901
-103.796665,300,52862.28272
-87.419667,300,52903.433527
-25.57918,54,52911.153069
-24.151377,89,52923.565879
-89.94462,300,52964.767666
-46.153931,146,52985.142598
-116.407391,300,53026.387197
-83.614632,300,53070.808225
-88.019003,300,53113.819905
-101.855691,300,53155.739943
-25.964803,59,53163.582632
-78.390211,300,53206.038716
-103.40172,300,53248.879188
-91.817439,300,53291.083479
-41.129102,92,53303.872336
-85.648205,300,53345.964342
-72.94428,300,53388.664109
-8.986533,33,53393.598903
-111.804067,300,53434.920562
-40.177456,89,53447.106715
-87.999146,300,53487.775212
-48.408352,300,53528.842073
-89.36625,300,53570.894062
-73.828167,300,53610.818173
-87.782234,300,53652.863982
-18.06445,34,53657.406765
-95.938213,300,53699.291096
-124.71877,300,53741.962618
-74.872181,269,53779.334638
-90.961882,300,53822.37097
-73.848475,300,53863.965908
-18.780536,36,53869.189059
-71.034175,300,53912.289182
-89.365468,300,53954.848798
-92.449958,300,53997.266402
-22.49117,42,54003.152209
-85.172949,300,54048.05093
-20.721512,40,54054.372657
-93.634526,300,54097.637437
-33.004068,79,54108.559965
-56.127492,283,54148.591392
-76.474932,300,54190.925866
-73.250279,300,54231.680901
-91.400628,300,54273.870762
-68.421961,300,54315.974135
-79.112677,300,54357.289616
-95.562231,300,54399.203032
-82.286056,300,54440.431981
-67.727789,300,54481.708668
-10.754178,23,54484.723872
-80.104954,300,54527.214159
-33.624985,105,54541.986385
-70.963303,300,54587.071431
-78.547325,300,54629.302051
-94.991502,300,54672.81443
-92.849253,300,54715.979538
-21.844905,39,54721.8286
-69.216652,300,54763.964813
-96.672077,300,54804.692082
-10.478727,23,54808.378717
-89.375105,300,54849.189214
-76.628424,300,54890.880636
-73.289302,300,54936.20026
-82.575274,300,54976.945228
-16.543265,31,54981.416713
-63.229825,300,55022.224809
-90.758695,300,55063.873602
-73.230453,300,55106.094317
-90.290235,300,55148.438049
-97.982076,300,55189.007318
-38.345454,92,55202.126689
-76.715866,300,55244.159064
-81.589225,300,55287.146303
-120.912326,300,55329.768998
-66.844555,300,55372.778406
-68.389621,300,55415.143466
-73.277389,300,55458.339645
-86.855562,300,55499.873162
-63.843323,300,55545.694276
-77.945882,300,55588.860487
-70.438312,300,55629.453474
-98.459094,300,55669.386013
-72.229939,300,55709.883084
-78.063637,300,55751.985878
-75.203439,300,55793.025697
-67.051563,300,55834.696388
-66.912738,300,55877.298451
-70.388301,300,55920.0516
-100.830048,300,55962.171185
-78.893579,300,56003.671015
-67.703868,300,56046.050977
-13.227629,24,56049.823474
-86.823636,300,56090.843034
-34.640013,83,56102.540929
-71.816995,300,56143.988561
-69.046594,300,56186.614965
-45.037197,300,56227.263536
-74.153993,300,56268.700577
-73.540212,300,56309.675861
-50.668313,300,56350.243478
-49.546097,300,56395.267081
-71.543214,300,56438.048638
-51.160783,300,56479.875642
-72.127396,300,56521.312029
-72.455278,300,56562.913781
-45.355162,126,56582.171863
-67.81433,300,56623.963213
-74.725968,300,56665.624686
-62.956112,300,56707.833915
-82.987363,300,56752.036664
-71.453469,300,56794.327669
-72.598242,300,56836.315536
-30.565077,94,56849.107401
-72.23269,300,56890.051618
-39.287533,134,56908.278992
-22.912007,55,56916.107475
-41.626562,153,56937.699294
-19.305402,38,56942.916619
-65.29266,300,56984.312255
-81.019373,300,57026.162532
-63.264182,300,57066.907345
-72.358792,300,57107.365304
-91.784242,300,57149.133445
-66.961364,300,57190.376661
-59.456092,300,57231.75315
-53.632617,300,57272.688911
-84.095249,300,57313.752069
-72.765877,300,57356.311134
-80.784622,300,57398.052905
-58.803296,300,57440.375761
-72.439499,300,57481.664495
-72.5799,300,57524.059027
-28.266677,59,57532.895442
-62.171515,300,57577.81243
-60.715967,300,57618.937313
-20.271876,43,57624.923581
-79.917668,300,57669.797462
-66.444021,300,57712.918932
-62.631664,300,57756.286256
-72.087937,300,57797.828022
-64.306043,300,57840.529688
-74.866685,300,57881.883733
-30.198748,98,57896.216704
-81.179692,300,57939.632286
-55.541316,300,57982.031883
-71.008115,300,58024.775602
-76.025582,300,58070.68323
-65.886337,300,58113.720715
-67.538892,300,58154.687401
-73.981617,300,58197.693386
-64.605366,300,58239.122347
-50.726389,138,58259.421358
-27.02624,61,58268.540834
-66.01662,300,58311.856988
-29.136684,66,58320.977638
-31.259395,100,58334.516358
-66.128269,300,58377.572024
-25.134054,88,58389.739447
-56.005274,300,58432.115245
-66.144753,300,58473.441559
-65.937457,300,58515.172598
-45.918032,300,58556.805798
-71.79115,300,58598.533871
-70.560262,300,58642.052219
-66.984816,300,58684.490463
-78.324922,300,58727.653514
-71.891323,300,58771.601306
-76.733358,300,58815.167266
-67.193622,300,58857.579408
-25.715591,54,58865.785084
-70.506044,300,58909.329365
-66.378195,300,58951.993235
-61.92314,300,58998.072454
-65.432189,300,59041.262511
-15.777698,34,59045.972796
-37.775333,118,59062.285792
-72.557673,300,59104.054796
-74.677206,300,59145.630867
-31.57292,71,59156.120271
-64.201636,300,59198.994343
-72.943341,300,59239.549775
-70.157858,300,59283.045509
-58.218309,300,59324.702841
-15.499196,60,59333.71604
-65.853843,300,59377.457218
-64.1478,300,59428.639613
-69.147694,300,59477.824543
-71.562255,300,59519.422748
-39.731911,135,59540.021069
-50.558741,300,59581.901729
-56.351961,300,59626.094565
-53.551706,300,59668.342248
-64.577985,300,59712.668586
-69.159414,300,59754.310025
-50.971279,300,59795.363829
-45.241305,300,59836.412187
-76.387043,300,59877.060924
-63.521469,300,59918.641999
-61.329417,300,59960.764816
-13.323719,29,59964.778867
-70.882741,300,60006.790863
-72.433271,300,60048.797745
-59.47092,300,60090.753945
-55.009474,300,60132.464
-58.320512,300,60173.774034
-30.967818,94,60187.269288
-76.842378,300,60229.573402
-66.877079,300,60272.117118
-10.539328,23,60275.548614
-58.355648,300,60318.297698
-59.970333,300,60360.794271
-72.582513,300,60402.967895
-65.455933,300,60445.990111
-67.018793,300,60488.12742
-53.593059,300,60530.462734
-55.312405,300,60570.30212
-62.493023,300,60612.318221
-50.83914,300,60653.791517
-10.731021,23,60657.251583
-65.179819,300,60698.097748
-34.657823,101,60712.28698
-58.702741,300,60754.298115
-27.844218,59,60762.747981
-66.917028,300,60805.828113
-58.052955,300,60847.31611
-35.577309,98,60861.493805
-58.462227,300,60903.694057
-28.836966,61,60912.450655
-67.297465,300,60955.388334
-25.916184,104,60970.065135
-47.865859,300,61012.739627
-38.126382,81,61024.980278
-58.515236,300,61069.153934
-65.372007,300,61113.377303
-38.808329,111,61129.324371
-62.266756,300,61170.695531
-56.275449,300,61213.952253
-56.178506,300,61257.914608
-69.99783,300,61300.377595
-65.760946,300,61342.18253
-48.265644,300,61383.673386
-58.889354,300,61424.480347
-47.042819,300,61464.911362
-57.963471,300,61506.674584
-48.751672,300,61548.723278
-60.227824,300,61591.02349
-62.347026,300,61632.699328
-75.224574,300,61674.490196
-14.512702,33,61679.44572
-62.704388,300,61720.461065
-61.64056,300,61762.648917
-16.775672,35,61767.528033
-16.401253,36,61772.702355
-63.478836,300,61815.455335
-61.581922,300,61858.124224
-70.752783,300,61900.427306
-56.993499,300,61941.880323
-60.816973,300,61982.903343
-64.888005,300,62025.498272
-40.894591,300,62066.871416
-62.953858,300,62107.703623
-21.003638,45,62113.940122
-67.445974,300,62156.237194
-60.288895,300,62197.613106
-64.18089,300,62238.238392
-23.9428,59,62246.88935
-58.883028,300,62288.082719
-41.231031,118,62304.436629
-66.52411,300,62346.935413
-59.622966,300,62389.175154
-74.805326,300,62431.655819
-56.897684,300,62473.220725
-39.845519,120,62490.035742
-68.428176,300,62532.692294
-62.720703,300,62574.154077
-57.268288,300,62616.29099
-31.468587,69,62625.972095
-54.950234,300,62667.121295
-53.018108,300,62708.478853
-60.927844,300,62750.246111
-63.864147,300,62791.880638
-55.658954,300,62833.050486
-68.28276,300,62874.765328
-26.664444,71,62884.882094
-65.21444,300,62925.69091
-71.922734,300,62967.907215
-66.194124,300,63012.906542
-85.643762,300,63056.09393
-55.206958,300,63096.697266
-58.170069,300,63138.711637
-53.332253,300,63180.083321
-66.944974,300,63222.609102
-49.90383,300,63264.10678
-62.515666,300,63310.452864
-16.612932,36,63316.629522
-52.830131,300,63359.707988
-63.441526,300,63405.281582
-70.239463,300,63450.040561
-63.55676,300,63492.987054
-15.387285,34,63497.427373
-62.844158,300,63543.098391
-68.469699,300,63586.417871
-72.441531,300,63628.778383
-57.356192,300,63670.837515
-60.833586,300,63712.294829
-65.466685,300,63753.707623
-69.905726,300,63795.594184
-57.789769,300,63839.935053
-64.002806,300,63881.899218
-67.282674,300,63924.576068
-64.307965,300,63967.022553
-59.419431,300,64009.753815
-54.996972,300,64051.682615
-69.394942,300,64094.264319
-74.52385,300,64136.311762
-24.755161,48,64143.217165
-15.688342,31,64147.901531
-66.80868,300,64190.276752
-57.417703,300,64231.918292
-81.253787,300,64274.322952
-17.222048,29,64278.415334
-52.017456,300,64320.548225
-66.630777,300,64362.461076
-85.571259,300,64404.566911
-62.587684,300,64446.949933
-67.805149,300,64493.312195
-64.326543,300,64534.443884
-23.276609,47,64541.655675
-59.9325,300,64582.106899
-62.781097,300,64624.806995
-34.91371,71,64635.082554
-60.279046,300,64677.67356
-71.103451,300,64719.756687
-66.843713,300,64762.20682
-25.53836,76,64772.870214
-80.77697,300,64814.692619
-64.268141,300,64861.115908
-58.954448,300,64903.374094
-30.759912,84,64915.09294
-25.592758,83,64926.631061
-62.523445,300,64967.536704
-57.494712,300,65014.021633
-35.385932,126,65032.564221
-27.177124,77,65043.741122
-62.902108,300,65087.424388
-57.919662,300,65130.539647
-54.075711,300,65173.644827
-51.62844,300,65217.269978
-64.515054,300,65258.914375
-60.938381,300,65301.765613
-27.353226,90,65314.093239
-65.791515,300,65355.132488
-24.861798,61,65363.851982
-55.443642,300,65407.54807
-59.996797,300,65450.733059
-62.530764,300,65495.145843
-60.747595,300,65537.433689
-63.318992,300,65580.330882
-63.309737,300,65622.005908
-63.001084,300,65665.441046
-66.402633,300,65711.498588
-34.170265,61,65720.427096
-70.733802,270,65758.581896
-56.084061,300,65801.250615
-68.903554,300,65842.661317
-22.860961,52,65850.395135
-55.140808,300,65897.257371
-66.011083,300,65940.942796
-65.141966,300,65987.351213
-72.850577,300,66030.899885
-68.570113,300,66073.683164
-58.551484,300,66116.128406
-58.276297,300,66159.201157
-62.956019,300,66202.084556
-57.790934,300,66245.643886
-70.205799,300,66286.837886
-67.684302,300,66329.188624
-69.039952,300,66370.805397
-41.071851,300,66411.171954
-61.772923,300,66453.196563
-11.509562,24,66456.883865
-56.440178,300,66499.559661
-20.021554,44,66506.188432
-43.393647,300,66549.981645
-63.100469,300,66592.977082
-47.857022,300,66636.130748
-51.496578,300,66679.123433
-33.40897,86,66692.203676
-68.748412,300,66737.758526
-61.148956,300,66783.52825
-61.198788,300,66826.526434
-50.60982,300,66868.314703
-31.69919,110,66883.84014
-69.947511,300,66925.976172
-67.073835,300,66969.776082
-72.778965,300,67012.852657
-61.746664,300,67058.6585
-60.571284,300,67100.192649
-54.580146,300,67141.801298
-35.604771,300,67183.491984
-58.823795,300,67226.074841
-66.506346,300,67267.203332
-29.686031,78,67277.606006
-30.728653,98,67291.270578
-50.992523,300,67332.949876
-58.980818,300,67373.559243
-69.091633,300,67414.522591
-61.035368,300,67459.394526
-58.519558,300,67503.719136
-16.513404,40,67509.190563
-58.761617,300,67556.666112
-56.851474,300,67604.094198
-70.993833,300,67651.378831
-21.20497,48,67659.277788
-46.703453,300,67704.973319
-53.11951,300,67751.313598
-49.524317,300,67796.166678
-54.058876,300,67840.174667
-52.591362,300,67885.289909
-57.72214,300,67929.315255
-60.669949,300,67980.701417
-61.911014,300,68024.689284
-55.009112,300,68067.568005
-59.700584,300,68111.100205
-19.997549,45,68117.619937
-64.380594,300,68161.396908
-69.600494,300,68206.793871
-59.123433,300,68251.372626
-55.795279,300,68295.138317
-53.94458,300,68338.711254
-16.981559,34,68344.204699
-28.184065,95,68358.160855
-11.611772,27,68362.606846
-47.780526,300,68406.001284
-58.312534,159,68428.841935
-49.811165,300,68469.830822
-63.852854,300,68510.961541
-35.887208,113,68526.55724
-53.288729,300,68567.358787
-24.113771,44,68573.172726
-64.54634,300,68614.408824
-27.632406,64,68624.203927
-68.284065,300,68668.643105
-71.719736,300,68712.371902
-29.460498,83,68724.393543
-60.124547,300,68767.534584
-37.758842,160,68790.647438
-63.34603,300,68833.737236
-57.41336,300,68877.049098
-54.898995,300,68921.118525
-46.211234,300,68964.856876
-75.686108,300,69009.119207
-65.542735,300,69053.918034
-70.500047,300,69097.29213
-34.397094,102,69113.396885
-50.791336,300,69158.694914
-60.724483,300,69203.485014
-29.22971,86,69216.288551
-64.722942,300,69260.840727
-63.835756,300,69306.095574
-46.674287,300,69351.243059
-44.003591,300,69395.86978
-47.574655,300,69440.664217
-12.967064,30,69445.23521
-48.281662,300,69489.470548
-48.478323,300,69532.489701
-57.35655,300,69576.549417
-61.234845,300,69621.874437
-35.871917,87,69635.325247
-28.426804,105,69653.024127
-53.061958,300,69698.192709
-64.223154,300,69741.876175
-49.493645,300,69786.682935
-45.603479,300,69832.914005
-49.877142,300,69875.916112
