EpisodesSoFar,meankl,EpThisIter,surrgain,TimeElapsed,entropy,entloss,EpRewMean,optimgain,TimestepsSoFar,EpLenMean,EpRew/step,explained_variance_tdlam_before
23,0.007905924,23,0.028050486,127.59649109840393,2.828836,0.0,-390.01258386956505,0.028050486,1024,41.95652173913044,-10.270443115434304,-7.677078247070312e-05
38,0.008268782,15,0.032942504,275.14556527137756,2.8670409,0.0,-453.72173305263163,0.032942504,2048,53.578947368421055,-10.056380217024941,-0.0008109807968139648
55,0.010354623,17,0.039653786,422.04398226737976,2.8845804,0.0,-537.201395425,0.039653786,3072,58.325,-11.36442273633368,1.4126300811767578e-05
67,0.009730982,12,0.030371916,599.2316489219666,2.9013376,0.0,-511.58321335,0.030371916,4096,67.475,-9.961710965304514,-0.001935720443725586
81,0.011154362,14,0.039089654,755.2608485221863,2.8898275,0.0,-411.45922522500007,0.039089654,5120,71.85,-7.291427339808559,-0.0007318258285522461
96,0.009763568,15,0.037584092,909.1429450511932,2.922295,0.0,-346.713388075,0.037584092,6144,73.975,-5.072406546242853,4.559755325317383e-05
108,0.008913193,12,0.032017007,1073.3083791732788,2.9230611,0.0,-373.25957804999996,0.032017007,7168,73.1,-5.681034834529673,-0.011642932891845703
120,0.003006021,12,0.02192147,1231.7113194465637,2.939442,0.0,-297.03336755,0.02192147,8192,77.325,-4.6940225320983995,-0.0019948482513427734
132,0.0032796315,12,0.012473324,1377.9872987270355,2.9482098,0.0,-181.25422705,0.012473324,9216,82.975,-2.6987932925300178,-0.002088189125061035
138,0.0030955449,6,0.012985777,1515.0854427814484,2.9323025,0.0,-201.525851375,0.012985777,10240,96.15,-2.669834979921313,-0.00024271011352539062
155,0.010314549,17,0.04170806,1649.9696779251099,2.9229987,0.0,-232.18119934999999,0.04170806,11264,83.9,-2.8047365003551796,2.9206275939941406e-06
165,0.012450709,10,0.02847503,1783.5585224628448,2.9067786,0.0,-263.77644175,0.02847503,12288,88.675,-3.2659969644342333,0.00014644861221313477
174,0.008621108,9,0.030356562,1902.5187048912048,2.9428422,0.0,-323.002605275,0.030356562,13312,86.55,-4.276015449971676,-3.4928321838378906e-05
184,0.007212779,10,0.028458338,2022.666226863861,2.954943,0.0,-329.485539575,0.028458338,14336,92.725,-4.3824291499522126,6.937980651855469e-05
189,0.009195106,5,0.026240109,2141.738747358322,2.9644403,0.0,-283.965036925,0.026240109,15360,111.425,-3.3727557555034826,-0.0002720355987548828
197,0.009979873,8,0.03471869,2267.0312325954437,2.9632475,0.0,-309.22787047500003,0.03471869,16384,118.05,-3.626502934988629,-3.993511199951172e-05
204,0.010273,7,0.016550846,2395.0570006370544,2.9003687,0.0,-277.589791075,0.016550846,17408,124.825,-3.1420984479038574,0.0008277297019958496
214,0.0028986305,10,0.015004855,2513.7471628189087,2.9011755,0.0,-210.5583645,0.015004855,18432,134.075,-2.0362943613356435,0.00020015239715576172
221,0.010031938,7,0.028917484,2634.833422422409,2.9030344,0.0,-141.60881999999998,0.028917484,19456,130.45,-1.3585010151397945,-0.0005321502685546875
229,0.0078123184,8,0.037187397,2755.8573842048645,2.8875704,0.0,-160.500287725,0.037187397,20480,126.275,-1.674134519653487,-0.0002372264862060547
237,0.009227734,8,0.022639804,2880.459940433502,2.893274,0.0,-106.42428300000002,0.022639804,21504,127.725,-0.9513203146142898,-0.0009601116180419922
248,0.012428346,11,0.0170281,3006.185413837433,2.9117227,0.0,-115.0717537,0.0170281,22528,115.975,-1.1074464621890883,-0.00024080276489257812
256,0.013317645,8,0.029575896,3139.506833076477,2.9136653,0.0,-114.74993945000001,0.029575896,23552,122.2,-1.008113295098298,0.0004905462265014648
264,0.007816422,8,0.03655062,3271.597484111786,2.9145756,0.0,-131.050808075,0.03655062,24576,112.2,-1.325569930767418,-0.00011622905731201172
275,0.008909503,11,0.020437585,3394.0134036540985,2.9089868,0.0,-140.53898844999998,0.020437585,25600,107.425,-1.5232957779947935,-7.987022399902344e-06
281,0.007643767,6,0.050141126,3518.602502346039,2.9194949,0.0,-142.54063485,0.050141126,26624,118.0,-1.6498966128159815,2.09808349609375e-05
292,0.010724238,11,0.0331098,3641.549800157547,2.9058573,0.0,-142.38004382499997,0.0331098,27648,118.25,-1.6322220486291854,0.006506443023681641
300,0.009886153,8,0.040825076,3761.0801179409027,2.9349737,0.0,-120.46289687499998,0.040825076,28672,114.875,-1.517247034900678,0.003969848155975342
307,0.0035007375,7,0.028901756,3880.9951803684235,2.9370935,0.0,-117.531285675,0.028901756,29696,122.75,-1.3793638733030125,-4.458427429199219e-05
316,0.007788266,9,0.035490967,4007.7752723693848,2.9674845,0.0,-88.403194125,0.035490967,30720,116.875,-0.9032059446548212,0.0024983882904052734
323,0.009961704,7,0.027423248,4129.577914237976,2.945299,0.0,-73.36042177499999,0.027423248,31744,124.375,-0.6105066936614829,-0.02748095989227295
329,0.009262832,6,0.011477302,4256.192093372345,2.9339094,0.0,-78.48242645,0.011477302,32768,132.575,-0.6255234050921133,-0.0014357566833496094
337,0.008165682,8,0.038145803,4376.3654618263245,2.9135413,0.0,-79.9415447,0.038145803,33792,135.275,-0.624100952365966,-0.002391815185546875
342,0.010440825,5,0.010472849,4528.546035528183,2.838549,0.0,-72.596995975,0.010472849,34816,146.125,-0.4823605724514556,0.0019704699516296387
347,0.007963826,5,0.05607516,4679.54643034935,2.8466406,0.0,-87.71350605,0.05607516,35840,151.425,-0.4924695067129569,0.005133986473083496
351,0.009043286,4,0.012535475,4830.177152633667,2.9033396,0.0,-101.68063992500001,0.012535475,36864,171.125,-0.5263654190471615,0.008729815483093262
357,0.008198083,6,0.038108647,4977.495081424713,2.9247618,0.0,-136.9212796,0.038108647,37888,173.475,-0.8347437267078659,0.00040274858474731445
368,0.010980904,11,0.027599683,5126.124481916428,2.9239233,0.0,-133.209213375,0.027599683,38912,158.825,-0.8537005844733265,-0.017670035362243652
372,0.009179378,4,0.05137409,5278.024452209473,2.9157743,0.0,-151.73739915000002,0.05137409,39936,166.125,-0.9909573918648377,0.001189887523651123
378,0.008951657,6,0.021843635,5429.20254445076,2.8858087,0.0,-153.35998652499998,0.021843635,40960,170.475,-0.9880743384173606,-0.27495408058166504
385,0.009792478,7,0.02512543,5577.048756837845,2.878786,0.0,-132.940197975,0.02512543,41984,161.675,-0.9313378955683996,0.010342061519622803
394,0.009998529,9,0.029077895,5723.790054798126,2.8450794,0.0,-93.05762655000001,0.029077895,43008,142.95,-0.6625332476743864,-0.12675678730010986
399,0.010360713,5,0.02623478,5871.91902256012,2.785862,0.0,-74.452223525,0.02623478,44032,143.725,-0.545053383935781,-0.027451515197753906
407,0.008991825,8,0.04013913,6025.092694282532,2.7980325,0.0,-81.8296098,0.04013913,45056,153.975,-0.5431214096409199,-0.012831568717956543
414,0.0029272647,7,0.022640795,6171.3833384513855,2.795633,0.0,-82.58770405,0.022640795,46080,150.15,-1.0009574362417883,0.004680275917053223
421,0.008822849,7,0.021874,6319.987643003464,2.8043234,0.0,-84.9319704,0.021874,47104,139.85,-1.029760124520662,0.044129252433776855
427,0.007932257,6,0.020866066,6463.534810304642,2.8255348,0.0,-81.01283792499999,0.020866066,48128,138.075,-1.0222351945745611,-0.7001769542694092
436,0.008497192,9,0.032331552,6613.521922588348,2.8157363,0.0,-87.235790075,0.032331552,49152,138.05,-1.080205769634572,0.03571629524230957
442,0.0076520895,6,0.10185948,6764.08868598938,2.829468,0.0,-87.401872725,0.10185948,50176,144.675,-1.0739176498490486,-0.5914556980133057
450,0.010235104,8,0.061423853,6923.094475030899,2.8458776,0.0,-73.84225907499999,0.061423853,51200,142.225,-0.6091499410836969,0.036354899406433105
456,0.005442088,6,0.025490485,7073.270610809326,2.8451343,0.0,-70.72171045,0.025490485,52224,140.75,-0.5894185825473348,-2.360943078994751
463,0.009187112,7,0.026660297,7219.499746799469,2.8303454,0.0,-65.72220300000001,0.026660297,53248,145.35,-0.5629647476716813,-2.8819212913513184
471,0.00954598,8,0.026654482,7371.130734443665,2.8219585,0.0,-59.407551825,0.026654482,54272,131.1,-0.5622427853817515,-0.18228685855865479
482,0.011264052,11,0.024223726,7520.10298538208,2.8335094,0.0,-59.266593824999994,0.024223726,55296,127.425,-0.522765451329936,-0.057088375091552734
490,0.008779243,8,0.013951158,7662.5720846652985,2.7922,0.0,-45.43506625,0.013951158,56320,124.35,-0.37608709998840034,0.03232318162918091
496,0.009411949,6,0.022008367,7800.017607688904,2.7813737,0.0,-47.203446325,0.022008367,57344,130.325,-0.3848934576600774,-0.05018186569213867
503,0.00977283,7,0.015588012,7939.946980237961,2.7894254,0.0,-51.7177746,0.015588012,58368,122.75,-0.4191235961648436,-0.16602301597595215
511,0.01082982,8,0.03242077,8081.051078081131,2.7871344,0.0,-53.413222,0.03242077,59392,132.175,-0.4143774895675719,-6.508389949798584
520,0.008762218,9,0.030708795,8223.485728502274,2.7896466,0.0,-91.18401745000001,0.030708795,60416,131.625,-1.4130613176809348,0.003603339195251465
530,0.009521727,10,0.038015224,8373.542167186737,2.7858248,0.0,-87.99218875,0.038015224,61440,132.375,-1.3906998513940008,-0.1997295618057251
541,0.009576733,11,0.024720445,8514.946183919907,2.773346,0.0,-82.80730349999999,0.024720445,62464,113.475,-1.390227502676525,-0.7277096509933472
547,0.01022079,6,0.034371726,8655.547936677933,2.7852724,0.0,-76.12603147499999,0.034371726,63488,113.625,-1.3492348674449202,-0.5213062763214111
556,0.010410026,9,0.029425066,8794.836115121841,2.7970753,0.0,-44.57717707500001,0.029425066,64512,117.375,-0.3681706560815786,-0.19827651977539062
565,0.010764431,9,0.036910377,8936.451037406921,2.774528,0.0,-33.503889275000006,0.036910377,65536,107.825,-0.33456237563633284,-0.2686682939529419
572,0.0127464365,7,0.01610792,9080.365259170532,2.7545447,0.0,-41.16043315,0.01610792,66560,124.175,-0.3396917317518379,0.048709869384765625
579,0.01469231,7,0.067562014,9223.04510307312,2.743189,0.0,-61.6644044,0.067562014,67584,131.175,-0.46292759982623116,-0.005110979080200195
583,0.010952428,4,0.02606405,9363.981497764587,2.7551308,0.0,-64.84422157499999,0.02606405,68608,139.175,-0.4652931266029068,-0.14094817638397217
590,0.008844836,7,0.033373836,9504.439303159714,2.7616134,0.0,-74.464936775,0.033373836,69632,145.575,-0.5420280683537552,0.006530702114105225
598,0.009945479,8,0.032378368,9645.03514122963,2.7751064,0.0,-74.323156775,0.032378368,70656,144.7,-0.5486390043482338,-0.5186622142791748
610,0.008847367,12,0.031775564,9788.17239689827,2.768709,0.0,-70.953,0.031775564,71680,133.25,-0.5572599124488106,-0.36671900749206543
615,0.010278245,5,0.030684423,9934.838188648224,2.7718968,0.0,-85.00564395,0.030684423,72704,135.3,-1.000314988401212,0.003534853458404541
623,0.009882384,8,0.02632057,10076.051005125046,2.74645,0.0,-65.190798625,0.02632057,73728,132.225,-0.8777397064141568,-4.020992755889893
628,0.009061745,5,0.009856613,10217.72381567955,2.7301683,0.0,-65.10159422500001,0.009856613,74752,139.875,-0.8408704162131914,0.0596318244934082
639,0.009573149,11,0.028198868,10360.245623350143,2.7252672,0.0,-58.51607954999999,0.028198868,75776,124.775,-0.811830829382408,-0.4922769069671631
643,0.010343093,4,0.032181617,10502.502297401428,2.745685,0.0,-62.319086025000004,0.032181617,76800,138.775,-0.8042571047085932,0.1257442831993103
650,0.010094334,7,0.011383992,10646.990780830383,2.7271862,0.0,-71.46738292500001,0.011383992,77824,158.175,-0.8077219460094931,0.018195748329162598
655,0.010196295,5,0.026166877,10789.621689796448,2.723548,0.0,-57.63113945,0.026166877,78848,158.075,-0.37343982804192477,0.06576752662658691
662,0.007710448,7,0.021833818,10930.869571447372,2.711009,0.0,-57.930815949999996,0.021833818,79872,154.725,-0.38032513209836905,0.035368919372558594
668,0.010451371,6,0.03242018,11072.09971165657,2.6851828,0.0,-53.339014150000004,0.03242018,80896,154.075,-0.3648106316120251,-0.45690691471099854
674,0.011605946,6,0.03157296,11212.826272249222,2.685278,0.0,-57.289861474999995,0.03157296,81920,166.825,-0.35455362761662396,-0.24821913242340088
680,0.008872883,6,0.008976016,11359.86748456955,2.7340682,0.0,-63.344373825000005,0.008976016,82944,176.3,-0.36840630795229856,0.06631344556808472
684,0.008619739,4,0.027885906,11500.084686279297,2.7717607,0.0,-62.2918111,0.027885906,83968,169.9,-0.42963377734499775,0.08260190486907959
692,0.011047113,8,0.019278975,11641.182387590408,2.7166996,0.0,-85.7239878,0.019278975,84992,165.675,-0.5805697982669294,0.024058818817138672
698,0.009083403,6,0.028635265,11782.708522558212,2.7355764,0.0,-85.05015312500001,0.028635265,86016,159.35,-0.631536861495365,0.20472288131713867
708,0.0025374256,10,0.001170354,11925.412342786789,2.7174473,0.0,-100.39670155000002,0.001170354,87040,153.925,-1.1082300923172166,0.04088038206100464
716,0.010831588,8,0.039648227,12066.909693717957,2.7137492,0.0,-103.91069360000002,0.039648227,88064,149.95,-1.1541874271713606,0.1576244831085205
722,0.009275684,6,0.035574578,12208.738617420197,2.7272222,0.0,-97.61669979999999,0.035574578,89088,147.2,-1.0766280912035746,-2.5088984966278076
731,0.0085857995,9,0.013935372,12346.749247312546,2.7050688,0.0,-69.959165125,0.013935372,90112,129.8,-0.9569207728463665,-0.1042327880859375
738,0.010653198,7,0.029036507,12487.246992826462,2.7033148,0.0,-73.0116072,0.029036507,91136,126.9,-0.9386029651181802,0.14637857675552368
747,0.010390648,9,0.053252514,12633.087017059326,2.6992476,0.0,-77.02298945,0.053252514,92160,126.85,-0.677643574526744,-0.016839027404785156
751,0.010095188,4,0.015666034,12775.953425645828,2.6853418,0.0,-82.6324079,0.015666034,93184,141.925,-0.6756287215636327,0.16738289594650269
756,0.0028657126,5,0.010794045,12919.883374214172,2.6859815,0.0,-99.97529717500001,0.010794045,94208,146.7,-0.7852235426856977,0.015580892562866211
761,0.009428506,5,0.03559388,13061.234237670898,2.691455,0.0,-123.402246275,0.03559388,95232,156.475,-0.854757939290046,-0.01729559898376465
766,0.009588923,5,0.012902534,13206.776635408401,2.6926508,0.0,-144.91045682499998,0.012902534,96256,170.625,-1.0380569644414193,-0.004242062568664551
772,0.0030875416,6,0.01972745,13344.34547829628,2.6961827,0.0,-170.82938785000002,0.01972745,97280,175.75,-1.5825429275675824,0.010172784328460693
778,0.009870617,6,0.027422108,13488.503012418747,2.6341524,0.0,-174.86727717499997,0.027422108,98304,180.85,-1.6038964840033363,0.08488732576370239
783,0.011018053,5,0.026119446,13631.61949968338,2.661617,0.0,-180.80714052500002,0.026119446,99328,189.025,-1.6534382529036578,0.04280495643615723
787,0.003235244,4,0.022331141,13772.062766551971,2.6667268,0.0,-174.72078820000002,0.022331141,100352,204.8,-1.4693466027875668,0.007204711437225342
796,0.010758575,9,0.029720217,13912.134577274323,2.6275365,0.0,-148.73146875,0.029720217,101376,181.675,-1.3565678287791858,0.1751406192779541
805,0.011032305,9,0.02924481,14050.712242603302,2.6168764,0.0,-107.57077262500002,0.02924481,102400,153.6,-1.1641753818904945,0.1281610131263733
811,0.010748187,6,0.017157713,14193.183672189713,2.6227214,0.0,-95.505773575,0.017157713,103424,157.475,-0.6526390700201706,0.2517549395561218
815,0.010098055,4,0.027699597,14335.008703231812,2.632456,0.0,-79.2733644,0.027699597,104448,164.325,-0.5554156086509235,-0.47590529918670654
823,0.009609923,8,0.03351044,14476.1347823143,2.63739,0.0,-70.48443095,0.03351044,105472,154.625,-0.4861482145942791,-0.052600979804992676
826,0.0095682405,3,0.012360184,14613.96980381012,2.673523,0.0,-69.19519457499999,0.012360184,106496,160.625,-0.47569799701094573,-0.021361231803894043
829,0.010416742,3,0.026437111,14759.076276540756,2.6703265,0.0,-69.3636334,0.026437111,107520,166.1,-0.47021636159427904,-0.0018979310989379883
834,0.009770155,5,0.02878255,14902.986804485321,2.6593761,0.0,-76.40228975,0.02878255,108544,185.475,-0.4463113302859451,-0.1029733419418335
839,0.011866816,5,0.037573375,15044.925172567368,2.662914,0.0,-78.669740075,0.037573375,109568,198.15,-0.43455093765732833,-0.2592986822128296
844,0.009992412,5,0.031564564,15184.989520549774,2.6673975,0.0,-76.270271325,0.031564564,110592,208.3,-0.38052533899764185,-0.13626599311828613
848,0.010886235,4,0.025652267,15326.471277236938,2.6615355,0.0,-71.9146946,0.025652267,111616,219.3,-0.33432807306772644,0.03495800495147705
853,0.011223294,5,0.030303508,15466.81050825119,2.6803186,0.0,-70.74414575,0.030303508,112640,212.75,-0.34022960408581765,-0.33484625816345215
860,0.009077677,7,0.051927477,15609.38141798973,2.6824365,0.0,-98.36203107499999,0.051927477,113664,214.925,-0.6272028990717199,0.001645803451538086
863,0.011230864,3,0.037237063,15750.798169612885,2.702468,0.0,-100.723171,0.037237063,114688,225.25,-0.6201590934660769,-0.17839503288269043
867,0.0125142215,4,0.033828426,15890.830525398254,2.676845,0.0,-96.236822975,0.033828426,115712,218.725,-0.615889865318641,-1.7122576236724854
873,0.009758083,6,0.03208465,16031.200485944748,2.6681824,0.0,-99.4905669,0.03208465,116736,209.95,-0.6692859189559115,0.18175071477890015
880,0.009797025,7,0.024914375,16174.901316404343,2.6688712,0.0,-105.68510655,0.024914375,117760,197.475,-0.772863510027589,0.14308732748031616
885,0.0097362045,5,0.035497688,16319.965980768204,2.6470482,0.0,-158.130186575,0.035497688,118784,198.625,-1.1274773410908785,0.09022295475006104
890,0.011807379,5,0.056371935,16463.552726507187,2.632665,0.0,-174.418471525,0.056371935,119808,193.825,-1.4880159130843151,0.027652323246002197
895,0.011764733,5,0.044037268,16605.4245262146,2.6547143,0.0,-183.25770685,0.044037268,120832,190.6,-1.699054418842786,0.07200068235397339
902,0.010085093,7,0.03242659,16743.97551703453,2.6532066,0.0,-162.22149005,0.03242659,121856,191.225,-1.4304639177435423,-0.2917978763580322
908,0.01080846,6,0.04507097,16884.30543398857,2.6462862,0.0,-199.04221709999996,0.04507097,122880,173.65,-1.9177361781475966,0.06897240877151489
914,0.0097661195,6,0.022749178,17026.25747871399,2.659893,0.0,-206.09637667500002,0.022749178,123904,173.025,-1.9174634178514052,0.39038532972335815
920,0.010121279,6,0.029661164,17168.326499938965,2.6806986,0.0,-212.547154425,0.029661164,124928,178.725,-1.8708759243668645,0.43515706062316895
926,0.010048747,6,0.04797227,17311.167817115784,2.6810546,0.0,-158.0907338,0.04797227,125952,171.35,-1.5216010020376207,-2.3530826568603516
931,0.008103747,5,0.02441139,17453.270328760147,2.68122,0.0,-144.37024602499997,0.02441139,126976,173.125,-1.1738243096501013,0.08030104637145996
935,0.009482154,4,0.028105522,17593.109848976135,2.673323,0.0,-130.530613275,0.028105522,128000,182.275,-0.9383099692408271,-16.350313186645508
941,0.009667325,6,0.034550305,17736.145335912704,2.6715524,0.0,-173.277082425,0.034550305,129024,180.325,-1.1087334166547986,0.03173011541366577
947,0.009736943,6,0.030453146,17877.164540052414,2.675541,0.0,-138.93767434999998,0.030453146,130048,186.35,-0.6372846954886449,-2.702347993850708
951,0.009590087,4,0.025199454,18020.880757570267,2.6753788,0.0,-149.457926125,0.025199454,131072,192.3,-0.6720264059281597,0.3245539665222168
957,0.009773899,6,0.03680046,18161.53038907051,2.675521,0.0,-137.25084305000001,0.03680046,132096,194.8,-0.625430896096992,-12.11186695098877
962,0.009368617,5,0.023817576,18301.42477631569,2.6748695,0.0,-134.33240495,0.023817576,133120,196.9,-0.6124815670778906,-0.07302629947662354
966,0.009880867,4,0.027324744,18441.254130601883,2.7131133,0.0,-134.62281387500002,0.027324744,134144,199.575,-0.607475251980441,-0.014513254165649414
974,0.010191059,8,0.013883797,18586.941126346588,2.681568,0.0,-166.88683484999999,0.013883797,135168,184.75,-1.4613090947787737,0.058197975158691406
980,0.008325438,6,0.02588848,18730.351484060287,2.683489,0.0,-159.222256825,0.02588848,136192,182.975,-1.441566831257043,0.3834119439125061
985,0.009587452,5,0.040743217,18875.47610449791,2.6867523,0.0,-164.26192929999996,0.040743217,137216,190.9,-1.4651727610690286,-0.30865979194641113
991,0.010162513,6,0.038826752,19015.64022541046,2.6691685,0.0,-188.55091727500002,0.038826752,138240,181.15,-2.545617111131101,0.09802460670471191
995,0.008637489,4,0.013543468,19155.991106510162,2.6703894,0.0,-207.91914077500002,0.013543468,139264,188.425,-2.623695508092827,0.26839911937713623
1000,0.0096581625,5,0.042408753,19296.16383290291,2.6614428,0.0,-227.65361724999997,0.042408753,140288,188.1,-2.7662660408188047,0.10931730270385742
1006,0.0108739715,6,0.047624998,19441.78767848015,2.6509469,0.0,-252.22814355,0.047624998,141312,180.5,-2.9766788963259603,0.11911731958389282
1010,0.011292817,4,0.04180742,19586.951283216476,2.6528263,0.0,-246.712913975,0.04180742,142336,193.925,-2.5340297004686247,0.44233161211013794
1016,0.0092413975,6,0.028767178,19728.90070128441,2.6492913,0.0,-216.73466222500002,0.028767178,143360,188.675,-2.1183401090672764,0.3822634220123291
1019,0.008457287,3,0.01321961,19867.221646785736,2.643463,0.0,-198.61040640000002,0.01321961,144384,202.025,-2.0122534145264717,-0.04389965534210205
1025,0.00893005,6,0.030489532,20007.592020511627,2.6545649,0.0,-212.11255014999998,0.030489532,145408,203.45,-2.039886348680187,0.2852873206138611
1029,0.012356554,4,0.12939204,20154.402438163757,2.6606655,0.0,-195.95750807500002,0.12939204,146432,216.65,-1.3387990901718259,-2.257749319076538
1035,0.0066210534,6,0.03785023,20297.115920066833,2.6651995,0.0,-148.83306075000002,0.03785023,147456,204.85,-0.804651562255585,-8.755000114440918
1039,0.013145131,4,0.035743076,20441.96004652977,2.6856647,0.0,-124.39850202500001,0.035743076,148480,214.875,-0.632849694114167,0.1111636757850647
1048,0.012462994,9,0.035454955,20584.831644773483,2.684118,0.0,-78.283719,0.035454955,149504,191.725,-0.3949723047328709,-0.22035086154937744
1052,0.009762139,4,0.04095999,20724.50867152214,2.6762102,0.0,-97.922814975,0.04095999,150528,192.275,-0.6427392941973391,-0.0012396574020385742
1057,0.010604335,5,0.02669199,20865.915024518967,2.6826708,0.0,-97.4363303,0.02669199,151552,198.15,-0.6379917219894369,-0.08183836936950684
1063,0.010017622,6,0.021622239,21008.7636551857,2.6932607,0.0,-84.41695445,0.021622239,152576,190.425,-0.6101331084805788,0.27669304609298706
1068,0.010127176,5,0.03105452,21153.34596800804,2.7018163,0.0,-80.404889125,0.03105452,153600,186.8,-0.602209668680978,-0.03651416301727295
1072,0.009388391,4,0.02308628,21293.920901060104,2.6972513,0.0,-78.820343425,0.02308628,154624,180.85,-0.6047677492989819,-0.14553368091583252
1078,0.010401972,6,0.03314212,21436.148067951202,2.6979373,0.0,-79.73358404999999,0.03314212,155648,187.425,-0.5935514741429266,-0.22211158275604248
1083,0.008126598,5,0.01762194,21578.93605852127,2.7030013,0.0,-96.96348105,0.01762194,156672,190.825,-0.8508650723123672,-0.004183053970336914
1087,0.009293907,4,0.026920332,21720.445229768753,2.6992044,0.0,-130.547290225,0.026920332,157696,208.65,-0.9820728824877651,0.005457758903503418
1092,0.012194009,5,0.041781496,21861.10926246643,2.6799107,0.0,-110.62647339999998,0.041781496,158720,206.25,-0.7370744039403708,-0.2209097146987915
1095,0.01192729,3,0.0486735,22001.114023447037,2.671431,0.0,-110.74353577500001,0.0486735,159744,206.25,-0.7374646118570375,0.4441307783126831
1101,0.011614858,6,0.017077686,22143.989742279053,2.659835,0.0,-125.10859464999999,0.017077686,160768,214.75,-0.7692503406477624,0.507532000541687
1105,0.011411409,4,0.03074621,22283.89698767662,2.630871,0.0,-127.53364655,0.03074621,161792,223.475,-0.7651528560257345,-1.6230287551879883
1110,0.007729571,5,0.030993018,22421.83576607704,2.6315613,0.0,-127.68701397499999,0.030993018,162816,220.375,-0.7699976016695155,0.49019908905029297
1118,0.009659271,8,0.037639126,22563.007162332535,2.6278512,0.0,-138.565430125,0.037639126,163840,204.675,-1.4340679289767386,0.010833919048309326
1123,0.010126485,5,0.026809804,22706.061247587204,2.612052,0.0,-120.57761767500001,0.026809804,164864,203.275,-1.167031689732749,-4.219086647033691
1128,0.009196061,5,0.03312509,22847.83656167984,2.6203458,0.0,-90.74629372500002,0.03312509,165888,199.1,-1.0281349769449908,-0.5371887683868408
1134,0.0108264955,6,0.035063315,22990.056587457657,2.5942957,0.0,-89.62265615,0.035063315,166912,190.925,-1.0375621418498058,-0.17726588249206543
1140,0.009948352,6,0.017128963,23132.41143846512,2.5564673,0.0,-85.16550459999999,0.017128963,167936,184.525,-1.0266365967865814,0.1312713623046875
1144,0.009246037,4,0.019234028,23275.27575278282,2.506201,0.0,-99.43484925,0.019234028,168960,180.125,-1.2640066185141319,-0.037729620933532715
1148,0.009657584,4,0.02501879,23414.89206790924,2.5057986,0.0,-99.64461664999999,0.02501879,169984,189.825,-1.2538427206571048,0.19821876287460327
1154,0.008630706,6,0.024976257,23557.24831724167,2.5179155,0.0,-93.6422812,0.024976257,171008,191.6,-0.634919722645724,-1.227970838546753
1157,0.01057929,3,0.0349776,23698.884393930435,2.5393038,0.0,-97.36234615000001,0.0349776,172032,203.9,-0.6302048119752957,-0.0025186538696289062
1161,0.010419033,4,0.026528928,23844.475968122482,2.5566156,0.0,-107.495918875,0.026528928,173056,209.675,-0.6545811839045422,-0.06375348567962646
1166,0.0119650215,5,0.04433375,23985.84833598137,2.5560515,0.0,-108.83519784999999,0.04433375,174080,213.275,-0.6528839081219285,-2.882229804992676
1171,0.011768578,5,0.03340119,24126.653864622116,2.5584345,0.0,-110.31335642499998,0.03340119,175104,219.025,-0.6490000782008405,0.0968368649482727
1177,0.00983539,6,0.048819236,24269.009808540344,2.5622835,0.0,-109.52501425,0.048819236,176128,216.4,-0.6486571186700374,-1.570033311843872
1183,0.012991879,6,0.031322364,24412.26038646698,2.5590076,0.0,-89.20453890000002,0.031322364,177152,216.325,-0.4030241538137565,0.07134085893630981
1186,0.00920044,3,0.018981783,24552.082102537155,2.579134,0.0,-100.54551145,0.018981783,178176,219.275,-0.43740749781925103,0.5614175200462341
1194,0.010839855,8,0.027872913,24695.84224152565,2.5551088,0.0,-89.50429875,0.027872913,179200,203.275,-0.4250112550994782,-4.489116191864014
1200,0.010592845,6,0.034096457,24837.67644429207,2.5665739,0.0,-77.25624935,0.034096457,180224,191.85,-0.401411021307827,-1.1123418807983398
1206,0.010420397,6,0.027508516,24980.073649406433,2.5522003,0.0,-73.61178774999999,0.027508516,181248,177.525,-0.4069316279615206,0.0021953582763671875
1215,0.009277037,9,0.044440802,25121.174721956253,2.5600865,0.0,-71.537544025,0.044440802,182272,161.5,-0.46031241580760635,0.693764716386795
1221,0.009239524,6,0.024495367,25266.327590227127,2.558334,0.0,-66.793200075,0.024495367,183296,159.075,-0.45009730354977523,-0.9170242547988892
1226,0.009247892,5,0.027002744,25404.686632871628,2.5573142,0.0,-54.33894,0.027002744,184320,153.925,-0.4184133403423546,-0.005980849266052246
1235,0.0101619605,9,0.036566652,25545.53818845749,2.538729,0.0,-51.735977649999995,0.036566652,185344,147.875,-0.412163035050333,-0.03478503227233887
1242,0.009288004,7,0.02574484,25689.64003443718,2.521479,0.0,-52.9055022,0.02574484,186368,149.275,-0.4103711248126771,-0.33035147190093994
1247,0.008930737,5,0.024660062,25832.795248270035,2.5169554,0.0,-54.356730199999994,0.024660062,187392,152.975,-0.4135916409605748,-0.02810192108154297
1253,0.009374604,6,0.02645994,25975.548274040222,2.5204067,0.0,-53.001920925,0.02645994,188416,156.85,-0.3667295058423918,-0.06956255435943604
1257,0.009417663,4,0.029213984,26121.65053510666,2.4797742,0.0,-55.92631035000001,0.029213984,189440,167.375,-0.3596271680338658,0.019379138946533203
1263,0.009997715,6,0.031373918,26261.86127305031,2.4859238,0.0,-56.718577125,0.031373918,190464,169.8,-0.3588798145334323,-0.006721377372741699
1268,0.011385206,5,0.041538753,26406.47625899315,2.4935665,0.0,-59.193501649999995,0.041538753,191488,173.575,-0.3652516951222954,-0.6122081279754639
1272,0.011358557,4,0.034143813,26548.425171136856,2.4841604,0.0,-62.82303145000001,0.034143813,192512,183.075,-0.3616208807001125,-0.0667579174041748
1276,0.0099476315,4,0.026354205,26689.231122255325,2.4904444,0.0,-66.14659302499999,0.026354205,193536,193.15,-0.36206209384752147,-0.09247422218322754
1284,0.010348301,8,0.020460047,26829.964371681213,2.4531472,0.0,-65.656780325,0.020460047,194560,195.875,-0.3573507209542871,-1.9767827987670898
1289,0.010623463,5,0.020589845,26971.805738687515,2.4447052,0.0,-69.5236179,0.020589845,195584,194.95,-0.39005042537289947,0.0029141902923583984
1295,0.009924494,6,0.03053215,27114.7522919178,2.4538672,0.0,-90.32408719999998,0.03053215,196608,190.125,-0.7127112480318804,0.02186143398284912
1299,0.01042115,4,0.028738033,27258.150877714157,2.5001287,0.0,-92.46115432500001,0.028738033,197632,197.1,-0.7126290116390221,-0.05664801597595215
1305,0.010021055,6,0.02767165,27399.403103113174,2.5298254,0.0,-88.384844575,0.02767165,198656,187.6,-0.7079281334124349,-0.006261706352233887
1311,0.0103837345,6,0.019853625,27540.766765117645,2.5573113,0.0,-88.90146695,0.019853625,199680,187.2,-0.7093645293095131,0.4881468415260315
1316,0.010971933,5,0.03452403,27682.979243040085,2.5449884,0.0,-88.922610875,0.03452403,200704,180.75,-0.7122858999995757,0.6322461068630219
1321,0.010725867,5,0.018594787,27824.75204849243,2.5411854,0.0,-90.45486639999999,0.018594787,201728,186.375,-0.7070563726393713,-1.7323930263519287
1327,0.009752011,6,0.02565509,27967.70145225525,2.5440676,0.0,-93.24350895,0.02565509,202752,189.75,-0.7185824137360168,-0.5422035455703735
1330,0.009972729,3,0.019707864,28108.439336538315,2.5658362,0.0,-91.5573496,0.019707864,203776,199.2,-0.6794093922137433,0.025489628314971924
1336,0.010146054,6,0.028274355,28249.269354104996,2.5252383,0.0,-81.073382975,0.028274355,204800,198.275,-0.3982653120790998,-0.02691340446472168
1343,0.010186916,7,0.031628817,28394.41617512703,2.5113528,0.0,-80.42960855000001,0.031628817,205824,194.65,-0.4057619013616149,-0.14346611499786377
1348,0.0099021625,5,0.031889934,28537.591968536377,2.489372,0.0,-79.9625863,0.031889934,206848,195.55,-0.4006865562408592,-0.014461398124694824
1356,0.010449899,8,0.031058088,28680.387400865555,2.4612982,0.0,-72.734787375,0.031058088,207872,181.075,-0.4072151984265875,0.005854427814483643
1360,0.008917192,4,0.025087856,28822.639995336533,2.4495258,0.0,-72.97357085,0.025087856,208896,180.75,-0.4064702155369971,-0.03510701656341553
1367,0.010410489,7,0.026039347,28965.183338165283,2.4267094,0.0,-72.57686945,0.026039347,209920,180.35,-0.4048005856799547,0.010251402854919434
1373,0.010017509,6,0.029597435,29106.985599517822,2.432799,0.0,-57.72583615,0.029597435,210944,168.675,-0.3743148326278956,0.05712360143661499
1379,0.008283947,6,0.023614194,29253.690257549286,2.4394617,0.0,-73.708479675,0.023614194,211968,167.55,-0.5330269148026769,0.10574382543563843
1388,0.012989226,9,0.02252172,29396.298727035522,2.4338052,0.0,-71.8992775,0.02252172,212992,151.975,-0.5868650714317754,-0.042990803718566895
1393,0.010827276,5,0.02645213,29535.669996023178,2.4321594,0.0,-78.19679267500001,0.02645213,214016,165.1,-0.593697680338573,-0.15108990669250488
1398,0.008860046,5,0.050579533,29678.95317840576,2.4308949,0.0,-76.885728025,0.050579533,215040,165.325,-0.5813102903835661,-1.0225331783294678
1403,0.008161323,5,0.041345723,29820.91313624382,2.4205408,0.0,-80.165071775,0.041345723,216064,172.575,-0.5841834317948106,0.5217792093753815
1409,0.009941291,6,0.035699047,29968.47445344925,2.421934,0.0,-77.02597745,0.035699047,217088,162.1,-0.5897037778658043,0.021147310733795166
1413,0.011307703,4,0.032724448,30107.664511680603,2.419388,0.0,-81.38078755000001,0.032724448,218112,175.275,-0.5830491780773573,-0.03727269172668457
1418,0.010085834,5,0.037135854,30247.849640369415,2.4116004,0.0,-66.36981675,0.037135854,219136,181.9,-0.42115738373311995,0.5751448571681976
1423,0.0103564095,5,0.018533668,30389.331939935684,2.396924,0.0,-77.08612067499999,0.018533668,220160,192.975,-0.4438063808001731,0.5332662463188171
1428,0.009464976,5,0.030483413,30534.9714782238,2.4098833,0.0,-75.63207162500001,0.030483413,221184,199.975,-0.38454258306909805,0.002112865447998047
1433,0.009787912,5,0.053773712,30680.706638097763,2.406334,0.0,-75.1762785,0.053773712,222208,206.2,-0.37005074295689455,-0.5112338066101074
1439,0.010538157,6,0.033655837,30824.290841817856,2.3940856,0.0,-74.038902475,0.033655837,223232,200.275,-0.3779563871895243,-0.22607922554016113
1444,0.010299792,5,0.026380844,30968.66014099121,2.380126,0.0,-71.19811267499999,0.026380844,224256,199.575,-0.3674008361378459,-0.10549473762512207
1449,0.009569873,5,0.015623927,31108.499617815018,2.3449233,0.0,-79.36549815,0.015623927,225280,206.7,-0.38423218241360274,0.2751338481903076
1454,0.009936191,5,0.024613291,31249.550540447235,2.330557,0.0,-80.53487057499999,0.024613291,226304,200.225,-0.39541152067428953,0.5420142412185669
1459,0.008873182,5,0.020079225,31395.15814590454,2.3329535,0.0,-72.802561625,0.020079225,227328,197.075,-0.3722446822318499,-0.0513690710067749
1464,0.01044717,5,0.032772746,31537.510588407516,2.332577,0.0,-72.88021415,0.032772746,228352,197.45,-0.36845994456092523,-0.0073964595794677734
1467,0.009787512,3,0.029705405,31677.43709564209,2.3323514,0.0,-75.8926271,0.029705405,229376,206.9,-0.3660085833229833,-0.2914847135543823
1473,0.009057837,6,0.030546106,31816.81526851654,2.3419163,0.0,-76.013677225,0.030546106,230400,203.25,-0.3755638240607265,0.0025424957275390625
1476,0.011347403,3,0.027849436,31960.57896733284,2.2987077,0.0,-79.473116325,0.027849436,231424,215.15,-0.36805618062987544,-0.10387647151947021
1482,0.011754308,6,0.03946727,32103.600288629532,2.3005655,0.0,-78.4093177,0.03946727,232448,212.575,-0.3677212169738781,-0.7224780321121216
1485,0.012631284,3,0.021582427,32245.083161830902,2.224826,0.0,-80.04846665,0.021582427,233472,217.75,-0.3685178463717276,-2.9909157752990723
1490,0.008221949,5,0.026205633,32385.742131710052,2.236801,0.0,-75.21304967500001,0.026205633,234496,222.175,-0.34868703644280596,-2.823882818222046
1493,0.0120020965,3,0.027058192,32526.916665554047,2.221481,0.0,-73.81074685,0.027058192,235520,228.475,-0.337567339567806,-0.0009833574295043945
1497,0.009115795,4,0.028276509,32668.594214439392,2.249177,0.0,-75.09748905,0.028276509,236544,230.425,-0.34534088617362857,-0.008517622947692871
1505,0.010567645,8,0.015498346,32811.20542883873,2.202585,0.0,-104.378099575,0.015498346,237568,225.05,-0.5122889172587496,0.16503190994262695
1514,0.011883743,9,0.027470171,32957.797612667084,2.196226,0.0,-95.49787965,0.027470171,238592,198.75,-0.5142618969032697,-9.975472450256348
1521,0.010969564,7,0.026328713,33100.30921244621,2.185139,0.0,-94.65516622499999,0.026328713,239616,189.2,-0.5264509094803845,0.5243755280971527
1525,0.0028602483,4,0.01937078,33240.85167551041,2.1824396,0.0,-93.11501865,0.01937078,240640,183.9,-0.5265750516167481,-0.24090218544006348
1530,0.008102583,5,0.045140967,33382.675475120544,2.1987047,0.0,-106.54427145,0.045140967,241664,176.475,-0.6756000397620265,0.12827950716018677
1537,0.01089424,7,0.027622227,33524.547020196915,2.1942263,0.0,-99.02309170000001,0.027622227,242688,157.425,-0.6733574477912821,-1.4034655094146729
1544,0.01159508,7,0.026935928,33668.118225336075,2.1579888,0.0,-100.71617362500001,0.026935928,243712,158.175,-0.6838311114840344,-0.03950834274291992
1549,0.012748182,5,0.04601885,33810.601467847824,2.1471388,0.0,-69.0189226,0.04601885,244736,162.525,-0.5121449710727806,-16.153837203979492
1554,0.011706847,5,0.013354812,33951.13383221626,2.1187801,0.0,-74.16283634999999,0.013354812,245760,176.85,-0.5234602854405912,0.04425060749053955
1563,0.009307166,9,0.034942932,34092.62489914894,2.1539786,0.0,-69.19450624999999,0.034942932,246784,163.65,-0.5218461475237819,-0.00556635856628418
1571,0.010222839,8,0.029035233,34236.13435649872,2.1175401,0.0,-50.53487667500001,0.029035233,247808,150.6,-0.39067045520798394,-0.08799552917480469
1578,0.009909223,7,0.033633977,34380.524398088455,2.144077,0.0,-48.9974601,0.033633977,248832,143.0,-0.3936278934861566,-0.02459263801574707
1584,0.010034367,6,0.02511175,34520.416197776794,2.121164,0.0,-52.237922174999994,0.02511175,249856,153.85,-0.38516376650250683,0.011523246765136719
1592,0.011251779,8,0.039111495,34660.7166993618,2.107443,0.0,-46.3974225,0.039111495,250880,133.95,-0.39258197268655093,0.05687981843948364
1598,0.009573371,6,0.017735874,34803.37320661545,2.0666788,0.0,-51.18136342500001,0.017735874,251904,139.3,-0.41312636597240526,0.053716957569122314
1604,0.01253832,6,0.026838526,34946.65919160843,2.0000226,0.0,-51.79833677500001,0.026838526,252928,141.6,-0.41275149112422727,-2.9461567401885986
1608,0.009877503,4,0.015200276,35088.16111207008,2.0535822,0.0,-60.68370062500001,0.015200276,253952,156.575,-0.42075107089648506,0.2504327893257141
1617,0.010254317,9,0.03108123,35229.4247174263,2.0601885,0.0,-63.6262028,0.03108123,254976,166.375,-0.424555075702057,-0.039893150329589844
1622,0.011197032,5,0.02349399,35369.43348526955,2.0797825,0.0,-61.39979965,0.02349399,256000,159.775,-0.42564114823825616,-0.8833973407745361
1629,0.010007517,7,0.026983257,35512.16925358772,2.0752547,0.0,-61.371526949999996,0.026983257,257024,159.85,-0.43105345114082566,0.24807339906692505
1637,0.010030363,8,0.039325796,35656.428154706955,2.0871718,0.0,-75.972572225,0.039325796,258048,162.75,-0.5220261117973546,0.1596347689628601
1640,0.008472768,3,0.049053676,35799.40594244003,2.0900564,0.0,-77.620651025,0.049053676,259072,169.025,-0.5187122868381708,0.6975939571857452
1645,0.011123832,5,0.04760289,35942.7961730957,2.0769007,0.0,-88.94887455,0.04760289,260096,175.45,-0.5587772206995808,0.5625413358211517
1649,0.010267564,4,0.03580271,36087.026767253876,2.0512884,0.0,-84.891160575,0.03580271,261120,174.2,-0.5459750484249097,-5.096719741821289
1654,0.009113667,5,0.33079535,36229.79083442688,2.047447,0.0,-90.28276345,0.33079535,262144,194.65,-0.5233326080310835,-0.7076985836029053
1661,0.01033733,7,0.007872373,36374.35289931297,1.9716235,0.0,-89.4156416,0.007872373,263168,183.175,-0.551430074825098,-0.0031026601791381836
1666,0.009859849,5,0.029028747,36516.45009112358,2.020779,0.0,-93.445809875,0.029028747,264192,195.7,-0.5436600728116572,-0.04972183704376221
1672,0.009909103,6,0.037710823,36658.73024368286,2.0368907,0.0,-112.41120685000001,0.037710823,265216,199.875,-0.8247102730379037,0.1584673523902893
1677,0.011423216,5,0.023557968,36801.524661540985,2.0106642,0.0,-98.46037262499999,0.023557968,266240,205.05,-0.7033852567639098,0.668512225151062
1685,0.014130485,8,0.06803782,36943.8484749794,2.006976,0.0,-81.935811675,0.06803782,267264,181.775,-0.6646474211523345,-4.444177150726318
1692,0.010868103,7,0.03245724,37090.53637266159,2.00675,0.0,-76.902278925,0.03245724,268288,164.225,-0.6744280192606683,-0.13968396186828613
1696,0.008318568,4,0.018301971,37233.079164505005,1.9864978,0.0,-76.96844717500001,0.018301971,269312,164.25,-0.6736277406000021,-0.8395880460739136
1702,0.010108458,6,0.033777934,37372.10439538956,2.0063474,0.0,-81.14737355,0.033777934,270336,176.55,-0.6588567146917862,0.6803255379199982
1706,0.010053331,4,0.036203887,37512.39173913002,2.0240057,0.0,-81.05523605,0.036203887,271360,178.4,-0.6544298162522437,-0.0026863813400268555
1711,0.0113746915,5,0.029440286,37656.57462859154,2.0327997,0.0,-66.58421734999999,0.029440286,272384,185.925,-0.37500782867952837,0.039021313190460205
1714,0.0118874,3,0.032762464,37798.09366416931,2.0279152,0.0,-69.98352837499999,0.032762464,273408,192.175,-0.37674403501286174,-0.07798731327056885
1719,0.009202286,5,0.03117636,37939.568898677826,2.0428584,0.0,-67.83971467500001,0.03117636,274432,191.2,-0.37393605450619877,-0.015305757522583008
1724,0.009167183,5,0.05824087,38085.40663933754,2.0516431,0.0,-72.208863175,0.05824087,275456,203.625,-0.36927921956097326,-1.3956503868103027
1729,0.008931631,5,0.030042443,38227.58426141739,2.0551004,0.0,-73.01139029999999,0.030042443,276480,204.05,-0.3712526595798925,0.01003950834274292
1737,0.010308049,8,0.035547055,38369.4609208107,2.0632155,0.0,-70.898906775,0.035547055,277504,198.625,-0.37033670899109516,0.008548855781555176
1743,0.014173405,6,0.027904525,38516.86587166786,2.0483553,0.0,-76.08347885,0.027904525,278528,198.55,-0.3826740354477966,0.41085177659988403
1748,0.01099477,5,0.039890092,38659.88853049278,2.050027,0.0,-73.480500025,0.039890092,279552,192.1,-0.3802610489010823,-0.22939324378967285
1752,0.010487057,4,0.028911015,38800.55982851982,2.057884,0.0,-73.098910925,0.028911015,280576,192.8,-0.37685063782840345,-0.35544800758361816
1756,0.010263264,4,0.036269546,38944.50955700874,2.0418665,0.0,-71.08357749999999,0.036269546,281600,192.8,-0.3701328597450701,-0.02785313129425049
1762,0.009776969,6,0.030112192,39085.51528406143,2.0454416,0.0,-72.136612375,0.030112192,282624,192.0,-0.37773278330498267,-0.0035123825073242188
1768,0.010167593,6,0.024052097,39235.67983007431,2.0531619,0.0,-69.6501039,0.024052097,283648,185.175,-0.38349360678871663,-0.5096921920776367
1774,0.010160126,6,0.029140523,39381.23577427864,2.020239,0.0,-73.22948040000001,0.029140523,284672,196.3,-0.37806234402532174,-0.07736611366271973
1777,0.00943857,3,0.019742068,39523.59910106659,2.0190392,0.0,-74.8872681,0.019742068,285696,201.425,-0.37694867023584805,-0.4650695323944092
1782,0.009722286,5,0.046181917,39666.40879869461,2.0355558,0.0,-71.27414530000001,0.046181917,286720,211.625,-0.35288040307899404,-0.1321934461593628
1786,0.011222223,4,0.03849018,39807.127397060394,2.0510085,0.0,-75.059068675,0.03849018,287744,215.45,-0.3600613787821004,0.6905055046081543
1792,0.008808332,6,0.09244923,39951.50190663338,2.0605612,0.0,-71.46394015000001,0.09244923,288768,204.475,-0.3630940579007661,-0.6598339080810547
1797,0.009947231,5,0.029500142,40093.0404317379,2.0344598,0.0,-68.132950425,0.029500142,289792,192.275,-0.36310843667640713,-0.02083444595336914
1804,0.010776872,7,0.03261819,40237.17460632324,2.0028627,0.0,-70.9951171,0.03261819,290816,198.6,-0.3634430978763732,-0.016843199729919434
1807,0.009223289,3,0.024235267,40378.67419266701,2.0058422,0.0,-73.464903625,0.024235267,291840,204.9,-0.36148637131387323,-0.026032090187072754
1811,0.011331031,4,0.030735206,40517.95359110832,1.9549817,0.0,-77.21796605,0.030735206,292864,216.475,-0.35925193206317096,-0.02245032787322998
1816,0.011090828,5,0.026894834,40662.886546611786,1.9467489,0.0,-74.38531765,0.026894834,293888,210.175,-0.35486710084361334,-0.04944443702697754
1821,0.010393182,5,0.03198475,40803.99105119705,1.8980247,0.0,-73.087410925,0.03198475,294912,207.15,-0.355247775719744,-0.037758588790893555
1827,0.009939914,6,0.037093997,40944.541602134705,1.9087713,0.0,-70.26832429999999,0.037093997,295936,198.3,-0.3693426972008963,0.8520574420690536
1835,0.011175994,8,0.016792383,41089.97431778908,1.8982897,0.0,-73.163900725,0.016792383,296960,195.5,-0.3859738868750486,0.8081307709217072
1839,0.00986266,4,0.03173139,41231.092994213104,1.892848,0.0,-73.0351345,0.03173139,297984,194.725,-0.38768473326277386,-0.09842538833618164
1846,0.009658036,7,0.032213002,41373.417468070984,1.9218913,0.0,-70.42393215,0.032213002,299008,190.425,-0.39068662315951763,-0.00939929485321045
1850,0.0064608036,4,0.037799887,41516.73026371002,1.9148043,0.0,-82.9777514,0.037799887,300032,184.825,-0.44310565399451496,0.00715184211730957
1853,0.010813577,3,0.0274757,41659.493701934814,1.9089271,0.0,-82.425671075,0.0274757,301056,184.825,-0.44126538624451495,0.04336988925933838
1857,0.012723347,4,0.03826427,41802.81613111496,1.9432411,0.0,-86.0863927,0.03826427,302080,197.1,-0.4376529897439202,-0.0596470832824707
1862,0.012045519,5,0.028325047,41943.65809297562,1.9745843,0.0,-94.796636025,0.028325047,303104,196.975,-0.46841272143566226,0.0037779808044433594
1868,0.00897422,6,0.030781329,42084.16211247444,1.9724791,0.0,-93.58704955,0.030781329,304128,202.7,-0.4490916918202551,-0.03417050838470459
1872,0.009452045,4,0.03489268,42226.92032337189,2.0046904,0.0,-97.41711269999999,0.03489268,305152,215.975,-0.4475551199272556,0.007617950439453125
1877,0.0096753435,5,0.037003726,42374.06668925285,2.0218427,0.0,-94.92714895,0.037003726,306176,217.65,-0.4402933985435052,-0.46726763248443604
1880,0.010042353,3,0.028833339,42515.79163312912,1.9944543,0.0,-97.2050657,0.028833339,307200,222.425,-0.44130193600145623,-0.03847014904022217
1890,0.012138541,10,0.03452462,42656.70088124275,1.9984428,0.0,-77.939284275,0.03452462,308224,207.0,-0.39282900551246275,-0.010262012481689453
1897,0.00920327,7,0.03167961,42800.61245751381,1.9796287,0.0,-73.107957325,0.03167961,309248,184.95,-0.409982413828412,-0.010333895683288574
1900,0.010184967,3,0.02994178,42946.48236298561,1.9818515,0.0,-67.457880175,0.02994178,310272,191.8,-0.3824586015655916,0.02655118703842163
1904,0.010230454,4,0.03143762,43088.588431835175,1.97083,0.0,-67.053413925,0.03143762,311296,191.05,-0.37647395325289806,0.0486263632774353
1908,0.009432984,4,0.027152546,43232.11574292183,1.9997331,0.0,-72.15807720000001,0.027152546,312320,203.25,-0.37337460450289806,-0.12477672100067139
1912,0.009165259,4,0.03320983,43372.65251779556,1.9924738,0.0,-71.8409191,0.03320983,313344,203.675,-0.3683927746170196,-0.028815627098083496
1915,0.010795186,3,0.028782701,43514.71799325943,1.9784925,0.0,-74.166628025,0.028782701,314368,210.9,-0.3654591785835242,-0.05019688606262207
1922,0.011370994,7,0.0334644,43656.42807364464,1.9533299,0.0,-70.95465605,0.0334644,315392,201.75,-0.36808732151853363,-0.050063371658325195
1926,0.010797982,4,0.027241431,43800.62634849548,1.9618293,0.0,-71.5400906,0.027241431,316416,204.225,-0.3680535706625038,0.001575469970703125
1930,0.010649499,4,0.027047563,43940.55985927582,1.9398736,0.0,-78.0708807,0.027047563,317440,223.325,-0.3601079516132198,-0.04911398887634277
1936,0.008920274,6,0.029730722,44082.65952682495,1.937975,0.0,-80.015345225,0.029730722,318464,232.475,-0.3547570206064571,-0.026881814002990723
1940,0.01021513,4,0.026635405,44223.74633598328,1.9752028,0.0,-79.212353225,0.026635405,319488,231.575,-0.3552551438623876,0.0067948102951049805
1943,0.012528255,3,0.030184384,44368.07025384903,1.9734076,0.0,-82.36713815,0.030184384,320512,238.125,-0.3615915489544929,0.03745007514953613
1948,0.0096527245,5,0.027731184,44510.613258600235,2.001343,0.0,-78.5855209,0.027731184,321536,227.45,-0.36380861124718944,-0.03960919380187988
1955,0.0090361,7,0.045787994,44650.12891936302,2.0160315,0.0,-74.40716685,0.045787994,322560,208.125,-0.3796226090788147,0.0042212605476379395
1959,0.009170204,4,0.021087453,44792.49633550644,2.05999,0.0,-98.081230825,0.021087453,323584,212.875,-0.4690597298131058,-0.01673722267150879
1963,0.010434238,4,0.033722855,44936.55352973938,2.0725806,0.0,-102.087275125,0.033722855,324608,224.425,-0.4678137650620622,-0.08440470695495605
1968,0.0100107705,5,0.030540545,45082.88425397873,2.0791273,0.0,-102.4013864,0.030540545,325632,226.0,-0.4716994565238471,-0.6289682388305664
1972,0.008932816,4,0.024487909,45224.55385661125,2.086817,0.0,-99.401762775,0.024487909,326656,215.125,-0.4776854715076796,-0.2416245937347412
1976,0.009786791,4,0.04317213,45365.27280712128,2.0963862,0.0,-105.60229707499998,0.04317213,327680,228.7,-0.47910753874252804,0.0038462281227111816
1979,0.013171438,3,0.041406743,45517.680669784546,2.1051197,0.0,-129.604982525,0.041406743,328704,234.575,-0.550306249986065,0.00034946203231811523
1985,0.009649365,6,0.043570053,45660.75284290314,2.1028214,0.0,-124.37621009999998,0.043570053,329728,221.525,-0.5515211230653275,0.023752570152282715
1989,0.008359433,4,0.025511684,45805.25784659386,2.1022053,0.0,-130.92294750000002,0.025511684,330752,226.65,-0.565000481811424,0.022232770919799805
1993,0.010961858,4,0.028423995,45945.8180372715,2.077596,0.0,-129.81902722499999,0.028423995,331776,228.175,-0.5592550275490886,-0.2628142833709717
1998,0.0074458965,5,0.027570205,46092.664956092834,2.0897353,0.0,-113.056354325,0.027570205,332800,241.25,-0.46335261175836545,0.10602593421936035
2002,0.008233689,4,0.027793497,46242.99413394928,2.1206362,0.0,-114.23120395000001,0.027793497,333824,236.325,-0.491109204751893,0.06340491771697998
2005,0.009455262,3,0.023969471,46387.86348485947,2.136091,0.0,-120.49669417499999,0.023969471,334848,243.0,-0.5008286886306809,0.06480002403259277
2013,0.008537742,8,0.03051023,46530.05861568451,2.14223,0.0,-114.29424557500002,0.03051023,335872,227.625,-0.49368621753345937,-11.977775573730469
2018,0.010832441,5,0.026947413,46674.534345149994,2.1430738,0.0,-86.620857575,0.026947413,336896,215.475,-0.40988353601345207,-0.005000948905944824
2023,0.014836308,5,0.039749052,46815.35775113106,2.1636984,0.0,-86.34348665,0.039749052,337920,215.175,-0.4075019515413604,-2.376621723175049
2027,0.010598228,4,0.028949756,46957.74904847145,2.1840706,0.0,-83.75497477500001,0.028949756,338944,220.475,-0.3926950925830271,-0.100868821144104
2030,0.010684853,3,0.0309295,47103.67618870735,2.1762264,0.0,-84.7368435,0.0309295,339968,223.4,-0.3904211279347871,-0.3412160873413086
2036,0.009800778,6,0.02530006,47245.743876218796,2.173002,0.0,-81.79680264999999,0.02530006,340992,214.85,-0.39129126715687756,-0.10934650897979736
2040,0.009098615,4,0.010306541,47388.011434555054,2.1895998,0.0,-85.07234697499999,0.010306541,342016,214.85,-0.4022097482402109,0.04171168804168701
2044,0.010118471,4,0.02187904,47529.0993103981,2.1831408,0.0,-81.967551225,0.02187904,343040,213.025,-0.37361348799668337,-0.8661961555480957
2049,0.009529388,5,0.033984654,47672.06157326698,2.1876695,0.0,-76.066654075,0.033984654,344064,208.975,-0.3589649450120483,-0.23568856716156006
2056,0.012194747,7,0.030014522,47814.36836242676,2.1876667,0.0,-80.248074825,0.030014522,345088,219.65,-0.3698419618196187,0.27916592359542847
2061,0.010326209,5,0.040368367,47958.76429796219,2.1831923,0.0,-78.827415025,0.040368367,346112,216.275,-0.3709139129915865,0.023524105548858643
2066,0.010233923,5,0.03508317,48103.320048093796,2.1940928,0.0,-75.34969447499999,0.03508317,347136,207.375,-0.36787392857491985,0.013833165168762207
2070,0.007134687,4,0.021164127,48246.716985464096,2.226515,0.0,-79.25148275,0.021164127,348160,209.75,-0.37845165561188515,0.2382374405860901
2076,0.01069014,6,0.029245954,48386.62830519676,2.227604,0.0,-84.86890580000001,0.029245954,349184,205.625,-0.3994047852254073,0.01648813486099243
2080,0.0102206655,4,0.023064923,48527.19626331329,2.2203848,0.0,-79.84237722499999,0.023064923,350208,205.625,-0.38264968997540727,-0.8962568044662476
2085,0.012777971,5,0.041414924,48670.492951869965,2.2194214,0.0,-77.478980925,0.041414924,351232,197.45,-0.3903880164961045,-0.5776556730270386
2091,0.011053846,6,0.01701023,48819.60049414635,2.2373629,0.0,-94.48146670000001,0.01701023,352256,197.475,-0.506295362000746,0.14748823642730713
2095,0.010126457,4,0.029701613,48963.3668384552,2.2357292,0.0,-101.602629525,0.029701613,353280,207.375,-0.5171725403114358,-1.362191915512085
2100,0.01118077,5,0.0210575,49104.707241773605,2.2205007,0.0,-101.59304695,0.0210575,354304,208.575,-0.5079301813451002,0.1462724804878235
2104,0.00869479,4,0.032710407,49248.84497380257,2.2133205,0.0,-122.36426455,0.032710407,355328,207.125,-0.5853892964665389,0.013982236385345459
2110,0.014966835,6,0.06733404,49395.93802642822,2.2190647,0.0,-121.9524135,0.06733404,356352,206.25,-0.5876699533620513,0.3672126531600952
2115,0.010532664,5,0.0407458,49538.45219492912,2.2222521,0.0,-117.188078475,0.0407458,357376,209.05,-0.578402196922454,-1.4048538208007812
2121,0.0105655985,6,0.026482226,49680.17592906952,2.2189133,0.0,-117.582811175,0.026482226,358400,194.625,-0.5976257501107808,0.008416354656219482
2126,0.012680175,5,0.045336023,49822.08273911476,2.234421,0.0,-122.52723389999998,0.045336023,359424,199.1,-0.6047938824046305,0.02521514892578125
2130,0.0109464675,4,0.027946452,49961.65703582764,2.253891,0.0,-108.47803402499999,0.027946452,360448,207.65,-0.486401834615083,-0.6702693700790405
2134,0.009128319,4,0.02062737,50102.91277885437,2.263112,0.0,-108.4013987,0.02062737,361472,213.525,-0.48014718489458075,-0.7940434217453003
2139,0.010751229,5,0.026797831,50248.22640967369,2.2656431,0.0,-104.05735175,0.026797831,362496,209.0,-0.4731640792137508,-0.015603423118591309
2143,0.010257674,4,0.030383795,50392.16286444664,2.2859752,0.0,-85.7940614,0.030383795,363520,213.725,-0.40478565012530954,0.024510979652404785
2147,0.011302047,4,0.013847586,50538.02796316147,2.247276,0.0,-85.999304525,0.013847586,364544,214.2,-0.4055825771462637,0.018448352813720703
2152,0.0086156055,5,0.024287121,50679.37702059746,2.237448,0.0,-85.51120712500001,0.024287121,365568,214.5,-0.4029543557743612,-0.15992486476898193
2158,0.008953834,6,0.029149968,50822.69769382477,2.2414837,0.0,-84.47034025,0.029149968,366592,217.425,-0.39017866578256555,-0.04387819766998291
2164,0.010119803,6,0.015559696,50967.6305475235,2.265764,0.0,-86.970377775,0.015559696,367616,215.225,-0.40326843306262194,0.054643988609313965
2167,0.0142734,3,0.03583644,51110.983000040054,2.275834,0.0,-87.643928625,0.03583644,368640,220.675,-0.4003149065728138,0.26852554082870483
2171,0.009020408,4,0.022511449,51253.76610159874,2.2985976,0.0,-88.526177975,0.022511449,369664,220.25,-0.4037843915970649,-0.3819131851196289
2176,0.011149004,5,0.024418507,51399.10456037521,2.326063,0.0,-88.81329845,0.024418507,370688,216.55,-0.40979818564013615,-0.1602497100830078
2184,0.009675851,8,0.03239619,51540.12447476387,2.3232272,0.0,-82.373811275,0.03239619,371712,197.95,-0.4161209203810892,-0.006090283393859863
2189,0.013988041,5,0.03397288,51683.98460650444,2.3129377,0.0,-77.34824375,0.03397288,372736,190.15,-0.4152681862287323,0.025077342987060547
2195,0.009760297,6,0.025638938,51827.29872560501,2.3190775,0.0,-79.360249225,0.025638938,373760,197.35,-0.4089378315581369,0.045708298683166504
2200,0.009623088,5,0.029575028,51969.29706811905,2.2909126,0.0,-79.153983275,0.029575028,374784,196.7,-0.40530397361099235,-0.04453098773956299
2204,0.008761756,4,0.02347481,52112.1905734539,2.2498114,0.0,-73.954891425,0.02347481,375808,203.375,-0.3785333586359725,0.04408234357833862
2208,0.009120028,4,0.03560312,52255.359000205994,2.283333,0.0,-70.379173025,0.03560312,376832,197.45,-0.37409455909326034,0.06300091743469238
2213,0.01440439,5,0.035555236,52398.144288778305,2.2821848,0.0,-67.081045125,0.035555236,377856,190.175,-0.3698148617606905,0.12482702732086182
2218,0.008299036,5,0.05969014,52542.448014736176,2.2954302,0.0,-68.6582157,0.05969014,378880,198.35,-0.35978945040851346,-0.2953183650970459
2222,0.010158596,4,0.022209048,52686.99782991409,2.269426,0.0,-71.331989025,0.022209048,379904,211.275,-0.3495682220156329,-0.2619340419769287
2229,0.009563448,7,0.03185366,52835.78362894058,2.2792692,0.0,-70.022075425,0.03185366,380928,208.225,-0.34173946525008325,-0.27871084213256836
2234,0.010753334,5,0.035576057,52977.60318565369,2.2614136,0.0,-69.33580745,0.035576057,381952,207.625,-0.3402469783704536,-0.03288459777832031
2238,0.010833311,4,0.030895121,53123.47808146477,2.228092,0.0,-73.075923975,0.030895121,382976,220.65,-0.3387231168967846,-0.007180452346801758
2242,0.009675523,4,0.03657513,53268.05752277374,2.2241075,0.0,-73.18194015,0.03657513,384000,219.75,-0.3427208927224755,0.012333214282989502
2247,0.010254725,5,0.028152473,53411.89498615265,2.2144625,0.0,-68.71970925000001,0.028152473,385024,214.35,-0.3335102829634939,-0.019735097885131836
2251,0.009650223,4,0.026896648,53552.46357059479,2.2080877,0.0,-66.83744342499999,0.026896648,386048,211.625,-0.33254671587230106,-0.018157482147216797
2255,0.010702218,4,0.031483844,53693.54747724533,2.2044306,0.0,-66.72008075,0.031483844,387072,215.35,-0.331704006665793,0.0012203454971313477
2259,0.014052819,4,0.08620302,53838.6271481514,2.1971855,0.0,-70.35892774999999,0.08620302,388096,225.225,-0.3357010023815784,-0.34774351119995117
2263,0.009617703,4,0.026641382,53983.0282227993,2.2061434,0.0,-69.37439745,0.026641382,389120,223.85,-0.3375773581532512,0.0042157769203186035
2269,0.009442041,6,0.02212321,54131.64804172516,2.2572536,0.0,-70.491211375,0.02212321,390144,229.05,-0.33849856973095643,-0.015248775482177734
2273,0.010555915,4,0.02810692,54274.82464361191,2.2871115,0.0,-71.89887242500001,0.02810692,391168,240.05,-0.32898964669900616,0.008012652397155762
2276,0.011124332,3,0.031215502,54416.87862801552,2.2695062,0.0,-71.6636456,0.031215502,392192,243.9,-0.3241486478222938,-0.001141667366027832
2281,0.011274543,5,0.024438716,54562.691851615906,2.2681885,0.0,-69.07998615,0.024438716,393216,238.125,-0.3226951572087029,0.02035200595855713
2284,0.010462058,3,0.027132526,54708.61426949501,2.2891808,0.0,-69.283832875,0.027132526,394240,243.325,-0.3156256850456594,-0.0024499893188476562
2290,0.010598288,6,0.030065022,54851.08116388321,2.295017,0.0,-68.60575867499999,0.030065022,395264,241.825,-0.322068083885957,-0.03973209857940674
2294,0.008104682,4,0.033468198,54996.24502158165,2.2785559,0.0,-67.347040225,0.033468198,396288,235.1,-0.3298350930445591,-0.025851011276245117
2297,0.010975073,3,0.035998903,55138.56609416008,2.284632,0.0,-67.059478725,0.035998903,397312,241.75,-0.31709924172102977,-0.009769678115844727
2301,0.011058102,4,0.036567774,55281.680718660355,2.2785456,0.0,-68.18124264999999,0.036567774,398336,243.925,-0.31586693369106544,-0.007374882698059082
2305,0.0121795535,4,0.026659839,55427.39477086067,2.3148305,0.0,-69.74111654999999,0.026659839,399360,250.375,-0.3095531763339226,-0.0002727508544921875
2308,0.010304386,3,0.035399742,55576.08540058136,2.3233778,0.0,-70.352298725,0.035399742,400384,256.875,-0.30036629791725594,0.0043451786041259766
2312,0.010957533,4,0.025042787,55714.605800151825,2.3122556,0.0,-72.357710125,0.025042787,401408,262.825,-0.29907604825686623,-0.007142782211303711
2315,0.011053583,3,0.030323498,55857.72603058815,2.3261049,0.0,-71.89229445,0.030323498,402432,262.825,-0.2975246626735329,-0.01559758186340332
2318,0.012502475,3,0.041314997,56000.974049568176,2.3223362,0.0,-71.706169725,0.041314997,403456,262.825,-0.2969042469235329,-0.003384113311767578
2324,0.010033608,6,0.029137744,56144.16860461235,2.3184671,0.0,-71.30915654999998,0.029137744,404480,262.3,-0.2998074094313873,0.010852575302124023
2327,0.008770475,3,0.02625937,56285.34823226929,2.3386614,0.0,-71.4173309,0.02625937,405504,268.825,-0.2879852551172847,0.03139883279800415
2330,0.013938505,3,0.026545443,56430.02790546417,2.3306541,0.0,-70.848048725,0.026545443,406528,275.75,-0.27557095446511076,0.015101969242095947
2334,0.011188592,4,0.03388349,56573.74036002159,2.2887633,0.0,-71.304308875,0.03388349,407552,282.475,-0.26512908430650867,-0.011059999465942383
2338,0.010730522,4,0.019531015,56717.84160089493,2.208576,0.0,-69.63786797499999,0.019531015,408576,278.125,-0.2647937245525404,-0.006401658058166504
2342,0.009952575,4,0.033401817,56862.67019557953,2.1957045,0.0,-68.712156225,0.033401817,409600,278.175,-0.2600654329835457,-0.0010715723037719727
2348,0.008573553,6,0.012563998,57004.39372634888,2.1762571,0.0,-63.225508175,0.012563998,410624,257.675,-0.2687626079247268,-0.2587772607803345
2351,0.01073299,3,0.037137203,57144.52108287811,2.1569998,0.0,-62.47048465,0.037137203,411648,257.675,-0.2662458628413934,-0.002743244171142578
2355,0.009468803,4,0.028311461,57284.69423556328,2.1737807,0.0,-61.95262807499999,0.028311461,412672,257.675,-0.2645196742580601,-0.006097316741943359
2358,0.010114938,3,0.032982364,57428.318242788315,2.2039049,0.0,-61.9404946,0.032982364,413696,257.675,-0.26447922934139345,-0.013427734375
2362,0.010112113,4,0.047624566,57574.82520246506,2.1973803,0.0,-61.57651109999999,0.047624566,414720,258.55,-0.2602113223082013,0.005246579647064209
2367,0.009602264,5,0.02535298,57721.89031982422,2.2591856,0.0,-61.447167475,0.02535298,415744,257.55,-0.2623297572047177,0.004539549350738525
2370,0.00998758,3,0.02835542,57866.24900364876,2.3123245,0.0,-62.078943025,0.02835542,416768,257.55,-0.26443567570471765,-1.895427703857422e-05
2374,0.010338685,4,0.030475937,58012.08558130264,2.256957,0.0,-61.441437275,0.030475937,417792,252.5,-0.26749785644961566,-0.011475920677185059
2378,0.010347664,4,0.025676578,58160.21489906311,2.2138464,0.0,-62.18162112499999,0.025676578,418816,256.85,-0.2647456927035839,-0.015251398086547852
2382,0.010176342,4,0.028365724,58305.72826886177,2.230567,0.0,-61.15000765,0.028365724,419840,251.975,-0.26951156637331514,-0.00012373924255371094
2388,0.009547943,6,0.03196486,58450.5511071682,2.2847977,0.0,-61.475593700000005,0.03196486,420864,256.325,-0.2624751680760734,-0.0006110668182373047
2391,0.010012557,3,0.032909654,58592.401463747025,2.2664397,0.0,-60.509541074999994,0.032909654,421888,256.325,-0.2592549926594067,-0.017009496688842773
2395,0.0098532,4,0.04276854,58738.17620444298,2.2787447,0.0,-60.90521195,0.04276854,422912,256.325,-0.26057389557607336,0.00357818603515625
2399,0.009609766,4,0.03199663,58888.00587892532,2.2888544,0.0,-59.5323332,0.03199663,423936,250.175,-0.26576003336311044,0.009525120258331299
2402,0.010143679,3,0.03012282,59037.17767906189,2.2778642,0.0,-60.17036577500001,0.03012282,424960,256.2,-0.2582649595213026,0.041146159172058105
2408,0.010838253,6,0.03265989,59180.22536826134,2.2576067,0.0,-58.811373475,0.03265989,425984,245.7,-0.26726622691783813,-0.001774907112121582
2412,0.009688121,4,0.03824448,59324.51492023468,2.2922316,0.0,-59.41291675,0.03824448,427008,250.75,-0.2640841712562735,-0.025983214378356934
2416,0.009929411,4,0.0349321,59486.86016821861,2.3351882,0.0,-57.685262449999996,0.0349321,428032,244.75,-0.2634917222562735,0.00010257959365844727
2420,0.01000767,4,0.02479501,59633.65232872963,2.3114316,0.0,-56.34007885,0.02479501,429056,240.625,-0.26305454563590314,-0.006060600280761719
2423,0.010011012,3,0.02077216,59777.62516927719,2.3555708,0.0,-57.428075250000006,0.02077216,430080,250.65,-0.2528946949590797,-0.02765071392059326
2427,0.009560903,4,0.026556589,59918.66942477226,2.3663414,0.0,-59.5396426,0.026556589,431104,266.8,-0.2410689361484736,-0.023740172386169434
2431,0.009946974,4,0.03178341,60061.42424201965,2.3587515,0.0,-59.1387334,0.03178341,432128,260.025,-0.2501082268869793,0.007807135581970215
2435,0.010109623,4,0.031724356,60204.26243972778,2.3921938,0.0,-57.04142275,0.031724356,433152,254.875,-0.24877266169549,0.021212339401245117
2439,0.010834221,4,0.029593024,60350.113921165466,2.3747692,0.0,-56.318436225000006,0.029593024,434176,254.1,-0.2471778202961341,-1.3228065967559814
2443,0.010479548,4,0.024293799,60494.99183320999,2.31205,0.0,-56.33813632500001,0.024293799,435200,254.1,-0.24724348729613413,0.012788832187652588
2446,0.011006538,3,0.03004358,60635.802896261215,2.321974,0.0,-57.4703309,0.03004358,436224,265.3,-0.2358757247497732,-0.004786491394042969
2452,0.009492451,6,0.029588304,60778.7977039814,2.3647954,0.0,-54.3749182,0.029588304,437248,253.1,-0.24300999834222986,-0.03144514560699463
2457,0.010786242,5,0.026878215,60923.74080038071,2.3453124,0.0,-53.41581062499999,0.026878215,438272,248.075,-0.2501729909967408,0.004900038242340088
2462,0.010167531,5,0.033558756,61071.49890470505,2.3105028,0.0,-52.739531175,0.033558756,439296,241.825,-0.2565323307253733,-0.009678006172180176
2466,0.0117493505,4,0.027755134,61219.304955005646,2.2848816,0.0,-52.263618675,0.027755134,440320,237.1,-0.26045254294834624,-0.011048078536987305
2469,0.01003865,3,0.028138366,61363.23720788956,2.2594268,0.0,-53.60768559999999,0.028138366,441344,243.875,-0.2545571112931738,-0.009793758392333984
2472,0.0093232,3,0.034921546,61503.43047118187,2.31561,0.0,-52.392957724999995,0.034921546,442368,243.875,-0.25050801837650716,0.01009821891784668
2476,0.011045468,4,0.022231787,61646.80785059929,2.2687435,0.0,-52.596703000000005,0.022231787,443392,249.025,-0.24553169898466315,-0.0023370981216430664
2482,0.008327165,6,0.027486237,61790.21128487587,2.284088,0.0,-50.433660875,0.027486237,444416,236.05,-0.25813676211069053,0.013964295387268066
2485,0.009446863,3,0.037037246,61933.767149448395,2.3003082,0.0,-50.930892975,0.037037246,445440,236.05,-0.2597942024440239,-0.021897196769714355
2489,0.009938782,4,0.022644218,62076.87654066086,2.3207464,0.0,-51.789644599999995,0.022644218,446464,242.975,-0.25188680634982097,-0.0302884578704834
2493,0.008670429,4,0.023802422,62217.56610941887,2.3567371,0.0,-52.378908475,0.023802422,447488,247.6,-0.24860084077723235,-0.008973836898803711
2498,0.008931534,5,0.028355006,62359.835668087006,2.3732011,0.0,-52.54228189999999,0.028355006,448512,248.05,-0.24706849186707167,-0.008143424987792969
2502,0.010730994,4,0.030892335,62504.30230975151,2.3571856,0.0,-54.060977750000006,0.030892335,449536,253.925,-0.24445112796714286,0.008631229400634766
2506,0.008675597,4,0.021659322,62647.256806612015,2.395939,0.0,-53.990058075,0.021659322,450560,252.875,-0.24748742153402495,-0.006403088569641113
2509,0.010099341,3,0.03137379,62788.714663505554,2.3599317,0.0,-53.41403067500001,0.03137379,451584,252.875,-0.24556733020069163,-0.01481616497039795
2514,0.0089594945,5,0.031475678,62930.3786919117,2.3299198,0.0,-53.8833253,0.031475678,452608,247.15,-0.2542984973497527,0.00044292211532592773
2517,0.010935486,3,0.026323553,63076.73683714867,2.2872603,0.0,-54.5323552,0.026323553,453632,247.15,-0.25646193034975273,0.008386194705963135
2520,0.0110207135,3,0.026183339,63219.56036043167,2.254778,0.0,-55.22864595,0.026183339,454656,253.825,-0.24899782013763144,0.0010280609130859375
2525,0.010658293,5,0.0255334,63370.21404623985,2.258645,0.0,-55.724072625000005,0.0255334,455680,260.45,-0.2401939515860442,-0.014034867286682129
2529,0.010577699,4,0.02762112,63520.42466855049,2.2295847,0.0,-55.449871775,0.02762112,456704,253.8,-0.24931185514976964,0.0008990168571472168
2532,0.009846474,3,0.035025835,63668.17532944679,2.2032092,0.0,-56.758669725000004,0.035025835,457728,260.175,-0.2437561303719919,-0.0043184757232666016
2536,0.00949722,4,0.031003676,63811.52799773216,2.2374327,0.0,-57.915334125,0.031003676,458752,266.2,-0.2394616574680371,-0.0188753604888916
2539,0.010573829,3,0.026869725,63957.52862548828,2.1955245,0.0,-58.457762675000005,0.026869725,459776,270.75,-0.2359702839609749,0.0028171539306640625
2543,0.010277501,4,0.0362566,64102.43868517876,2.1924083,0.0,-58.6613278,0.0362566,460800,275.25,-0.23166814450264162,0.006280124187469482
2548,0.009570488,5,0.029951874,64245.99862456322,2.1995394,0.0,-58.15552319999999,0.029951874,461824,268.0,-0.24337775927663063,-0.0006300210952758789
2552,0.010022122,4,0.025955569,64389.275826931,2.179327,0.0,-57.365282275000006,0.025955569,462848,261.225,-0.25415504529674554,-0.008866548538208008
2556,0.010300968,4,0.028007284,64537.39649438858,2.1315005,0.0,-58.6226546,0.028007284,463872,266.95,-0.25117943464768455,0.0029335618019104004
2561,0.010638639,5,0.042884577,64681.24795079231,2.1278448,0.0,-56.66977824999999,0.042884577,464896,254.9,-0.2644953884235061,0.0046784281730651855
2565,0.010180097,4,0.032908104,64825.702013731,2.1796553,0.0,-58.229776625,0.032908104,465920,255.9,-0.26581561532262893,-0.0009189844131469727
2570,0.009413368,5,0.027806975,64971.45550274849,2.182514,0.0,-57.39551442500001,0.027806975,466944,251.725,-0.2651701768547152,0.004021704196929932
2574,0.0091118375,4,0.01946792,65123.01194739342,2.258949,0.0,-55.491986125,0.01946792,467968,241.8,-0.2694562543337917,-0.0018650293350219727
2578,0.010123319,4,0.0289706,65268.927834033966,2.2410433,0.0,-54.76633315,0.0289706,468992,241.8,-0.26703741108379175,5.7578086853027344e-05
2583,0.011798446,5,0.022711858,65414.196348428726,2.2005837,0.0,-52.7409976,0.022711858,470016,230.575,-0.2737224203925349,0.0006107091903686523
2586,0.011233266,3,0.041510474,65562.2620818615,2.221821,0.0,-54.448692675000004,0.041510474,471040,243.6,-0.2572398274953575,-0.0026510953903198242
2590,0.009752721,4,0.032209076,65711.1140332222,2.2367,0.0,-55.281948375,0.032209076,472064,250.375,-0.2466059240585759,0.02294105291366577
2595,0.009366846,5,0.02349396,65855.64415335655,2.2372427,0.0,-53.235456324999994,0.02349396,473088,237.45,-0.26068167793818214,0.006540417671203613
2598,0.011687454,3,0.032616004,66010.22402071953,2.22271,0.0,-54.204411449999995,0.032616004,474112,243.775,-0.2534700707715155,-0.011044740676879883
2602,0.010585385,4,0.02541788,66157.11116695404,2.2032907,0.0,-54.93369062499998,0.02541788,475136,249.5,-0.2465169173290272,-1.2155866622924805
2605,0.009328138,3,0.029577233,66301.88246536255,2.246646,0.0,-55.37853335,0.029577233,476160,255.1,-0.24172714676323773,0.00680464506149292
2608,0.011854627,3,0.021032935,66443.60819005966,2.221121,0.0,-55.97387345,0.021032935,477184,260.5,-0.23712020404895204,-0.0057408809661865234
2614,0.010333795,6,0.033575192,66591.60685920715,2.2411435,0.0,-55.60292979999999,0.033575192,478208,262.55,-0.24041403822622823,-0.026270389556884766
2618,0.010233926,4,0.030462971,66742.7334766388,2.2037725,0.0,-54.937232675,0.030462971,479232,257.2,-0.2451228768599492,0.00890505313873291
2622,0.010434613,4,0.026682898,66889.25857543945,2.2042532,0.0,-55.58002852499999,0.026682898,480256,263.675,-0.23839216408150904,-0.00405573844909668
2625,0.010066855,3,0.030336343,67038.56743431091,2.143885,0.0,-56.37575622500001,0.030336343,481280,263.675,-0.24104458974817566,-0.0024400949478149414
2629,0.009929066,4,0.036148056,67182.01890826225,2.1678545,0.0,-55.42889265,0.036148056,482304,263.675,-0.237888377831509,-0.009555220603942871
2633,0.010991203,4,0.02800712,67323.7380452156,2.1506274,0.0,-54.38774424999999,0.02800712,483328,259.8,-0.23492539428732923,-0.0053942203521728516
2637,0.010153995,4,0.035851397,67468.67465281487,2.1257608,0.0,-55.06734265,0.035851397,484352,266.0,-0.2281049557360472,-0.01175069808959961
2641,0.010753937,4,0.03238169,67627.02514839172,2.116192,0.0,-53.20564047500001,0.03238169,485376,259.5,-0.23084404231938055,-0.0003224611282348633
2645,0.0106892865,4,0.03330142,67783.85393953323,2.0836947,0.0,-51.775458400000005,0.03330142,486400,253.2,-0.23535394311104718,0.00011545419692993164
2649,0.010481654,4,0.026343135,67937.27650380135,2.0196044,0.0,-51.133650075,0.026343135,487424,253.2,-0.23321458202771383,0.02362358570098877
2652,0.0103935255,3,0.026424382,68092.3848259449,1.9698915,0.0,-53.37411959999999,0.026424382,488448,266.5,-0.2199453967398351,-0.0009071826934814453
2656,0.009153341,4,0.037644994,68243.40343213081,1.9929217,0.0,-53.569907224999994,0.037644994,489472,260.125,-0.2300413091842795,0.017045676708221436
2662,0.009883428,6,0.034320712,68393.34041237831,2.030043,0.0,-51.540571025000006,0.034320712,490496,251.625,-0.23770975466269909,0.015381217002868652
2667,0.009557153,5,0.025393972,68535.35646080971,2.009291,0.0,-49.628721725,0.025393972,491520,243.425,-0.24059523037169334,-0.0037893056869506836
2672,0.011028761,5,0.040936835,68680.35872507095,2.0065222,0.0,-49.445327275,0.040936835,492544,236.675,-0.253125731356469,0.003856658935546875
2676,0.010316232,4,0.035824016,68828.39458656311,2.0132399,0.0,-49.17707717500001,0.035824016,493568,232.8,-0.2561251947197025,0.009237945079803467
2680,0.009773148,4,0.025800772,68977.74485731125,2.032958,0.0,-49.853068975,0.025800772,494592,239.3,-0.24943374021970252,0.043228745460510254
2684,0.011394156,4,0.030503416,69130.20788764954,1.9968634,0.0,-51.112375325,0.030503416,495616,240.65,-0.2499184894721535,0.006362259387969971
2688,0.009595001,4,0.033326466,69284.21826219559,2.05465,0.0,-51.016735475000004,0.033326466,496640,235.3,-0.2556608895264171,0.0031948089599609375
2691,0.010421634,3,0.035488065,69436.37479543686,2.0664937,0.0,-50.37199875,0.035488065,497664,235.3,-0.25351176710975043,0.028516709804534912
2696,0.012450203,5,0.037295032,69586.5815615654,2.068289,0.0,-49.021246774999994,0.037295032,498688,234.925,-0.24929127149863933,0.01197671890258789
2701,0.010168507,5,0.034735367,69741.79382252693,2.0448256,0.0,-49.740990825,0.034735367,499712,236.5,-0.24726900272337327,-0.006833076477050781
2704,0.010668153,3,0.024003193,69894.78200745583,1.9943049,0.0,-50.422726675,0.024003193,500736,246.85,-0.23544820289458226,-0.002893686294555664
