#{"t_start": 1565715924.6485717, "env_id": "highway-continuous-v0"}
r,l,t
-637.677929,143,5.80658
-649.648156,50,7.026097
-637.412461,17,7.45476
-642.448426,25,8.067654
-646.073985,16,8.464787
-657.933997,25,9.088154
-666.941979,29,9.799554
-647.911467,36,10.687917
-644.140695,18,11.142479
-647.298917,17,11.587137
-649.084925,28,12.301992
-639.051882,35,13.344348
-644.476129,26,14.014637
-611.769716,32,14.848353
-639.865733,41,15.838405
-609.666348,32,16.647014
-640.792588,34,17.517429
-687.165757,30,18.279546
-710.671188,31,19.047745
-648.803805,19,19.547718
-628.396501,38,20.510062
-639.21599,17,20.924201
-634.887052,32,21.702252
-635.038684,23,22.280212
-646.051383,16,22.690421
-636.98345,26,23.342762
-649.564908,19,23.820154
-646.422938,41,24.850879
-639.12648,18,25.3139
-643.623631,28,26.012894
-655.341232,80,28.061785
-639.288003,23,28.64724
-626.162583,65,30.289065
-644.431955,22,30.844547
-611.615339,38,31.802358
-668.113141,85,33.929195
-603.782345,25,34.550186
-665.41363,23,35.128582
-654.282179,38,36.081625
-656.416233,52,37.390128
-690.912926,28,38.091972
-611.41127,44,39.170537
-638.568114,37,40.091221
-610.725064,38,41.024464
-647.006141,49,42.263179
-648.830377,40,43.258771
-704.964479,57,44.682435
-636.160131,106,47.328761
-693.121172,121,50.226774
-875.670477,87,52.387192
-612.62843,37,53.318991
-663.816669,23,53.895837
-693.978356,46,55.034941
-610.945125,32,55.834619
-685.806351,46,56.971183
-701.336813,58,58.403019
-859.81811,179,62.902529
-762.503992,254,69.283135
-719.565515,70,71.026611
-621.450705,51,72.29235
-743.38746,53,73.601516
-614.376451,49,74.798067
-735.672407,55,76.166946
-673.070279,65,77.780026
-672.816049,57,79.193105
-716.403937,57,80.629251
-650.362742,43,81.702871
-621.210219,67,83.383062
-693.89577,197,88.268308
-715.704593,79,90.256999
-907.208912,202,95.241333
-660.982488,46,96.377441
-610.33052,34,97.195678
-736.489447,227,102.88197
-628.751241,98,105.29819
-691.47828,75,107.161584
-701.348035,48,108.347786
-698.156575,70,110.060091
-613.821894,60,111.561683
-703.233474,47,112.737694
-678.830044,96,115.071563
-91.843333,300,122.622579
-620.790478,52,123.884583
-606.486055,30,124.633984
-793.467571,126,127.753138
-103.992953,300,135.262466
-610.36287,42,136.281456
-638.678249,112,139.012606
-633.92611,92,141.348807
-671.904516,52,142.652362
-606.997436,28,143.356592
-629.853802,71,145.125216
-674.047767,67,146.799515
-708.701691,71,148.549432
-695.056197,50,149.769762
-664.979714,211,155.128936
-618.119084,46,156.259426
-687.242372,88,158.430494
-614.806052,40,159.429072
-685.453819,29,160.133531
-624.501629,67,161.775948
-719.643472,45,162.946543
-755.465493,135,166.297847
-629.879153,78,168.245856
-688.01814,37,169.154206
-633.753673,112,171.960247
-688.680427,61,173.531935
-683.502449,134,176.795622
-972.941103,66,178.422932
-613.595725,46,179.557004
-690.116121,110,182.32587
-730.105156,147,185.889599
-698.8962,75,187.715172
-694.399529,108,190.364089
-711.273168,79,192.330432
-721.864776,52,193.612245
-735.888093,120,196.526942
-708.346383,41,197.532587
-700.881959,91,199.807921
-638.426445,94,202.133494
-993.057089,132,205.400295
-665.472417,27,206.058704
-626.038448,60,207.569243
-808.493269,221,213.219603
-728.477056,123,216.273956
-740.153206,189,220.92783
-624.136249,69,222.628244
-678.956194,26,223.283274
-705.244139,130,226.463235
-734.873645,51,227.740509
-724.736244,80,229.704964
-618.344944,50,230.951367
-757.089879,47,232.122452
-618.750901,48,233.295967
-718.973469,126,236.460967
-685.892975,58,237.899336
-609.620126,34,238.74088
-682.754635,111,241.477392
-769.168616,51,242.758683
-1221.352238,116,245.590288
-677.619011,87,247.771709
-709.595905,76,249.665855
-674.468464,92,251.962195
-663.073182,46,253.086349
-665.219813,207,258.301838
-881.557313,59,259.736501
-618.142278,52,261.000574
-687.15644,66,262.606373
-649.731963,25,263.230123
-705.611013,121,266.293147
-657.813699,46,267.403078
-612.723208,59,268.872803
-678.901472,37,269.76962
-631.447385,88,271.98391
-618.370264,49,273.188118
-673.494744,82,275.25809
-645.396431,31,276.02852
-651.457685,56,277.407747
-676.906869,132,280.647918
-645.351131,45,281.762567
-634.876707,88,283.972209
-641.514889,125,287.077574
-616.574485,50,288.343063
-838.882203,137,291.673724
-688.221386,56,293.048007
-824.292871,49,294.272382
-641.616447,107,296.98248
-633.551931,107,299.588303
-1120.389962,145,303.224258
-667.61829,49,304.429552
-676.522686,79,306.364477
-853.440736,123,309.336677
-738.488594,148,313.015636
-668.061279,51,314.29594
-106.391557,300,321.724707
-625.223373,77,323.652114
-647.804725,92,325.965843
-1117.499361,142,329.562612
-613.738264,55,330.916965
-755.90096,97,333.310334
-623.51241,31,334.084553
-633.546206,20,334.571729
-625.053877,24,335.141762
-635.626266,14,335.49773
-645.177355,15,335.875196
-672.996536,73,337.651351
-633.511309,27,338.31965
-634.868079,24,338.904855
-672.293754,35,339.777361
-649.53238,34,340.615327
-652.176423,55,341.957007
-670.056429,40,342.947963
-705.588004,53,344.230517
-614.582209,53,345.527787
-719.302596,49,346.723635
-708.330843,48,347.88202
-721.386032,32,348.676657
-634.35551,89,350.852621
-735.569588,57,352.262966
-656.022234,26,352.906046
-673.43393,69,354.589856
-608.826576,35,355.437391
-662.148948,38,356.362522
-639.080631,46,357.462963
-774.433293,125,360.55749
-680.699118,95,362.844573
-660.10251,28,363.527263
-679.154467,90,365.708608
-649.273005,38,366.632053
-675.553895,125,369.697157
-830.527695,44,370.791335
-664.223897,75,372.606253
-654.410619,54,373.918214
-749.989037,61,375.401674
-676.436736,58,376.802794
-711.200236,111,379.469539
-649.445387,35,380.353432
-634.500049,22,380.900857
-658.737924,92,383.182598
-629.011097,31,383.93519
-646.538739,18,384.388104
-636.786674,14,384.746074
-643.924013,30,385.477119
-664.972907,44,386.535859
-681.911968,86,388.722424
-654.320037,38,389.66163
-694.903633,54,390.951802
-665.23016,50,392.191433
-654.75309,47,393.327451
-624.484819,82,395.343043
-625.686417,41,396.354005
-652.663422,62,397.84153
-628.715412,71,399.585465
-692.169683,117,402.490196
-632.041452,27,403.136715
-672.019885,43,404.19132
-630.4641,20,404.68117
-679.084358,109,407.350752
-669.253797,86,409.480191
-624.357491,23,410.054814
-676.276972,44,411.134186
-655.357319,39,412.10609
-624.701811,25,412.702149
-650.076409,22,413.23547
-677.361673,33,414.04651
-629.384535,24,414.63544
-731.789351,90,416.874014
-689.359246,129,419.978986
-748.813778,45,421.089945
-626.105865,91,423.305547
-679.336878,160,427.116698
-777.393402,37,428.006618
-642.496444,70,429.743241
-674.658072,36,430.633151
-684.332916,48,431.801029
-718.817885,61,433.280581
-654.657055,28,433.967553
-655.906681,46,435.093716
-629.406731,23,435.65526
-634.58233,28,436.348687
-623.039042,19,436.811847
-627.629147,24,437.410573
-632.115659,25,438.018363
-691.074482,40,438.993402
-645.930516,35,439.858845
-624.256095,25,440.46989
-634.355506,14,440.814197
-633.267717,20,441.312306
-626.622821,24,441.894721
-623.322488,19,442.366939
-630.157718,19,442.829389
-629.43054,19,443.291987
-646.958905,16,443.693554
-641.90532,26,444.330158
-641.074803,15,444.714899
-640.650545,14,445.061687
-625.56219,24,445.647186
-634.38553,21,446.164383
-662.208513,19,446.627702
-657.994852,17,447.055368
-645.452857,23,447.610537
-626.156119,30,448.356325
-625.40496,24,448.937441
-652.182486,35,449.797606
-639.213049,25,450.405005
-623.567835,19,450.87986
-640.210765,15,451.253539
-636.014079,14,451.607222
-629.277043,24,452.209609
-624.526803,20,452.713115
-631.263584,20,453.215268
-624.630329,24,453.813532
-628.647057,24,454.402021
-635.360469,25,455.020931
-622.8919,23,455.578206
-634.453076,14,455.923186
-625.173245,24,456.498312
-630.21545,20,456.990348
-631.682704,24,457.569664
-635.245755,25,458.182585
-648.250024,15,458.545966
-622.758008,19,459.018503
-638.294446,26,459.648949
-642.167383,21,460.157088
-635.265849,25,460.759204
-657.650721,16,461.148537
-651.494727,16,461.538777
-718.346927,112,464.236392
-153.043579,300,471.555681
-731.23869,144,475.015666
-618.137822,80,476.945657
-608.958087,28,477.62199
-175.55804,300,485.118943
-620.695112,40,486.089323
-723.407232,88,488.225945
-142.42031,300,495.627831
-655.259579,192,500.399732
-613.922786,33,501.214082
-665.607913,212,506.463418
-674.313849,179,510.986828
-623.474516,104,513.522239
-155.946915,300,521.301359
-155.899789,300,528.638119
-633.029343,114,531.435921
-148.662507,300,538.762472
-156.993974,300,546.096325
-637.935637,90,548.248996
-661.285588,139,551.571131
-677.008914,244,557.55898
-94.391547,300,565.089139
-161.226859,300,572.707825
-162.937599,300,580.237417
-133.017454,300,587.956548
-152.582948,300,595.153967
-617.84669,44,596.26347
-612.384521,45,597.376854
-143.809277,300,604.677961
-186.225629,300,612.07499
-613.930283,35,612.928674
-649.612104,99,615.359785
-614.991157,33,616.173027
-189.981802,300,623.496983
-617.578259,47,624.670409
-123.915655,300,632.115269
-147.775209,300,639.421002
-155.967427,300,646.996748
-663.667372,113,649.81855
-400.209494,300,657.419317
-143.440111,300,664.836007
-658.812571,156,668.79134
-154.614358,300,676.504658
-118.381034,300,684.042424
-122.132561,300,691.58719
-162.599463,300,698.926961
-180.620317,300,706.385129
-144.418602,300,713.890469
-616.210105,52,715.155398
-131.735635,300,722.598205
-647.322464,196,727.252961
-135.194986,300,734.662864
-144.4413,300,742.204702
-91.427972,300,749.724585
-100.688175,300,757.266839
-627.623789,73,759.06994
-137.611641,300,766.349014
-671.522871,162,770.370938
-682.515875,257,776.600701
-481.801019,300,784.210438
-143.260649,300,791.712783
-147.881162,300,799.144417
-700.619796,225,804.727331
-143.319964,300,812.374511
-409.087119,300,819.735746
-145.550149,300,827.278271
-126.695919,300,835.041528
-649.138431,85,837.119267
-617.61395,46,838.226386
-149.814508,300,845.699126
-145.209881,300,853.166975
-481.342597,300,860.632974
-137.589089,300,868.011894
-611.730222,29,868.712804
-130.938961,300,876.112831
-146.652535,300,883.483826
-257.997866,300,890.870164
-110.553383,300,898.439674
-154.687133,300,905.840374
-128.253773,300,913.365752
-142.470442,300,920.888457
-765.756211,300,928.540979
-669.425132,144,932.146871
-622.424318,59,933.593017
-938.32994,191,938.316429
-171.490726,300,945.970109
-124.148732,300,953.514843
-133.060388,300,961.168962
-112.569874,300,968.585585
-126.699528,300,976.122475
-118.219706,300,983.569134
-242.444525,300,990.981063
-101.564881,300,998.502467
-299.794856,300,1005.956783
-131.712553,300,1013.39378
-124.468774,300,1020.653817
-661.598637,136,1023.942835
-127.422559,300,1031.381375
-109.80341,300,1038.933793
-658.069569,181,1043.570957
-124.492797,300,1050.617176
-321.635567,300,1058.251731
-627.622532,66,1059.849319
-643.28021,129,1063.040565
-105.447735,300,1070.428669
-113.837884,300,1077.852493
-153.327219,300,1085.317522
-660.723453,131,1088.474249
-114.730448,300,1095.89084
-107.385397,300,1103.541759
-105.035975,300,1110.751842
-100.028305,300,1118.246726
-157.293743,300,1125.709829
-134.746582,300,1133.202788
-1220.609761,300,1140.755082
-623.013398,60,1142.25962
-100.571709,300,1149.886448
-674.957966,180,1154.332788
-156.464986,300,1161.811527
-699.043617,202,1166.969132
-240.397281,300,1174.459916
-619.692492,53,1175.747597
-106.56152,300,1183.268309
-97.877568,300,1190.648413
-74.030478,300,1198.003247
-422.102947,300,1205.299362
-92.432956,300,1212.676166
-119.901029,300,1219.99527
-173.019181,300,1227.361907
-609.189061,47,1228.499435
-578.009052,300,1235.981565
-124.983639,300,1243.543667
-108.03817,300,1251.010833
-102.843604,300,1258.432832
-718.849889,229,1264.162501
-105.396403,300,1271.667915
-610.713892,300,1278.989143
-122.916512,300,1286.902508
-141.630233,300,1294.272774
-170.36638,300,1301.760041
-139.226105,300,1309.159208
-1143.09552,203,1314.263192
-310.325026,300,1321.73705
-618.455044,44,1322.819346
-623.202011,50,1324.055465
-97.002679,300,1331.759573
-120.202786,300,1339.286911
-110.88297,300,1346.980542
-115.433848,300,1354.445575
-102.299562,300,1362.073606
-167.632611,300,1369.679839
-141.814698,300,1377.29349
-248.75346,300,1384.623598
-164.707178,300,1392.092975
-147.615447,300,1399.559668
-365.773256,300,1406.978179
-130.945057,300,1414.386458
-622.344905,46,1415.521711
-153.385197,300,1423.060264
-526.269206,300,1430.700074
-121.740753,300,1438.267165
-116.461196,300,1445.876224
-125.042925,300,1453.458397
-112.271445,300,1460.990349
-138.641765,300,1468.408701
-327.130715,300,1476.236863
-293.821213,300,1483.668446
-133.839202,300,1491.034423
-169.215592,300,1498.32817
-634.735353,86,1500.506619
-152.843386,300,1507.955705
-127.737578,300,1515.546083
-686.773436,231,1521.378677
-118.193904,300,1528.772257
-154.319876,300,1536.370362
-530.585346,300,1544.026701
-126.718292,300,1551.465416
-134.376941,300,1558.927643
-193.761985,300,1566.142396
-199.213487,300,1573.34562
-114.194378,300,1580.5364
-100.670406,300,1587.828967
-134.90609,300,1595.351852
-134.782756,300,1602.950027
-131.330511,300,1610.432805
-638.719876,114,1613.230121
-669.330901,144,1616.794818
-792.220777,241,1622.96459
-135.521165,300,1630.620287
-863.026212,184,1635.153556
-110.745887,300,1642.971753
-129.480012,300,1650.577522
-83.703205,300,1657.988422
-332.130752,300,1665.465175
-611.045701,41,1666.459593
-117.502002,300,1673.898892
-619.933565,40,1674.889972
-279.000906,300,1682.456699
-150.648554,300,1689.913513
-628.765151,105,1692.522418
-827.55815,158,1696.541559
-693.173832,236,1702.432987
-1265.366688,300,1709.744668
-617.23125,44,1710.817191
-1672.727011,218,1716.276374
-485.747554,300,1723.978893
-649.592983,16,1724.363868
-1105.315716,300,1731.600237
-246.723591,300,1739.144286
-1036.211012,300,1746.61014
-227.924902,300,1754.060447
-808.448276,300,1761.59598
-881.85789,50,1762.847723
-220.206092,300,1770.185493
-642.92581,116,1773.056894
-731.225597,300,1780.423959
-296.972735,300,1787.906795
-910.66463,300,1795.43749
-1104.808592,300,1802.836521
-308.021459,300,1810.230317
-315.378837,300,1817.702383
-1412.396506,300,1824.998338
-237.793177,300,1832.452237
-298.636451,300,1839.924557
-122.343633,300,1847.369091
-246.943556,300,1854.887478
-208.460319,300,1862.508879
-147.168297,300,1869.970214
-628.323718,73,1871.799739
-168.597216,300,1879.312753
-119.294202,300,1886.730763
-91.84008,300,1894.272758
-123.733702,300,1901.884398
-107.982216,300,1909.53047
-736.763461,247,1915.870738
-103.500091,300,1923.302758
-105.66051,300,1930.759396
-221.177257,300,1938.077862
-127.213845,300,1945.60539
-123.648904,300,1953.178412
-119.0063,300,1960.790317
-616.202551,46,1961.943961
-151.326442,300,1969.355805
-145.135097,300,1976.930189
-512.13927,300,1984.60842
-104.132886,300,1991.985851
-155.610512,300,1999.376108
-644.759193,109,2002.039439
-127.491056,300,2009.596847
-85.502882,300,2017.091374
-149.205955,300,2024.5981
-173.3728,300,2031.70936
-94.866109,300,2039.250546
-122.330105,300,2047.133564
-113.683587,300,2054.675009
-122.903756,300,2062.233504
-99.583033,300,2069.558659
-99.630444,300,2077.049961
-140.968375,300,2084.718093
-151.82233,300,2091.994865
-104.814153,300,2099.23255
-113.517779,300,2106.511801
-120.766046,300,2113.867303
-104.299089,300,2121.295309
-116.663963,300,2128.780897
-127.175242,300,2136.200541
-85.974023,300,2143.684952
-111.499603,300,2151.213172
-374.727822,300,2158.565277
-96.357983,300,2166.126802
-110.496156,300,2173.646556
-141.516796,300,2181.130524
-83.182291,300,2188.478544
-142.166477,300,2195.988902
-133.990883,300,2203.315686
-139.280596,300,2210.999078
-140.254123,300,2218.435528
-124.912981,300,2225.982391
-123.166167,300,2233.520877
-668.078388,158,2237.4665
-123.914213,300,2245.18351
-106.006988,300,2252.593209
-114.595055,300,2260.182087
-701.849344,211,2265.518008
-96.204342,300,2273.097096
-124.988638,300,2280.068989
-84.212862,300,2287.490983
-130.932987,300,2295.294963
-159.535207,300,2302.960829
-159.279059,300,2310.598178
-611.808369,33,2311.413006
-641.550609,98,2313.83287
-95.463587,300,2321.188028
-281.016634,300,2328.919631
-91.052285,300,2336.314544
-936.067629,300,2343.620771
-142.589346,300,2350.951163
-137.737806,300,2358.220035
-607.132587,33,2359.039314
-139.435714,300,2366.581031
-633.111677,107,2369.269373
-106.418877,300,2376.768918
-190.146065,300,2384.193844
-158.778585,300,2391.448497
-301.801594,300,2398.930665
-164.333646,300,2406.742484
-95.725386,300,2414.244645
-134.896799,300,2422.18141
-115.727737,300,2429.619545
-120.130949,300,2437.041852
-120.184869,300,2444.667214
-167.793381,300,2452.080107
-263.454882,300,2459.601829
-118.15229,300,2467.181777
-245.636515,300,2474.492509
-115.728927,300,2481.940026
-138.272648,300,2489.32462
-203.084429,300,2496.810453
-657.084868,128,2499.959622
-690.435593,257,2506.458327
-618.2751,43,2507.508648
-617.909741,43,2508.577852
-149.485735,300,2516.046834
-207.853165,300,2523.712191
-632.456427,105,2526.300806
-651.304817,204,2531.379544
-133.153108,300,2538.900506
-621.585029,56,2540.264676
-624.205368,61,2541.78999
-865.65495,268,2548.659061
-105.412876,300,2556.10382
-631.203598,68,2557.797718
-120.060775,300,2565.142435
-102.738059,300,2572.774176
-95.277494,300,2580.202061
-626.02895,300,2587.579086
-145.737395,300,2594.908909
-121.513804,300,2602.594987
-96.216807,300,2610.250422
-615.873157,41,2611.216836
-678.246225,258,2617.553177
-144.040532,300,2625.343962
-637.158269,77,2627.238519
-150.12594,300,2634.849488
-126.815041,300,2642.342727
-80.796035,300,2649.940558
-630.600677,84,2652.030628
-629.703205,82,2654.121967
-106.198954,300,2661.937446
-143.809802,300,2669.37197
-630.211392,124,2672.431508
-116.626309,300,2679.942247
-113.069454,300,2687.395129
-1051.808474,165,2691.348269
-633.960049,79,2693.256828
-652.75693,105,2695.872329
-106.215762,300,2703.677207
-655.58728,163,2707.689028
-113.579414,300,2715.249642
-623.629746,72,2717.052933
-646.188365,128,2720.216484
-85.603138,300,2727.720952
-80.886063,300,2735.448071
-87.764111,300,2743.029086
-180.723518,300,2750.60349
-733.665916,201,2755.538063
-706.026382,65,2757.162323
-84.943634,300,2764.710234
-84.42715,300,2772.313134
-105.435205,300,2779.794248
-96.763567,300,2787.212156
-111.804795,300,2794.684167
-106.580032,300,2802.197668
-680.177132,214,2807.551318
-79.284473,300,2815.507377
-84.433327,300,2823.118587
-83.613999,300,2830.551702
-615.100006,61,2832.077538
-115.303574,300,2839.733043
-702.512506,233,2845.506902
-126.704423,300,2853.091245
-114.593068,300,2860.946333
-623.302509,44,2862.02529
-89.61961,300,2869.534089
-119.91937,300,2876.991336
-653.573583,116,2879.986208
-674.404093,200,2885.064471
-108.282435,300,2892.780141
-628.367865,100,2895.174594
-105.296762,300,2902.72542
-118.751914,300,2910.202967
-139.749849,300,2917.757779
-79.34825,300,2925.431674
-121.871441,300,2933.220083
-119.313469,300,2940.508783
-123.150842,300,2948.076159
-158.087561,300,2955.65651
-99.347019,300,2963.237743
-115.570448,300,2970.844401
-648.455782,120,2973.920692
-135.585329,300,2981.440228
-129.093484,300,2989.127011
-85.900777,300,2996.55438
-140.125517,300,3004.089905
-132.860974,300,3011.542469
-614.431134,38,3012.494405
-142.997949,300,3020.197438
-135.401161,300,3027.667504
-139.73774,300,3035.39895
-638.807432,101,3037.947373
-374.553882,300,3045.565089
-289.503278,300,3053.016212
-178.164357,300,3060.584795
-174.127904,300,3068.409644
-174.714389,300,3075.87383
-157.975458,300,3083.340378
-174.66069,300,3090.659583
-155.874663,300,3097.866183
-1011.287214,206,3103.069185
-176.377828,300,3110.769262
-136.754219,300,3118.265866
-615.550028,38,3119.200505
-257.488002,300,3126.474215
-291.915787,300,3133.871344
-173.251991,300,3141.354789
-794.115509,101,3143.794813
-300.025429,300,3151.160107
-865.715142,148,3154.755307
-753.832209,259,3161.27476
-620.986938,49,3162.515863
-674.130858,18,3162.979401
-716.002317,43,3164.135909
-643.790823,22,3164.748133
-692.307931,110,3167.519508
-349.361661,300,3175.225836
-584.174947,300,3182.579629
-128.858711,300,3190.192704
-720.747662,218,3195.568974
-826.18994,55,3196.922146
-167.113544,300,3204.26536
-628.002459,60,3205.73459
-174.125312,300,3213.090578
-925.731345,295,3220.316025
-393.519541,300,3227.812342
-165.092761,300,3235.030264
-164.038914,300,3242.384627
-128.997058,300,3249.858398
-125.812524,300,3257.289442
-631.746341,80,3259.248515
-146.988916,300,3266.732504
-634.587264,92,3268.99102
-107.214475,300,3276.752227
-105.880796,300,3284.26154
-610.962355,27,3284.929116
-112.773039,300,3292.53138
-168.877885,300,3300.305542
-111.690018,300,3307.932094
-516.115135,300,3315.415068
-114.02179,300,3323.133552
-138.457312,300,3330.410788
-679.269976,159,3334.361059
-133.240017,300,3342.088306
-827.56361,124,3345.212948
-520.050908,300,3352.827532
-237.186664,300,3360.397871
-105.560417,300,3367.894573
-150.557175,300,3375.541914
-99.006133,300,3382.737168
-160.051692,300,3390.400418
-307.406055,300,3398.043068
-292.551698,300,3405.582975
-96.987807,300,3412.95955
-713.470808,60,3414.453698
-810.528535,229,3420.144758
-153.593693,300,3427.588935
-153.921245,300,3435.326153
-647.434726,150,3439.055907
-694.887228,177,3443.553977
-694.725128,62,3445.101624
-682.295806,238,3451.026833
-682.902887,168,3455.176253
-126.442881,300,3462.54545
-634.544465,98,3465.006066
-629.325639,70,3466.736562
-142.430068,300,3473.972588
-666.538044,42,3475.010012
-754.905247,104,3477.599268
-662.193547,101,3480.080959
-117.035224,300,3487.535465
-612.929813,30,3488.260855
-706.325802,71,3489.995605
-782.564905,82,3492.037915
-142.755349,300,3499.41118
-392.708541,300,3506.754629
-126.738466,300,3514.244084
-285.514643,300,3521.734134
-127.402349,300,3529.128072
-66.078942,300,3536.444691
-158.983029,300,3544.179831
-692.633275,108,3546.882977
-831.192138,173,3551.176506
-223.654422,300,3558.672555
-96.862514,300,3566.088174
-353.462668,300,3573.731305
-200.903404,300,3581.268995
-196.871825,300,3588.790415
-128.305068,300,3596.152153
-109.751406,300,3603.650792
-643.345736,146,3607.275902
-88.365639,300,3614.845481
-686.559929,294,3622.235988
-134.578125,300,3629.820093
-641.485697,185,3634.529608
-138.856072,300,3641.957162
-119.481934,300,3649.604144
-618.149984,54,3650.919782
-90.415598,300,3658.382489
-104.418689,300,3665.804757
-114.654181,300,3673.097432
-133.819454,300,3680.637513
-629.350154,79,3682.576899
-646.140031,163,3686.634359
-106.316875,300,3694.100553
-610.773571,33,3694.901325
-929.253072,257,3701.160821
-141.837668,300,3708.536248
-609.766791,33,3709.322201
-1513.428202,300,3716.552584
-620.637079,69,3718.233565
-668.537923,272,3724.847908
-671.866546,166,3728.94284
-92.2582,300,3736.390847
-691.683843,253,3742.841166
-650.941215,124,3745.935377
-623.295571,63,3747.473512
-617.623083,60,3748.960939
-635.478719,100,3751.408593
-309.206894,300,3759.189052
-630.298076,124,3762.3101
-97.238608,300,3769.651175
-642.89418,178,3774.035772
-319.329742,300,3781.431251
-642.027903,133,3784.794758
-164.111103,300,3792.173182
-79.518593,300,3799.596778
-91.244412,300,3807.052258
-105.050943,300,3814.482841
-678.641211,294,3821.704983
-107.148053,300,3829.378536
-653.459701,186,3834.039738
-629.813834,84,3836.170314
-164.382014,300,3843.690039
-85.181194,300,3851.139044
-104.374273,300,3858.832157
-89.976352,300,3866.256501
-642.515911,128,3869.448054
-83.999005,300,3877.030544
-157.537683,300,3884.599756
-614.336297,49,3885.829325
-614.141242,50,3887.058468
-82.2729,300,3894.117818
-1014.03651,279,3901.387853
-838.515701,299,3908.779727
-639.380759,179,3913.209674
-643.835886,154,3917.017272
-642.911815,151,3920.790323
-204.942393,300,3928.182498
-610.390999,45,3929.302406
-613.611848,34,3930.148962
-704.027697,230,3935.940118
-429.739555,300,3943.549396
-628.476871,151,3947.379103
-613.199317,45,3948.485762
-629.546272,113,3951.304749
-79.257889,300,3958.85268
-703.835228,216,3964.225197
-609.078924,42,3965.269346
-658.518392,233,3971.20607
-82.161367,300,3979.026305
-645.466879,163,3983.163757
-1044.224399,251,3989.424986
-644.292181,108,3992.107232
-58.69568,300,3999.621664
-630.15695,119,4002.63506
-77.017835,300,4010.162887
-94.832721,300,4017.611087
-79.91355,300,4025.080925
-619.881279,51,4026.336073
-661.197905,192,4031.31619
-90.188431,300,4038.983748
-681.148763,223,4044.591285
-176.168655,300,4052.186421
-625.342359,85,4054.266871
-674.375886,104,4056.890714
-155.876987,300,4064.416123
-81.314637,300,4071.908214
-155.586499,300,4079.427099
-81.427171,300,4087.233467
-71.475492,300,4094.868529
-95.544768,300,4102.484861
-94.952998,300,4110.402579
-108.729281,300,4118.173938
-627.599885,77,4120.086635
-657.575046,187,4124.654999
-68.173704,300,4132.129618
-132.513346,300,4139.842725
-98.050664,300,4147.576036
-102.774246,300,4154.913266
-613.355876,29,4155.637673
-154.382885,300,4163.105226
-112.260444,300,4170.60991
-107.43393,300,4178.027164
-110.13686,300,4185.377588
-105.72087,300,4192.80721
-97.451856,300,4200.123376
-668.968431,195,4204.961498
-264.893155,300,4212.551818
-307.432081,300,4220.194968
-136.705686,300,4227.864722
-615.390829,42,4228.89058
-560.467554,300,4236.316264
-111.440918,300,4243.512497
-686.910423,244,4249.355149
-616.205631,49,4250.541776
-115.059205,300,4257.907661
-77.934725,300,4265.492365
-92.340158,300,4273.089422
-653.14035,150,4276.83751
-433.051844,300,4284.468867
-661.024057,167,4288.58257
-119.488629,300,4295.930759
-105.642637,300,4303.216903
-87.998947,300,4310.841325
-666.204462,272,4317.679289
-94.547525,300,4325.281847
-1100.702766,191,4330.145301
-255.565856,300,4337.795202
-117.025734,300,4345.269309
-116.802832,300,4352.759103
-620.342566,46,4353.888653
-623.783318,68,4355.59164
-619.973094,52,4356.861306
-130.460922,300,4364.603468
-136.230448,300,4372.397014
-104.097651,300,4380.051216
-307.911569,300,4387.498162
-317.560339,300,4394.804908
-157.199846,300,4402.362359
-121.100845,300,4409.749863
-140.665343,300,4417.390261
-609.474785,26,4418.02599
-128.109902,300,4425.392154
-634.48842,110,4428.083147
-130.914945,300,4435.376321
-114.972741,300,4443.00761
-104.818941,300,4450.488746
-126.599204,300,4458.120904
-102.853847,300,4465.959546
-95.883712,300,4473.522682
-93.663997,300,4480.988602
-105.175237,300,4488.467146
-118.896831,300,4496.042593
-109.812054,300,4503.552385
-613.865344,45,4504.661846
-106.938357,300,4512.260727
-75.242797,300,4519.78313
-103.128524,300,4527.282319
-126.033506,300,4534.888692
-99.841803,300,4542.302853
-117.53339,300,4549.70446
-111.40684,300,4557.229255
-97.123311,300,4564.812331
-142.689724,300,4572.337506
-91.628927,300,4579.748185
-131.273606,300,4587.332993
-129.534686,300,4594.728576
-172.882249,300,4602.332867
-98.889963,300,4609.802953
-640.244532,116,4612.645653
-97.893715,300,4620.137708
-123.134257,300,4627.676469
-139.231166,300,4635.051859
-273.559778,300,4642.439306
-623.172448,51,4643.683581
-95.28681,300,4651.195963
-114.587552,300,4658.728305
-641.233729,114,4661.564724
-96.98976,300,4669.062338
-102.467149,300,4676.536103
-89.339912,300,4684.251706
-104.600823,300,4691.835757
-644.761788,111,4694.625809
-141.899207,300,4701.753652
-127.386154,300,4709.188508
-149.461757,300,4716.378252
-163.684603,300,4723.788663
-95.726411,300,4731.179815
-625.660774,84,4733.315424
-104.250288,300,4740.952358
-145.251053,300,4748.411378
-106.029837,300,4755.957616
-637.481106,84,4758.046055
-646.797876,110,4760.794536
-648.859744,168,4764.975926
-88.139636,300,4772.700932
-664.862985,178,4776.99155
-91.665116,300,4784.40801
-673.998505,209,4789.873317
-82.260911,300,4797.329624
-653.292219,198,4802.358779
-657.379994,169,4806.68537
-638.525025,76,4808.622216
-67.070819,300,4816.246944
-78.311184,300,4823.766044
-103.504657,300,4831.230487
-621.664425,55,4832.582614
-111.307288,300,4840.292339
-85.882433,300,4848.074619
-685.69588,176,4852.397862
-124.973482,300,4859.714322
-677.571929,237,4865.53324
-95.359434,300,4873.035406
-633.272988,84,4875.091567
-91.503961,300,4882.569541
-107.925708,300,4890.22638
-655.730812,118,4893.406646
-111.301662,300,4901.026985
-667.805253,247,4907.335431
-681.891632,263,4914.361171
-632.427937,122,4917.527231
-632.276671,85,4919.647036
-640.110844,98,4922.157209
-88.724381,300,4929.633521
-612.412541,50,4930.899101
-98.66155,300,4938.437548
-105.728124,300,4945.898622
-650.409585,175,4950.269256
-658.215047,154,4954.127099
-623.541296,61,4955.669515
-620.216478,45,4956.796518
-104.982692,300,4963.852986
-150.963211,300,4971.581697
-960.138452,215,4976.989832
-646.348756,173,4981.349449
-660.58112,141,4985.007977
-611.06942,53,4986.332719
-84.162492,300,4993.805314
-694.456116,208,4998.979652
-76.092848,300,5006.548363
-627.279127,94,5008.913824
-696.203674,297,5016.513765
-116.823505,300,5024.203684
-655.989553,153,5028.010995
-96.799971,300,5035.688797
-636.906101,110,5038.486413
-698.625836,50,5039.7277
-677.227108,214,5045.056556
-648.037078,96,5047.417152
-117.589692,300,5055.036795
-716.412988,292,5062.272783
-629.25879,59,5063.736951
-101.747654,300,5071.36494
-124.565401,300,5078.858025
-677.234214,178,5083.44129
-139.517284,300,5090.635603
-627.374228,96,5092.967
-118.780159,300,5100.75993
-119.871241,300,5108.319354
-122.080634,300,5115.854327
-115.517109,300,5123.404222
-104.106458,300,5131.027118
-61.613794,300,5138.628375
-96.949844,300,5146.345445
-140.680917,300,5153.992915
-157.124469,300,5161.764787
-644.38147,109,5164.493092
-158.645035,300,5172.019475
-117.841288,300,5179.630463
-621.299105,55,5181.035135
-98.611969,300,5188.678293
-619.731007,78,5190.648348
-90.30082,300,5198.252538
-95.391572,300,5205.886534
-659.527164,44,5206.962644
-127.535194,300,5214.589264
-606.110668,32,5215.415822
-509.669612,300,5223.10518
-127.016224,300,5230.837458
-641.509742,122,5233.91192
-665.30202,209,5239.109055
-677.844126,129,5242.420753
-113.036253,300,5249.734334
-96.566055,300,5257.184734
-1492.262818,228,5262.944911
-621.258809,78,5265.072794
-955.483383,196,5270.074298
-121.610377,300,5277.78937
-110.463152,300,5285.300559
-619.170714,42,5286.355163
-97.022391,300,5293.967559
-99.72825,300,5301.694117
-123.065085,300,5308.9255
-771.222997,119,5311.894091
-123.325951,300,5319.374167
-615.058806,40,5320.362923
-100.438626,300,5327.724203
-639.918925,33,5328.552706
-143.976603,300,5336.218027
-103.693924,300,5344.100653
-108.073445,300,5351.984696
-605.815229,32,5352.774985
-97.293469,300,5360.658757
-115.686214,300,5368.517793
-109.106087,300,5376.384467
-119.78735,300,5384.360016
-105.853527,300,5392.09895
-68.962272,300,5399.744171
-670.630312,187,5404.434029
-98.857513,300,5412.266337
-691.685274,261,5419.046954
-615.439514,44,5420.189035
-134.080051,300,5427.574634
-161.436625,300,5435.225847
-622.985706,84,5437.367679
-124.338946,300,5444.845571
-124.387188,300,5452.34915
-99.671506,300,5459.950296
-635.367714,144,5463.673309
-637.458711,117,5466.623045
-624.977711,79,5468.627901
-91.344206,300,5475.906514
-640.298457,147,5479.59134
-96.607669,300,5487.121902
-640.647507,121,5490.086461
-96.246612,300,5497.712857
-101.127166,300,5505.564922
-658.056354,171,5510.167445
-111.319881,300,5517.960488
-104.285495,300,5525.745409
-103.068906,300,5533.372538
-85.245999,300,5541.124184
-630.127403,89,5543.374642
-105.182496,300,5551.045505
-124.327437,300,5558.555304
-124.022484,300,5566.087417
-626.549304,65,5567.716467
-668.177139,216,5573.150404
-669.010005,200,5578.138146
-115.193225,300,5585.650817
-71.788839,300,5593.245812
-129.684794,300,5600.977456
-93.203262,300,5608.752781
-151.01294,300,5616.686613
-116.443689,300,5624.510812
-616.123225,39,5625.511734
-93.865924,300,5633.17439
-804.916529,81,5635.22584
-107.193139,300,5642.84918
-128.053942,300,5650.452464
-651.41798,171,5654.717639
-656.9004,170,5659.056963
-680.506752,208,5664.327128
-128.406159,300,5672.121798
-218.731018,300,5680.099767
-653.60908,138,5683.712609
-100.693702,300,5691.32534
-122.315837,300,5699.394692
-633.321918,94,5701.792154
-686.006,284,5709.348527
-105.476537,300,5717.157266
-106.638991,300,5724.923565
-654.524469,209,5730.34014
-688.582679,60,5731.85057
-101.233033,300,5739.425925
-666.325405,299,5747.018246
-133.881488,300,5754.778296
-140.59688,300,5762.726265
-788.227868,203,5767.855217
-78.613925,300,5775.380254
-89.187711,300,5782.71379
-123.24915,300,5790.217485
-660.29381,136,5793.630273
-115.946402,300,5801.209586
-130.231519,300,5808.910413
-101.058336,300,5816.491144
-162.040044,300,5824.060438
-633.09115,134,5827.313085
-131.055988,300,5834.648114
-617.213596,58,5836.075747
-93.332088,300,5843.580662
-97.844038,300,5850.791059
-164.050546,300,5858.383033
-126.792635,300,5866.203056
-655.247515,203,5871.509574
-159.263161,300,5879.108026
-688.555393,258,5885.703876
-119.14732,300,5893.549888
-115.968156,300,5901.303931
-579.627161,300,5908.835949
-703.256162,255,5915.14975
-110.718546,300,5922.798234
-388.090249,300,5930.311772
-149.140901,300,5937.783361
-614.827879,45,5938.897668
-129.682593,300,5946.636205
-676.204269,191,5951.575779
-294.189109,300,5959.021872
-123.58391,300,5966.674081
-180.395166,300,5974.82586
-121.113979,300,5982.350538
-397.664042,300,5989.749337
-103.165878,300,5997.337587
-124.232667,300,6005.271819
-109.607417,300,6012.808984
-405.997751,300,6020.336966
-111.068158,300,6027.997761
-637.872086,137,6031.452336
-102.317641,300,6038.887399
-197.232103,300,6046.758435
-172.745642,300,6054.907171
-108.532435,300,6062.488996
-113.801968,300,6069.991993
-102.77241,300,6077.532071
-417.253294,300,6085.261068
-93.267371,300,6092.70134
-84.750812,300,6100.4559
-91.300597,300,6108.248859
-411.628791,300,6115.973663
-631.546198,104,6118.568676
-112.013324,300,6126.094092
-119.651238,300,6133.593547
-112.162492,300,6141.229838
-796.344314,300,6148.793432
-907.198206,182,6153.516856
-138.849309,300,6161.245623
-642.152431,122,6164.250093
-616.806856,62,6165.806662
-817.802775,221,6171.513493
-84.035785,300,6179.041935
-631.569568,78,6180.972785
-124.236874,300,6188.440658
-76.774034,300,6196.28187
-100.502938,300,6203.782645
-117.931418,300,6211.328521
-119.040761,300,6218.840434
-121.997345,300,6226.443788
-96.309537,300,6233.853617
-144.638515,300,6241.471017
-97.981637,300,6249.064889
-665.584285,170,6253.418202
-124.082141,300,6261.098918
-612.538966,42,6262.140362
-117.172923,300,6269.596015
-110.365451,300,6277.21039
-83.835893,300,6284.934508
-96.855435,300,6292.631417
-104.319595,300,6300.152507
-685.864331,241,6306.067267
-114.261624,300,6313.435487
-644.068147,123,6316.43559
-83.63765,300,6324.454561
-704.88398,245,6330.736168
-685.204571,228,6336.387098
-143.97208,300,6343.883935
-72.121028,300,6351.336886
-127.619375,300,6359.214534
-108.582297,300,6366.825762
-718.475968,275,6373.949645
-633.42066,124,6377.063242
-1771.951445,168,6381.364293
-108.638885,300,6388.926592
-717.701541,280,6395.880369
-93.167117,300,6403.448664
-113.095227,300,6411.107291
-76.027791,300,6418.672303
-783.640258,208,6423.820576
-644.352816,103,6426.441975
-662.049362,210,6431.738417
-84.740415,300,6439.116137
-74.33658,300,6446.715578
-110.37789,300,6454.216597
-93.212577,300,6461.801124
-109.777996,300,6469.414994
-88.037618,300,6477.098055
-133.952486,300,6484.824568
-620.959692,53,6486.153634
-77.542043,300,6493.679647
-120.730126,300,6501.428132
-95.448859,300,6509.328611
-80.698613,300,6517.006762
-95.587172,300,6524.563031
-137.518156,300,6532.273747
-83.527654,300,6539.803353
-128.813776,300,6547.474059
-126.783041,300,6554.970082
-617.764474,43,6556.015758
-99.568376,300,6563.53018
-622.963238,57,6564.991008
-674.849357,236,6571.198665
-269.493981,300,6578.925768
-1911.123596,245,6585.242865
-89.491495,300,6592.8926
-199.778386,300,6600.930867
-105.896433,300,6609.02332
-97.989304,300,6616.624015
-83.818021,300,6624.417979
-643.172034,156,6628.495749
-668.198652,261,6635.281439
-97.842865,300,6642.516733
-105.195217,300,6650.355367
-699.076982,241,6656.555521
-683.711589,233,6662.464376
-251.798905,300,6670.219736
-113.112948,300,6678.205294
-635.872998,85,6680.401165
-97.944434,300,6688.118612
-636.327192,110,6690.91719
-95.927061,300,6698.571199
-131.666418,300,6706.116232
-97.073474,300,6713.819084
-97.952352,300,6721.54129
-101.952248,300,6729.089174
-158.738437,300,6736.674533
-651.169708,180,6741.439886
-96.121214,300,6749.278484
-681.229516,277,6756.490596
-77.399481,300,6763.947138
-625.878673,90,6766.222098
-708.050491,284,6773.61979
-630.60732,168,6777.878131
-116.220617,300,6785.511329
-116.58198,300,6793.159512
-78.195722,300,6800.851183
-624.027217,50,6802.085023
-697.751719,265,6808.745101
-97.126061,300,6816.327649
-79.203617,300,6824.181582
-620.907043,70,6825.954124
-112.288528,300,6833.594866
-88.567332,300,6841.416618
-85.249066,300,6849.110658
-90.754462,300,6856.468132
-85.331846,300,6863.96459
-90.891702,300,6871.528941
-99.387375,300,6879.176926
-78.09443,300,6886.888777
-70.090147,300,6894.422829
-664.676469,255,6900.99913
-99.207664,300,6908.511168
-55.721103,300,6915.954583
-89.655463,300,6923.882231
-105.482391,300,6931.430719
-245.074521,300,6938.925555
-639.439239,118,6941.937408
-85.198496,300,6949.567147
-106.637344,300,6957.313293
-91.200365,300,6964.879384
-89.9349,300,6972.373816
-78.882117,300,6979.384503
-644.126621,132,6982.672095
-696.114839,287,6989.802849
-683.226578,265,6996.808821
-91.049691,300,7004.68276
-628.114954,128,7008.023324
-140.389049,300,7015.58958
-101.051352,300,7023.415607
-82.697929,300,7031.072083
-122.85658,300,7038.737675
-123.784785,300,7046.318291
-625.962697,84,7048.368661
-400.446738,300,7055.946315
-652.359714,153,7059.980626
-867.479187,282,7067.055635
-760.864899,177,7071.602443
-623.210545,48,7072.793317
-724.77488,65,7074.405721
-107.11565,300,7081.70451
-156.840633,300,7089.375964
-323.363018,300,7096.978837
-218.585077,300,7104.750138
-253.820958,300,7111.896645
-230.303107,300,7119.540644
-678.830494,30,7120.279124
-149.916572,300,7127.768102
-123.352118,300,7135.347156
-625.103003,85,7137.490167
-117.840374,300,7144.823677
-183.812135,300,7152.360424
-612.326604,45,7153.482972
-76.153205,300,7161.120687
-95.033424,300,7168.736589
-86.903713,300,7176.33905
-1145.488063,300,7183.757568
-496.130078,300,7191.417824
-217.541207,300,7198.851446
-616.775661,45,7199.941381
-207.700015,300,7207.805079
-105.477557,300,7215.390739
-161.154321,300,7222.833939
-618.55139,73,7224.679611
-222.810237,300,7232.217262
-720.192637,177,7236.59836
-485.445101,300,7243.983639
-86.495717,300,7251.449208
-210.895539,300,7259.209041
-62.285366,300,7266.817181
-735.053345,70,7268.555234
-102.315495,300,7276.195724
-734.591907,105,7278.798646
-840.636439,258,7285.371557
-609.365867,44,7286.465745
-706.546139,113,7289.269502
-830.269868,164,7293.396841
-1161.258138,273,7300.280688
-242.39963,300,7307.763536
-681.35032,225,7313.555446
-662.487067,265,7320.38031
-760.93018,118,7323.345507
-632.768927,96,7325.724138
-209.56361,300,7333.356378
-202.555852,300,7340.777584
-782.029046,165,7345.077932
-617.806182,82,7347.106329
-88.5353,300,7354.775327
-131.324859,300,7362.623336
-154.500432,300,7370.289059
-301.515232,300,7377.776083
-793.995208,300,7385.350359
-859.480056,200,7390.322448
-636.156017,90,7392.566226
-88.157574,300,7400.018725
-669.208861,230,7405.915487
-628.356159,83,7408.039314
-115.645282,300,7415.781052
-626.760268,73,7417.611981
-757.091461,59,7419.132529
-680.108412,286,7426.361639
-630.993213,171,7430.709343
-1188.034301,287,7438.055828
-702.677715,174,7442.267289
-105.201137,300,7449.824541
-151.344356,300,7457.62895
-847.59321,261,7464.0725
-643.818437,110,7466.787543
-640.084113,161,7470.816818
-641.633798,190,7475.557618
-675.199121,262,7482.207954
-411.629226,300,7489.723559
-106.550497,300,7497.368348
-144.021864,300,7504.98795
-108.781241,300,7512.766808
-669.522722,238,7518.744616
-100.028717,300,7526.252484
-265.614448,300,7533.921223
-803.164487,233,7540.052298
-630.565867,109,7542.815873
-111.486605,300,7550.636247
-88.242002,300,7558.465101
-608.923085,32,7559.28387
-176.206748,300,7566.674365
-122.669842,300,7574.379992
-107.429492,300,7581.797674
-617.4673,45,7582.934249
-678.628046,237,7588.882704
-96.682717,300,7596.585452
-690.217506,249,7602.761071
-667.373517,232,7608.432253
-75.516443,300,7616.138891
-642.287333,142,7619.730634
-119.887459,300,7627.327722
-114.164891,300,7635.08839
-155.563189,300,7642.752789
-115.365572,300,7650.383961
-230.418879,300,7657.882035
-721.762627,289,7665.132748
-628.286777,76,7667.047257
-629.892975,90,7669.363588
-629.421585,103,7671.967573
-610.270009,36,7672.86452
-613.546654,51,7674.12792
-690.057493,99,7676.638066
-105.983269,300,7684.308301
-640.475895,109,7687.104216
-643.956063,132,7690.394084
-91.074218,300,7698.012657
-313.18849,300,7705.908733
-90.385074,300,7713.563963
-700.597439,288,7721.009045
-654.884466,203,7726.206553
-647.439179,126,7729.454964
-89.112253,300,7737.272192
-93.949495,300,7744.890944
-120.160876,300,7752.378108
-65.406293,300,7759.994849
-100.778344,300,7767.756425
-211.753827,300,7775.389924
-627.637897,87,7777.601069
-692.692036,283,7784.907382
-623.410677,69,7786.661546
-614.138471,60,7788.238359
-682.196052,154,7792.251323
-657.854307,223,7797.911649
-659.50235,122,7801.001378
-106.807865,300,7808.83331
-611.470253,46,7809.994416
-58.927509,300,7817.951148
-77.392079,300,7825.44925
-666.189573,257,7832.100724
-90.403065,300,7839.967265
-655.334032,139,7843.512354
-649.883478,206,7848.849928
-96.543106,300,7856.509116
-640.349142,184,7861.042843
-638.343572,104,7863.627934
-70.727101,300,7871.09499
-77.29563,300,7878.467318
-634.666469,117,7881.366023
-115.8693,300,7888.91047
-643.883156,143,7892.506606
-347.575869,300,7900.333996
-94.147968,300,7907.85203
-92.707379,300,7915.289605
-395.376108,300,7922.736049
-80.683821,300,7930.116044
-71.023054,300,7937.516956
-701.248958,72,7939.300451
-129.48915,300,7946.932417
-658.468232,133,7950.353275
-94.370088,300,7958.061791
-74.500855,300,7965.687478
-76.727391,300,7973.370864
-76.470521,300,7981.073017
-644.97384,84,7983.179322
-80.18547,300,7990.511713
-646.732562,232,7996.55873
-83.036519,300,8004.300629
-79.356846,300,8012.109043
-122.529367,300,8019.666029
-113.438355,300,8027.263738
-110.41118,300,8034.996643
-635.700693,134,8038.441492
-555.481208,300,8046.122535
-89.143796,300,8053.670965
-619.489444,75,8055.553272
-100.908788,300,8063.262964
-214.442638,300,8070.382183
-656.664153,181,8075.071543
-87.211449,300,8082.751451
-93.017505,300,8090.496107
-655.184754,50,8091.716916
-277.457971,300,8099.224195
-396.467364,300,8107.034793
-90.815509,300,8114.960444
-105.225953,300,8122.65677
-98.271864,300,8130.444457
-150.341439,300,8137.984823
-83.149584,300,8145.56533
-92.928847,300,8153.424505
-88.747866,300,8161.156
-259.055722,300,8168.694379
-622.695159,87,8170.916342
-87.096378,300,8178.605497
-181.582745,300,8186.331841
-680.373834,41,8187.347669
-622.356797,98,8189.773925
-119.155085,300,8196.801924
-699.732534,278,8203.996812
-200.340632,300,8211.801557
-117.005014,300,8219.570002
-84.617569,300,8227.239383
-223.395666,300,8234.77342
-108.447468,300,8242.384175
-560.410966,300,8250.281965
-104.640392,300,8257.819262
-724.142368,246,8264.10526
-116.390132,300,8271.536698
-622.184365,48,8272.732551
-641.836301,140,8276.248698
-94.181783,300,8283.901577
-113.699048,300,8291.613004
-78.160946,300,8299.354205
-100.07931,300,8306.84746
-792.806398,176,8311.322708
-114.728378,300,8319.252685
-285.42879,300,8326.780951
-650.839665,167,8330.876969
-98.726772,300,8338.546878
-87.533794,300,8346.177803
-87.268839,300,8353.76788
-124.851476,300,8361.512067
-688.610045,41,8362.539031
-154.537675,300,8370.165078
-117.603943,300,8377.877497
-110.818557,300,8385.27199
-61.795588,300,8392.956266
-111.882468,300,8400.465366
-672.161226,217,8406.056373
-85.317004,300,8413.868737
-112.059105,300,8421.431232
-87.716441,300,8429.095934
-645.42204,189,8433.850435
-108.516928,300,8441.456605
-82.753172,300,8448.951331
-89.280725,300,8456.400231
-76.419797,300,8464.290593
-99.245288,300,8472.006945
-120.107259,300,8479.659736
-92.98459,300,8487.264516
-656.1371,186,8491.936436
-98.674285,300,8499.684782
-648.541388,180,8504.170102
-651.177832,201,8509.336211
-640.007373,141,8512.853126
-376.768708,300,8520.500934
-95.021392,300,8528.163145
-640.813465,189,8532.989561
-109.323174,300,8540.755219
-87.346349,300,8548.38541
-74.967153,300,8556.050632
-97.155842,300,8563.31771
-112.40709,300,8571.064527
-615.036734,41,8572.086246
-88.152082,300,8579.715763
-631.190955,138,8583.240351
-94.937942,300,8590.910499
-98.376964,300,8598.635843
-104.71937,300,8606.294123
-621.592112,74,8608.188874
-93.338178,300,8615.713066
-67.402444,300,8623.407893
-706.701204,252,8629.915303
-102.483663,300,8637.495522
-73.665146,300,8645.123986
-132.132213,300,8652.73785
-127.795009,300,8660.426807
-97.855684,300,8668.070263
-85.464835,300,8675.630646
-126.604223,300,8683.468166
-131.511951,300,8691.082507
-104.782775,300,8698.764077
-652.074109,135,8702.210379
-87.468665,300,8709.599879
-98.022836,300,8717.246799
-120.046929,300,8725.009151
-106.186388,300,8732.647719
-92.646133,300,8740.394832
-147.948952,300,8748.092451
-149.263398,300,8755.800163
-89.215517,300,8763.365661
-210.709715,300,8771.038543
-302.292752,300,8778.811974
-956.05055,263,8785.578775
-138.988046,300,8793.187854
-187.406398,300,8800.931669
-177.531958,300,8808.839757
-621.244558,75,8810.749303
-1027.506427,285,8818.336873
-114.881261,300,8826.201379
-1477.335149,152,8830.079017
-1051.304821,300,8837.96566
-346.042522,300,8845.711703
-97.182567,300,8853.380812
-314.903545,300,8860.900223
-627.845654,100,8863.436031
-151.770758,300,8871.037193
-164.70755,300,8878.806829
-348.975738,300,8886.414199
-714.065523,300,8893.827164
-269.317077,300,8901.485894
-98.872413,300,8908.895412
-115.220952,300,8916.476629
-93.731176,300,8924.024482
-89.053245,300,8931.570268
-110.12374,300,8939.177184
-119.726652,300,8946.667241
-95.082902,300,8954.310967
-106.122517,300,8961.954339
-214.43058,300,8969.606271
-92.076992,300,8977.203274
-92.700848,300,8984.698186
-296.80221,300,8992.204272
-619.25587,82,8994.281438
-691.315983,233,9000.17308
-113.669209,300,9007.801775
-94.995588,300,9015.349144
-622.952649,60,9016.831817
-123.106107,300,9024.430347
-238.326274,300,9032.447452
-226.90634,300,9040.061985
-124.015877,300,9047.706783
-105.682977,300,9055.149519
-103.297239,300,9062.709865
-275.350689,300,9070.136398
-90.121133,300,9077.910955
-83.735811,300,9085.482977
-112.593074,300,9092.872689
-100.669983,300,9100.524186
-127.198241,300,9107.970609
-649.920484,115,9110.858268
-93.912899,300,9118.448009
-297.755157,300,9126.09794
-96.377804,300,9133.646227
-750.33976,300,9141.391497
-121.806944,300,9149.516399
-619.296607,61,9151.081932
-634.375727,97,9153.571446
-110.015455,300,9161.469265
-642.954105,115,9164.434202
-93.631434,300,9171.895785
-1346.758426,300,9179.350893
-113.015628,300,9186.83696
-105.936094,300,9194.46876
-123.087478,300,9201.961203
-111.481685,300,9209.464993
-103.490017,300,9216.990123
-639.252664,140,9220.600045
-102.722706,300,9228.523111
-102.676505,300,9236.126416
-113.816931,300,9243.380025
-104.361752,300,9250.854816
-98.829246,300,9258.353973
-621.320649,63,9259.956039
-94.482978,300,9267.448204
-686.276112,195,9272.317724
-698.391834,243,9278.369881
-87.995406,300,9285.862085
-715.907721,253,9292.531112
-132.169284,300,9300.088826
-109.558571,300,9307.726343
-752.863491,258,9314.077658
-133.903598,300,9321.831944
-125.542162,300,9329.449712
-138.204858,300,9337.250961
-133.865862,300,9344.778924
-137.299752,300,9352.466733
-85.182211,300,9359.954166
-956.48415,300,9367.515272
-983.365936,91,9369.787943
-82.826896,300,9377.62425
-101.191149,300,9385.376746
-108.589236,300,9393.047461
-86.929977,300,9400.761727
-117.913835,300,9408.523083
-646.597864,161,9412.643278
-128.724079,300,9420.273899
-618.223355,46,9421.461483
-100.068994,300,9429.051294
-112.689633,300,9436.601228
-128.102885,300,9444.227911
-650.801691,159,9448.335383
-104.881823,300,9455.919856
-89.138825,300,9463.592022
-87.583511,300,9471.387858
-614.257651,65,9473.081955
-137.272131,300,9480.86941
-100.888212,300,9488.369796
-129.637287,300,9496.012136
-132.034319,300,9503.64255
-1424.543228,133,9506.973878
-84.469081,300,9514.398845
-621.08178,52,9515.768028
-104.806432,300,9523.631482
-123.109311,300,9531.473896
-90.313729,300,9539.027982
-117.966023,300,9546.562749
-114.126603,300,9554.521981
-86.620707,300,9562.333605
-84.369365,300,9570.036323
-124.153594,300,9577.673585
-397.95723,300,9585.320911
-662.498943,186,9590.035519
-94.026766,300,9597.310115
-81.636586,300,9604.700458
-670.27975,196,9609.555031
-359.200914,300,9616.938496
-121.774645,300,9624.589122
-92.311789,300,9632.380802
-106.79907,300,9640.073661
-104.315923,300,9647.495875
-104.711667,300,9655.560978
-642.113643,144,9659.283131
-121.144837,300,9666.780428
-88.486418,300,9674.464551
-688.279087,261,9681.055046
-72.848355,300,9688.697807
-96.358904,300,9696.489151
-136.211871,300,9703.90141
-635.419933,93,9706.222249
-327.995036,300,9713.847605
-124.678923,300,9721.353908
-133.967212,300,9728.943372
-737.336128,290,9736.342757
-122.716066,300,9744.454266
-100.337986,300,9752.242925
-97.371822,300,9759.602541
-146.260631,300,9767.24604
-103.898292,300,9774.827481
-83.815862,300,9782.29654
-652.524175,128,9785.507114
-683.737366,288,9792.778115
-102.952311,300,9800.541098
-112.465352,300,9808.425111
-107.631586,300,9816.292172
-116.797891,300,9824.105448
-678.691557,131,9827.432928
-630.98163,64,9829.048143
-92.612441,300,9836.634455
-116.888407,300,9844.199601
-120.935645,300,9852.068442
-625.331305,61,9853.601188
-133.801156,300,9861.124789
-100.054531,300,9868.78822
-105.709158,300,9876.314938
-92.508799,300,9884.201792
-641.927914,114,9887.183681
-89.046487,300,9894.853779
-80.70241,300,9902.503892
-93.466287,300,9910.475602
-114.043744,300,9918.085022
-135.230235,300,9925.741065
-135.283401,300,9933.388386
-149.600678,300,9940.921692
-109.944538,300,9948.612267
-299.688851,300,9956.364937
-641.560808,162,9960.742696
-107.842172,300,9968.500525
-649.169436,206,9973.750266
-209.174694,300,9981.662017
-87.4271,300,9989.416903
-296.570831,300,9997.352047
-110.854143,300,10005.126314
-125.289888,300,10012.859397
-144.621122,300,10020.436286
-95.576352,300,10028.03123
-617.874917,49,10029.246892
-136.237353,300,10037.103145
-121.49505,300,10044.760635
-223.797156,300,10052.606275
-617.845769,61,10054.164643
-105.503264,300,10061.843753
-212.033305,300,10069.322072
-74.644616,300,10076.91274
-101.008696,300,10084.923522
-988.148942,142,10088.661977
-196.476777,300,10096.335863
-125.825082,300,10104.189489
-116.242936,300,10111.902383
-129.574594,300,10119.979686
-119.44523,300,10127.479772
-642.857981,164,10131.721341
-491.86811,300,10139.096564
-107.74888,300,10146.683489
-130.681151,300,10154.04651
-104.552199,300,10161.701641
-128.118046,300,10169.106461
-625.860779,85,10171.221848
-809.766223,300,10178.59019
-651.958461,125,10181.747372
-94.153821,300,10189.375844
-261.574425,300,10197.248009
-103.185652,300,10205.089951
-96.245721,300,10212.638587
-246.887386,300,10220.103413
-104.246977,300,10227.641085
-115.120462,300,10234.870719
-214.535448,300,10242.412377
-610.286607,33,10243.257304
-138.616009,300,10250.889921
-215.649358,300,10258.549346
-133.341875,300,10266.41625
-119.45367,300,10274.393702
-76.751413,300,10282.214654
-620.531255,60,10283.741665
-197.119495,300,10291.37953
-663.36993,210,10296.730635
-638.807777,147,10300.47292
-302.748624,300,10308.050921
-112.580617,300,10315.741583
-269.120578,300,10323.212411
-122.324106,300,10330.731622
-390.633296,300,10338.479021
-104.413784,300,10346.113661
-206.435769,300,10353.886554
-132.551464,300,10361.670179
-636.907835,155,10365.621434
-124.693461,300,10373.500297
-85.391187,300,10381.116611
-84.987744,300,10388.761928
-134.52693,300,10396.486341
-95.431509,300,10404.119773
-101.094183,300,10411.652007
-86.492954,300,10419.192216
-158.617372,300,10426.55621
-95.965023,300,10434.103269
-125.064101,300,10441.817651
-103.423553,300,10449.644312
-125.851536,300,10457.420056
-165.873989,300,10465.075781
-108.499721,300,10472.575455
-100.05804,300,10480.298576
-73.09739,300,10487.964972
-172.274711,300,10495.614773
-648.36214,136,10499.0682
-109.45067,300,10506.607077
-106.587075,300,10514.774696
-668.09564,264,10521.670678
-180.270017,300,10529.391276
-106.24383,300,10537.214125
-619.106247,77,10539.215692
-685.854744,276,10546.298862
-132.110315,300,10553.801843
-71.969252,300,10561.384963
-114.043771,300,10569.072069
-92.66662,300,10576.973747
-609.150768,27,10577.640408
-657.436345,193,10582.970745
-647.164661,172,10587.261401
-96.830006,300,10594.802995
-114.40259,300,10602.296633
-693.717448,265,10609.084131
-66.400716,300,10616.861684
-92.509575,300,10624.443615
-108.905236,300,10632.074542
-167.601881,300,10639.823486
-103.852715,300,10647.588356
-86.922045,300,10655.349221
-633.980182,98,10657.862172
-143.736278,300,10665.541992
-323.216101,300,10673.231125
-237.444233,300,10681.140604
-71.281376,300,10688.801409
-111.298689,300,10696.497115
-662.577691,141,10700.164272
-108.148559,300,10707.849682
-642.200991,146,10711.557177
-620.914546,64,10713.16865
-100.596849,300,10720.617596
-644.066137,144,10724.245462
-666.432639,222,10729.903962
-210.980005,300,10737.990417
-616.09272,41,10739.028327
-658.608867,201,10744.087866
-87.900492,300,10751.677095
-102.279581,300,10759.199526
-111.41654,300,10766.670994
-638.149034,120,10769.714921
-99.492933,300,10777.383022
-108.607901,300,10785.172677
-125.802343,300,10792.690906
-843.130254,294,10800.131243
-653.476812,285,10807.295485
-98.583491,300,10815.096021
-85.926321,300,10822.777413
-106.661124,300,10830.301483
-101.042209,300,10838.016158
-103.117441,300,10845.639205
-117.496223,300,10852.990535
-89.426781,300,10860.567112
-92.082524,300,10868.458539
-124.744043,300,10875.684076
-142.292334,300,10883.282194
-674.265814,253,10889.847605
-136.656757,300,10897.293417
-85.25588,300,10904.964296
-868.421806,300,10912.576401
-608.469324,25,10913.216275
-100.573431,300,10920.792666
-114.187691,300,10928.348492
-647.882819,156,10932.330419
-95.916362,300,10940.202193
-116.236718,300,10948.142693
-111.010039,300,10955.97407
-611.035205,41,10957.025588
-137.90071,300,10964.71019
-722.775321,61,10966.274205
-139.321448,300,10973.999788
-629.758738,84,10976.183313
-116.2267,300,10983.831749
-187.999362,300,10991.18815
-130.117722,300,10998.721088
-133.704855,300,11006.452434
-628.311683,78,11008.458119
-85.020474,300,11016.23006
-171.208105,300,11023.967484
-119.139566,300,11031.505409
-112.335069,300,11039.186357
-199.201637,300,11046.989985
-627.420778,85,11049.141298
-115.419319,300,11056.866188
-687.080545,146,11060.662651
-639.786295,152,11064.556031
-95.01428,300,11072.108469
-613.379449,42,11073.138921
-255.984894,300,11080.619859
-616.15482,58,11082.092098
-625.470743,98,11084.554249
-70.216004,300,11092.129453
-272.893494,300,11099.730367
-118.299507,300,11107.369535
-119.688665,300,11115.190374
-106.500711,300,11122.836735
-659.235177,186,11127.49713
-635.471295,123,11130.742078
-628.620652,108,11133.413839
-101.734219,300,11141.1063
-137.456347,300,11148.661845
-93.738685,300,11156.037683
-91.576244,300,11163.715452
-124.809381,300,11171.329371
-649.180671,196,11176.28924
-108.785374,300,11184.068648
-659.20231,221,11189.874756
-620.218239,73,11191.687602
-87.72664,300,11199.33299
-642.029212,116,11202.356387
-104.107765,300,11209.881471
-135.975055,300,11216.825855
-111.62632,300,11224.351625
-78.764307,300,11232.051733
-98.551671,300,11239.6742
-107.072896,300,11247.195371
-140.816364,300,11254.846142
-108.334816,300,11262.659029
-103.997051,300,11270.413618
-101.253034,300,11277.968708
-650.886875,225,11283.547055
-135.286228,300,11291.190963
-652.9501,162,11295.319532
-625.33852,100,11297.864212
-88.329528,300,11305.528262
-99.717574,300,11313.134178
-91.246992,300,11320.861532
-108.735378,300,11328.433043
-87.087514,300,11336.178147
-67.1273,300,11343.779546
-268.921104,300,11351.41047
-104.188382,300,11359.086447
-133.430861,300,11366.687585
-79.761094,300,11374.125624
-100.421487,300,11381.376704
-656.795596,157,11385.515213
-142.500756,300,11393.09967
-96.336685,300,11400.912298
-221.600296,300,11408.700468
-645.385552,164,11412.961294
-287.511935,300,11420.619622
-66.23968,300,11428.217887
-101.642744,300,11435.803216
-292.550204,300,11443.341161
-65.479511,300,11450.952287
-644.657764,162,11455.106849
-84.778588,300,11462.947726
-107.095811,300,11470.632123
-651.584139,39,11471.613376
-204.558806,300,11479.119731
-109.542797,300,11486.840696
-92.913592,300,11494.357891
-622.383174,300,11502.062515
-95.279587,300,11509.55517
-278.127014,300,11517.197591
-720.914259,264,11523.981982
-119.777011,300,11531.533216
-304.612884,300,11538.992831
-1513.767511,297,11546.518106
-851.265793,228,11552.173587
-682.582937,236,11558.203706
-219.516129,300,11565.661765
-128.351724,300,11573.225334
-785.662195,267,11580.023549
-116.839469,300,11587.773971
-695.243048,78,11589.730153
-675.392246,261,11596.477185
-906.515655,270,11603.487219
-203.139716,300,11611.14486
-368.719544,300,11618.771844
-741.402113,110,11621.521979
-107.472147,300,11628.987042
-210.820163,300,11636.816365
-717.829437,52,11638.091837
-102.492748,300,11645.547055
-709.323569,244,11651.73338
-125.884269,300,11659.674918
-655.924194,214,11665.113628
-650.041961,139,11668.673998
-94.758207,300,11676.329571
-127.909282,300,11683.932645
-87.516996,300,11691.667288
-97.286057,300,11699.340275
-120.302923,300,11706.928135
-87.503073,300,11714.356766
-105.187266,300,11721.905849
-90.581565,300,11729.608802
-107.172607,300,11737.358435
-84.418413,300,11744.840011
-81.998843,300,11752.284623
-58.359172,300,11759.97098
-97.479148,300,11767.635878
-84.638133,300,11775.696868
-176.387438,300,11783.527943
-85.996254,300,11791.282343
-78.180744,300,11798.764467
-61.752878,300,11806.264438
-131.25349,300,11813.88388
-154.019773,300,11821.199306
-863.350926,259,11828.001924
-98.748729,300,11835.218135
-646.244091,145,11838.845826
-97.630065,300,11846.815096
-631.721265,85,11849.034643
-642.369163,120,11852.165574
-117.586441,300,11859.756546
-680.071087,254,11866.164641
-633.625644,86,11868.386079
-484.750183,300,11875.941189
-158.285652,300,11883.60121
-93.951333,300,11891.341684
-101.399534,300,11898.82077
-656.344549,173,11903.266766
-682.097556,192,11908.236123
-271.021374,300,11915.920869
-500.95109,300,11923.944566
-105.274597,300,11931.451
-636.485072,81,11933.471742
-119.884571,300,11941.284535
-122.234968,300,11948.882173
-104.293104,300,11956.849959
-557.004691,300,11964.328061
-115.44702,300,11971.947149
-743.369147,229,11977.770953
-80.840359,300,11985.253272
-150.573806,300,11992.834765
-682.794362,267,11999.515836
-638.024021,132,12002.836905
-791.596397,259,12009.391757
-103.387499,300,12017.184923
-672.327404,226,12022.953982
-665.458367,162,12027.079956
-109.599558,300,12034.760351
-102.135734,300,12042.327708
-92.368895,300,12050.061347
-89.695909,300,12057.744854
-739.080999,110,12060.531321
-88.965018,300,12068.202896
-630.429779,90,12070.497983
-979.322164,291,12078.2555
-649.376048,168,12082.651994
-71.676625,300,12090.370654
-660.189622,152,12094.225416
-123.223767,300,12102.126655
-182.777584,300,12109.919345
-112.968496,300,12117.663452
-100.146626,300,12125.427327
-552.504812,300,12132.939401
-120.282214,300,12140.511144
-112.664712,300,12148.374576
-641.082813,141,12151.971297
-660.879887,209,12157.280847
-174.319821,300,12164.885001
-357.413264,300,12172.785028
-112.331012,300,12180.583972
-90.227424,300,12188.248253
-100.579183,300,12195.745643
-650.504365,204,12200.854097
-635.833234,116,12203.831578
-710.592557,108,12206.516034
-662.223778,27,12207.20272
-100.461617,300,12214.908345
-89.771579,300,12222.727206
-627.493037,99,12225.300397
-606.820958,30,12226.055719
-123.4506,300,12233.571513
-611.788171,28,12234.278015
-248.694406,300,12241.911838
-102.635846,300,12249.366655
-88.005033,300,12256.895753
-123.952262,300,12264.736525
-470.776051,300,12272.61824
-89.558931,300,12280.215095
-100.681111,300,12287.675511
-643.163222,171,12292.003306
-75.490325,300,12299.63104
-787.516676,280,12306.726823
-116.780584,300,12314.508586
-79.682848,300,12322.584244
-87.61769,300,12330.297587
-123.406051,300,12337.644666
-629.590019,90,12339.969927
-738.318328,243,12346.138208
-209.414671,300,12353.836253
-76.643909,300,12361.471614
-102.667755,300,12369.409177
-199.189594,300,12377.255276
-567.591031,300,12384.986607
-107.567141,300,12392.746664
-93.622067,300,12400.469031
-845.510012,143,12404.077731
-194.284038,300,12411.580848
-123.514091,300,12419.203492
-480.669148,300,12426.721455
-99.453619,300,12434.238262
-122.741392,300,12441.803765
-113.259447,300,12449.302497
-136.784565,300,12456.862621
-113.810298,300,12464.293213
-111.925742,300,12471.894059
-410.634714,300,12479.580178
-143.487431,300,12487.12457
-98.480024,300,12494.312257
-591.833937,300,12502.145607
-71.696772,300,12509.685242
-193.51254,300,12517.232648
-605.35401,300,12525.223468
-91.277043,300,12532.962617
-106.456511,300,12540.759423
-104.093192,300,12548.419014
-95.450139,300,12556.050299
-714.928931,300,12564.001386
-119.23301,300,12571.721076
-633.699781,103,12574.330314
-142.558711,300,12581.936682
-128.128071,300,12589.798983
-119.712078,300,12597.422329
-223.421181,300,12605.112413
-700.851104,273,12611.854354
-105.912961,300,12619.449083
-403.395602,300,12627.240782
-629.603303,84,12629.395837
