# {"t_start": 1564593483.407283, "env_id": "highway-discrete-intrinsic-rew-v0"} 
r,l,t
-614.40798,84,11.451249
-341.875877,96,21.535718
-559.903981,25,24.268058
-235.925686,90,33.752876
-189.241621,144,49.091249
-465.345698,69,56.645528
-374.413989,100,67.494474
-180.212182,178,86.929969
-475.27121,54,119.115121
-373.317328,124,132.297015
-545.466571,34,136.02085
-470.134157,25,138.779711
1208.119298,300,171.036118
786.788382,300,202.894185
-431.816738,75,210.991639
-512.591112,29,214.198116
-168.987967,185,243.2413
-555.239587,31,246.666746
-401.86791,43,251.358162
-293.819233,102,264.698656
-568.558059,137,280.42341
-598.422736,36,284.593419
-563.765251,98,295.4649
-569.551612,156,313.216023
-567.585382,155,330.254512
-575.191745,32,333.792421
-584.41768,31,342.768033
-584.544939,76,351.079056
-590.524513,41,355.567497
-571.806832,42,360.21455
-587.811989,208,382.78072
-531.237219,245,409.128649
-550.657989,115,421.617808
-567.815968,97,432.16503
-561.711993,125,464.310725
-575.103754,60,470.831258
-587.941561,61,477.52504
-578.695841,31,480.946973
-589.065505,123,495.105524
-599.944171,32,498.67439
-607.226552,69,506.233599
-602.827393,52,511.984705
-597.156898,34,515.750031
-593.886479,37,519.840275
-590.738583,55,525.887615
-605.501237,44,530.73384
-598.776651,62,537.53185
-598.826152,121,550.729869
-570.603549,110,562.791563
-596.142124,145,579.821059
-601.022653,178,599.250352
-603.74316,55,605.290015
-592.506947,93,615.448757
-604.737257,61,622.182616
-597.170664,77,630.652062
-608.761435,58,637.058358
-576.590643,299,670.058501
-635.801182,243,705.257441
-44.540517,300,738.273846
-605.488498,39,742.669703
-608.497083,50,748.208399
-41.748358,300,781.111901
-603.95296,27,784.175991
-603.967379,66,798.988268
-622.967177,151,815.725998
-604.858467,58,822.245281
-598.803202,61,829.047472
-597.22079,31,832.56198
-610.542066,103,843.978277
-623.313903,157,861.307807
-612.239971,143,877.120548
-595.468898,88,886.875909
-609.146309,74,895.173933
-608.087267,104,917.205301
-614.456375,122,930.780647
-5.389115,300,964.081903
-602.617592,59,971.429015
-606.33136,34,975.281363
-623.248249,113,987.869288
-632.488996,156,1005.171792
-611.918842,49,1010.69207
-614.88199,55,1016.853598
-604.700411,28,1023.90055
-607.824103,35,1027.899834
-611.012991,105,1039.565816
-652.336056,268,1069.274287
-613.308713,163,1087.505165
-614.212937,79,1096.318671
-618.081554,96,1107.083988
-611.813814,67,1114.650367
-619.272268,148,1131.212414
-614.780345,87,1145.284057
-632.060631,126,1159.540766
-599.695599,37,1163.769038
-607.005847,35,1167.795534
-626.010764,120,1182.199881
-605.655941,54,1188.364259
-637.085745,130,1202.977965
-665.202646,239,1229.658621
-646.77771,187,1250.772929
-630.809476,129,1266.702652
-629.229368,100,1278.028045
-606.77666,39,1282.567363
-66.133451,300,1316.143314
-643.274289,142,1332.162582
-623.089527,128,1346.611105
-606.385354,38,1350.969181
-615.401668,50,1356.671528
-605.884874,42,1361.49795
-615.366937,46,1373.359152
-624.310834,82,1382.699889
-73.877394,300,1416.502483
-47.551322,300,1450.202555
-609.560394,35,1454.253202
-664.102351,185,1475.997001
-604.260398,21,1478.475155
-604.589802,34,1482.420084
-604.22862,58,1491.822082
-603.007041,41,1496.568258
-638.246489,179,1516.858697
-627.730393,98,1528.026061
-656.224847,217,1552.544848
-661.348594,185,1573.525702
-608.978799,43,1578.498783
-597.146941,24,1581.323
-625.998867,96,1592.52882
-604.482457,29,1606.003329
-603.958323,25,1609.0264
-641.4131,146,1625.860093
-621.317798,96,1637.346281
-607.272017,25,1640.664766
-651.444228,198,1667.547559
-624.843544,109,1681.703004
-616.862188,66,1693.063212
-93.777645,300,1731.436749
-618.978527,72,1745.032993
-617.784783,74,1754.61348
-641.221311,194,1779.551713
-660.886267,215,1807.217395
-636.521087,129,1823.786482
-91.27175,300,1862.283937
-95.986816,300,1908.299405
-638.941552,119,1924.150846
-84.482726,300,1964.797461
-631.144818,112,1979.448997
-617.704522,77,2015.413281
-85.127623,300,2054.668571
-608.766476,32,2058.960548
-83.352419,300,2098.445695
-611.888027,50,2105.064513
-607.731617,37,2109.986657
-611.401669,44,2115.869138
-84.643849,300,2182.443127
-640.822025,140,2200.826835
-643.592591,154,2221.06309
-654.666063,172,2244.094067
-611.707587,45,2250.122043
-85.687208,300,2317.859587
-620.642037,78,2328.203939
-90.296941,300,2367.729822
-632.065985,98,2380.765617
-625.109952,103,2394.410136
-633.861863,118,2410.052235
-632.108281,99,2427.189693
-639.824895,120,2443.178551
-614.933385,39,2448.454891
-692.164836,263,2483.340794
-633.490912,114,2498.487469
-650.012063,160,2520.184506
-622.862795,73,2560.448437
-89.425521,300,2600.455155
-615.592864,50,2609.869754
-92.109376,300,2649.768492
-679.53208,259,2684.366544
-619.297881,67,2699.353414
-660.511489,187,2724.3005
-614.04135,38,2729.512394
-618.921218,58,2737.393002
-90.567491,300,2777.829505
-649.810044,176,2801.468171
-84.586219,300,2868.691012
-95.112787,300,2908.773247
-628.870033,107,2923.241915
-613.663563,46,2929.506899
-606.116076,27,2933.259261
-667.881553,202,2960.303191
-662.287656,198,2993.079622
-635.675129,129,3010.451868
-636.025198,108,3025.125404
-614.226865,62,3033.572787
-605.130361,30,3040.363626
-102.885717,300,3081.120356
-634.293957,95,3121.049694
-632.142699,79,3131.742537
-669.781298,205,3159.569765
-629.289449,96,3172.673187
-655.805049,176,3196.595789
-611.257635,52,3203.808296
-623.949297,80,3214.725534
-635.099095,105,3228.998078
-627.23507,86,3240.734459
-615.860341,46,3247.061324
-629.918925,88,3259.996029
-655.900847,160,3281.731845
-613.438363,53,3289.003098
-643.072385,115,3304.678198
-91.941652,300,3345.478275
-608.718365,28,3349.427559
-620.97645,57,3357.326688
-606.663401,27,3363.767263
-659.300128,183,3388.618905
-614.928953,66,3399.806878
-616.363544,49,3406.663062
-685.495613,238,3439.258614
-631.027046,107,3454.001257
-606.310245,26,3457.673965
-668.59625,203,3485.307652
-83.366677,300,3526.205267
-619.463502,55,3538.971452
-620.315229,64,3547.752775
-646.383689,180,3572.361662
-679.271224,234,3604.582621
-614.93418,39,3610.218777
-677.088457,240,3643.245034
-609.874993,43,3678.593335
-92.431958,300,3720.061212
-675.795605,233,3752.189115
-621.684323,81,3763.376811
-98.699262,300,3807.31675
-693.0196,285,3856.427093
-671.363653,208,3885.035487
-100.59871,300,3926.388595
-636.593566,86,3938.352311
-629.941201,94,3971.925609
-629.882829,75,3982.364925
-620.661938,51,3989.584348
-632.271199,85,4001.698252
-650.46715,131,4020.065105
-688.210612,247,4054.010613
-614.40872,43,4060.016
-92.407787,300,4143.088189
-615.153394,52,4150.362627
-100.077467,300,4191.741283
-670.31034,185,4217.310397
-607.155578,22,4220.490801
-632.040205,81,4231.808529
-97.845766,300,4285.259107
-87.376737,300,4329.427154
-98.501832,300,4371.31371
-611.406784,32,4393.349096
-94.707912,300,4434.953813
-618.821303,54,4442.483897
-607.276482,20,4445.381879
-105.508945,300,4487.111911
-679.027298,248,4521.649611
-609.55235,31,4526.087813
-609.075841,29,4536.277373
-637.169022,136,4555.312127
-656.373784,154,4576.872205
-608.168829,29,4581.009726
-99.352416,300,4622.870077
-630.821597,84,4634.742209
-632.205843,102,4649.159207
-619.641889,57,4684.20878
-653.412291,154,4705.935428
-618.066757,46,4712.474351
-618.253974,62,4723.915028
-688.573518,258,4760.070742
-685.295037,221,4791.497065
-612.30641,37,4796.802696
-638.716691,93,4836.877797
-699.092628,296,4878.635222
-611.981612,32,4883.255278
-628.308273,83,4895.098258
-644.647774,101,4909.384537
-681.312839,213,4939.534202
-615.264842,59,4948.001559
-618.313766,67,4978.680598
-634.107594,101,4992.975862
-608.549562,25,4996.630458
-627.055578,103,5011.349843
-672.948099,261,5048.25422
-619.607903,52,5055.766663
-106.598267,300,5098.392069
-619.624661,43,5104.577028
-614.543551,48,5114.136351
-636.732791,113,5134.144289
-634.309125,97,5148.142974
-612.159351,37,5153.460255
-614.61896,45,5159.991276
-633.59736,97,5173.856801
-632.412167,103,5188.610874
-104.775458,300,5231.742078
-615.272679,60,5240.446269
-618.969695,42,5271.413863
-631.979194,89,5284.191197
-90.579459,300,5327.136211
-610.100932,41,5333.131564
-651.137975,122,5350.589923
-630.609601,87,5363.080338
-636.647558,101,5377.560732
66.026062,300,5455.676594
-642.059804,107,5471.027911
-645.037335,116,5487.738168
-84.012912,300,5533.264241
-676.933371,185,5559.867837
48.821816,300,5605.995218
-98.640693,300,5649.245913
-94.039456,300,5692.785094
-599.287865,58,5719.468842
-107.313409,300,5762.957099
-637.453431,92,5776.398472
-619.486863,62,5785.444269
-121.017902,300,5828.83087
-629.559407,65,5838.28567
-96.201486,300,5903.601706
-622.921902,66,5913.368782
-97.866159,300,5956.811165
-663.528763,194,5984.882501
-620.250882,67,6018.972197
-100.96271,300,6062.640749
-652.01862,172,6088.086987
-641.963711,112,6104.397475
-116.914177,300,6151.042033
-613.834181,50,6169.579055
-616.345861,46,6176.461041
-645.989229,139,6196.884112
-636.059402,81,6208.935383
-668.369099,169,6233.598655
-668.530183,183,6260.317603
-622.769945,63,6269.65404
-612.805783,44,6276.175297
-617.601365,45,6282.865529
-610.572492,49,6290.151383
-631.665307,97,6327.671488
-679.648716,208,6358.241464
-614.992034,39,6364.015433
-666.313264,201,6393.583575
-98.881493,300,6437.670996
-629.677202,86,6450.260353
-100.066837,300,6508.343174
-620.923151,64,6517.856579
-641.557443,125,6539.010277
-109.334846,300,6583.60326
-616.25787,44,6590.152832
-104.755633,300,6663.347934
-108.450933,300,6707.224337
-110.985525,300,6751.052156
-108.765113,300,6814.060839
-635.10506,85,6826.599017
-656.03228,181,6853.235593
-105.41364,300,6897.255541
-104.925309,300,6965.424487
-649.456367,153,6988.170358
-98.307104,300,7032.268198
-114.801171,300,7117.108273
-113.788645,300,7162.058826
-612.067039,34,7167.299178
-625.047995,60,7176.59805
-623.528284,71,7187.14572
-690.948555,222,7220.168124
-648.909233,136,7249.057596
-663.803468,193,7277.790186
-612.380843,34,7282.986128
-607.251904,35,7288.274928
-104.590825,300,7332.882528
-33.339068,300,7377.845498
-624.955011,78,7393.874918
-105.072169,300,7438.581067
-650.41982,137,7459.117321
-642.496924,100,7474.11779
-108.757369,300,7518.843891
-681.152297,231,7570.044039
-110.920875,300,7615.310867
-635.864322,87,7628.454879
-615.930138,46,7635.424956
-686.943291,227,7669.436013
-619.531665,58,7678.242704
-660.813237,170,7715.313228
-650.504237,137,7735.992839
-104.090246,300,7783.759123
-623.2761,77,7795.408001
-610.409588,25,7799.300709
-619.989771,50,7806.970282
-611.5807,29,7811.458071
-100.72515,300,7892.760967
-102.748114,300,7938.256029
-663.111918,173,7964.321131
-120.707152,300,8047.893595
-105.682253,300,8093.787483
-105.055188,300,8139.272142
-652.248727,146,8180.61025
-107.666143,300,8226.196846
-98.319213,300,8271.791575
-101.513482,300,8363.059738
-102.18559,300,8409.743443
-657.307976,133,8430.346969
-113.860449,300,8521.842975
-110.787741,300,8568.194741
-616.592692,48,8578.695429
-633.81279,89,8592.474473
-641.0287,112,8609.85152
-634.397163,119,8628.288035
-101.31027,300,8683.540062
-629.037743,74,8695.174972
-110.129799,300,8743.416997
-712.895198,297,8789.319197
-643.460722,149,8823.13665
-111.368974,300,8869.877429
-114.247022,300,8916.163753
-662.833285,168,8942.208835
-620.044812,55,8967.780174
-98.636963,300,9014.083404
-675.227056,221,9048.676537
-106.745778,300,9095.098571
-613.46968,43,9125.124834
-101.769179,300,9171.956103
-634.431137,94,9186.678773
-635.512792,96,9204.391621
-124.819377,300,9251.008543
-648.941565,129,9271.123571
-101.389777,300,9327.774851
-107.677881,300,9374.672471
-104.875121,300,9421.37067
-102.01742,300,9488.153727
-688.957944,241,9525.789097
-693.70979,258,9566.201537
-619.41309,79,9614.238975
-639.720669,129,9634.572109
-111.390268,300,9682.135961
-91.165627,300,9729.350406
-617.210198,49,9771.499904
-691.400445,229,9807.56434
-98.926755,300,9854.967722
-103.455607,300,9902.095984
-641.036171,106,9918.920331
-100.361192,300,9973.219035
-108.132611,300,10023.371123
-687.853724,264,10065.169337
-111.605399,300,10138.221035
-92.892752,300,10185.671942
-615.546015,42,10192.412045
-114.67699,300,10239.972212
-107.797136,300,10301.65488
-112.043712,300,10349.311809
-110.690006,300,10396.994236
-615.787741,31,10422.29425
-637.124664,129,10442.865034
-610.245621,41,10449.489586
-621.865362,52,10457.896081
-704.289966,282,10503.203382
-647.494822,156,10528.134444
-605.635183,22,10531.799797
-109.934438,300,10579.817915
-113.05374,300,10630.115109
-653.440999,144,10653.221114
-700.497269,274,10699.819099
-113.559999,300,10748.244242
-95.25329,300,10798.719451
-657.650185,162,10824.909854
-615.107097,41,10831.551394
-92.785279,300,10879.523286
-627.763696,67,10890.43829
-630.508497,108,10907.884787
-607.203207,21,10911.46469
-610.909092,25,10915.608652
-616.934922,57,10925.364317
-699.405337,255,10966.605926
-657.732323,140,10989.21368
-642.130147,126,11009.497052
-88.58365,300,11058.037597
-643.97247,141,11105.565133
-609.186427,30,11110.025497
-606.675417,18,11112.923537
-105.00292,300,11157.561493
-106.484066,300,11202.911789
-108.388895,300,11282.388625
-113.156275,300,11325.934886
-616.011713,50,11333.337102
-638.744448,106,11348.768016
-624.883682,84,11400.594942
-103.404576,300,11444.187515
-687.383676,277,11484.487244
-666.117978,182,11511.085682
-640.257935,126,11529.521292
-614.932312,39,11543.859688
-111.582513,300,11587.990489
-110.096577,300,11631.829164
-96.756355,300,11675.614158
-108.96929,300,11732.43984
-626.129247,66,11742.119331
-89.143134,300,11786.071937
-99.384523,300,11830.310926
-108.223575,300,11883.383412
-620.105587,52,11891.980282
-616.094985,36,11897.404411
-85.422905,300,11941.50162
-107.602117,300,11986.626709
-638.592157,107,12009.040855
-96.308212,300,12053.248262
-98.59823,300,12097.546848
-621.489831,56,12105.978578
-657.138395,181,12171.702407
-89.801492,300,12215.678874
-89.815822,300,12259.727885
-594.076946,144,12280.990719
-90.927002,300,12340.260051
-611.822998,30,12344.771621
-617.893273,52,12352.518972
-621.322323,60,12361.491136
-112.394995,300,12405.585772
-630.356048,85,12418.155169
-636.34938,83,12459.789992
-644.112789,114,12477.543084
-97.680256,300,12521.828544
-111.215745,300,12566.113277
-625.179473,84,12612.626784
-611.008757,27,12616.71351
-653.480306,132,12636.363529
-96.206096,300,12680.654077
-689.953015,260,12718.997892
-97.071135,300,12796.866716
-612.131262,25,12800.72358
-107.383437,300,12845.353383
-92.99464,300,12889.838423
-105.750818,300,12949.620468
-641.119136,99,12964.418726
-632.380769,107,12980.454592
-114.663327,300,13025.073504
-617.155204,39,13030.947462
-95.073593,300,13102.82502
-79.4968,300,13147.517979
-675.547364,259,13186.899446
-610.081057,27,13191.058015
-682.524964,256,13250.517632
-691.831436,238,13286.147883
-633.369721,104,13301.854644
-677.50448,196,13331.219031
-614.977023,42,13337.642865
-646.47429,120,13355.628377
-620.859607,67,13365.743652
-661.877026,169,13392.01304
-640.436527,106,13408.093267
-689.508369,210,13439.671634
-627.223103,76,13451.196973
-82.043599,300,13496.50861
-609.595861,27,13500.686344
-605.627919,26,13525.703772
-651.018452,127,13544.917462
-100.71317,300,13590.225224
-636.298735,90,13603.891332
-700.83148,293,13648.852199
-607.513649,22,13681.33544
-621.735027,56,13689.952211
-615.933707,39,13695.991079
-662.039032,167,13721.205798
-619.087223,45,13728.144489
-108.401201,300,13773.710519
-633.461613,131,13793.538017
-685.150058,214,13825.955281
-606.264601,22,13837.579666
-108.945272,300,13883.197973
-89.630713,300,13929.001277
-110.708551,300,13974.673875
-612.892719,37,13980.419295
-699.353424,265,14031.157759
-113.692833,300,14076.757913
-625.703846,71,14087.727644
-617.563061,43,14094.380751
-667.926782,162,14119.184472
-616.195912,51,14127.978429
-100.00966,300,14194.621194
-647.47227,142,14216.388612
-611.334761,26,14220.514843
-672.731059,181,14248.226058
-98.356703,300,14293.94046
-103.412565,300,14351.854201
-97.138634,300,14397.776798
-692.256654,262,14437.982553
-110.827027,300,14509.598853
-653.997781,153,14533.267262
-603.027426,23,14536.912504
-615.982375,61,14546.417977
-619.377851,47,14553.803349
-615.366143,32,14558.818509
-113.00079,300,14604.737906
-620.111585,66,14632.188017
-620.56955,50,14639.959037
-105.621112,300,14686.347157
-104.883857,300,14733.747897
-104.605592,300,14779.532135
-95.353559,300,14827.681804
-108.693699,300,14874.045156
-632.980398,95,14888.817158
-631.651216,86,14902.131441
-118.73124,300,14986.78113
-668.889881,231,15022.575428
-87.115208,300,15069.153511
-634.762421,85,15082.452485
-89.011563,300,15146.285089
-625.741162,62,15156.007465
-85.405095,300,15202.514041
-95.85182,300,15249.234433
-96.549377,300,15306.424696
-646.548354,118,15324.829272
-89.130862,300,15371.47321
-83.060771,300,15418.288431
-107.312787,300,15466.710291
-107.375284,300,15514.344319
-670.238974,233,15550.58935
-664.684451,176,15578.192005
-619.211334,93,15595.795726
-616.734754,52,15604.08295
-672.170116,236,15641.061064
-620.894775,77,15653.228894
-89.186579,300,15700.303499
-96.05174,300,15789.272433
-610.872715,26,15793.475863
-694.326361,297,15839.944318
-107.18914,300,15887.031127
-607.663042,34,15892.482927
-90.3506,300,15950.664094
-649.399886,181,15979.282831
-633.513387,121,15998.344904
-95.774129,300,16045.665611
-656.334921,170,16092.286426
-651.305862,158,16117.187164
-662.987256,163,16143.959851
-647.062963,145,16166.842115
-101.012018,300,16214.374754
-611.570647,42,16235.547012
-643.463486,153,16259.728964
-664.994777,183,16288.742714
-608.076265,31,16293.791083
-619.954061,59,16303.188135
-80.898806,300,16350.838486
-644.408728,128,16371.22876
-614.176967,33,16376.615693
-627.48775,67,16387.28546
-76.514629,300,16439.970564
-102.39663,300,16487.724714
-662.435026,188,16517.610846
-617.275252,42,16524.407879
-105.278084,300,16603.758598
-94.672516,300,16651.344162
-108.966932,300,16698.964307
-648.346753,114,16718.071243
-625.729109,80,16733.085271
-95.237535,300,16780.859862
-606.57855,45,16788.172922
-664.162458,198,16819.948047
-635.603313,112,16838.028437
-634.470108,88,16898.957693
-95.274434,300,16946.776937
-646.184604,144,16969.83218
-94.292047,300,17017.745656
-666.240081,165,17044.08884
-641.553473,131,17070.063916
-112.342142,300,17117.877627
-631.819073,99,17133.770573
-679.960686,213,17167.919589
-91.250391,300,17263.736254
-669.32466,209,17298.494658
-639.953045,128,17319.607831
-109.797802,300,17368.821222
-628.171748,74,17396.482112
-611.365768,37,17402.689687
-108.587109,300,17452.518188
-96.361115,300,17502.191687
-109.834735,300,17551.67685
-89.139665,300,17603.797068
-104.510256,300,17652.831691
-622.402692,70,17664.420662
-93.302311,300,17714.242658
-689.0514,293,17772.641762
-616.536106,64,17783.41691
-82.29639,300,17832.8247
-90.358951,300,17882.357572
-97.001685,300,17944.629673
-647.482046,114,17963.695644
-104.399607,300,18013.943805
-645.258628,129,18035.424859
-616.883831,66,18077.561203
-636.994372,118,18097.595765
-682.787665,205,18133.079854
-84.236926,300,18183.103913
-642.456924,122,18204.17816
-635.609785,125,18225.665543
-92.645932,300,18291.554134
-81.49229,300,18341.308705
-108.556284,300,18392.09823
-606.286754,39,18398.831444
-638.303413,115,18433.314917
-89.030641,300,18484.197405
-611.058881,39,18490.839957
-80.489002,300,18541.681033
-633.474759,134,18611.278077
-673.056552,228,18650.823424
-666.960589,233,18690.085897
-614.671631,49,18698.417999
-613.762596,39,18705.094853
-621.459227,49,18713.399681
-664.815513,217,18750.66968
-645.046974,114,18784.495904
-631.629971,89,18799.397418
-620.245145,74,18811.795254
-109.232733,300,18862.937639
-112.023752,300,18913.746624
-663.496791,159,18966.456239
-673.562672,227,19005.086794
-627.352174,129,19026.965269
-95.10247,300,19077.536366
-611.846139,29,19117.933478
-103.415753,300,19169.024013
-621.450636,55,19178.410939
-106.240365,300,19228.796443
-103.357924,300,19279.350654
-613.755067,39,19286.054788
-696.13051,279,19333.899986
-94.54732,300,19384.311231
-689.222993,240,19425.187809
-623.407395,73,19437.513708
-629.864287,85,19475.708776
-85.362001,300,19526.079195
-81.601096,300,19576.500558
-625.946967,86,19591.173136
-682.271097,254,19676.98534
-91.500236,300,19727.466651
-75.354562,300,19778.456292
-121.332097,300,19858.189204
-620.208996,47,19866.295825
-703.004566,268,19911.674056
-96.659946,300,19963.125686
-103.57589,300,20032.840219
-621.204615,69,20044.51707
-620.974666,71,20056.609398
-103.340334,300,20107.538865
-91.982725,300,20206.751808
-103.394806,300,20259.343178
-93.188913,300,20310.418098
-100.226223,300,20382.695488
-681.314667,226,20421.711512
-606.98741,19,20425.056813
-101.418619,300,20475.60813
-116.851249,300,20557.538431
-90.090377,300,20608.571968
-99.873407,300,20659.644418
-612.821669,25,20685.683077
-614.592316,31,20691.090685
-102.778037,300,20741.940803
-110.223633,300,20792.680054
-608.249924,22,20796.537687
-99.774463,300,20847.40196
-648.36696,123,20876.803635
-98.754851,300,20927.756572
-113.332048,300,20979.40678
-104.503328,300,21031.359017
-82.060188,300,21083.899217
-638.318102,149,21109.574205
-119.779858,300,21161.596678
-671.112031,190,21195.975482
-643.84777,130,21233.82748
-625.072919,75,21247.050467
-609.846189,30,21252.458084
-671.951448,211,21289.279418
-683.268255,210,21326.422232
-105.877402,300,21377.688624
-648.393563,152,21416.473755
-118.675912,300,21468.113847
-111.95946,300,21519.710964
-651.044837,153,21546.324906
-100.404294,300,21619.68662
-81.165282,300,21671.536465
-91.278995,300,21723.662394
-657.837038,162,21774.408447
-102.366851,300,21826.016155
-629.349497,69,21838.12571
-626.958743,74,21851.357049
-621.709695,59,21861.845512
-114.237383,300,21915.515896
-106.934313,300,21979.551293
-630.290805,77,21993.057744
-654.821515,166,22021.621414
-101.464496,300,22073.551592
-109.787074,300,22157.975555
-623.720177,62,22168.874702
-609.364332,30,22174.204167
-694.541569,249,22217.474271
-85.666109,300,22269.673394
-616.045223,55,22279.384252
-103.374333,300,22338.398796
-690.609057,255,22383.370557
-654.49652,163,22412.032035
-642.406726,111,22431.562376
-612.272445,36,22437.980212
-621.349258,52,22475.669292
-98.019927,300,22528.307881
-643.099234,100,22546.001306
-633.668215,84,22561.656121
-83.826438,300,22614.272043
-670.545834,196,22682.33673
-606.880538,18,22685.654562
-109.393766,300,22737.791758
-102.866075,300,22790.626029
-668.92036,220,22867.699305
-639.919626,114,22887.789704
-89.765355,300,22940.764944
-109.652333,300,22993.570236
-625.900363,69,23005.835938
-106.332075,300,23063.474528
-111.584585,300,23116.872612
-668.260753,201,23152.446458
-105.48496,300,23245.686884
-617.142398,65,23257.476604
-110.580778,300,23310.807965
-87.415596,300,23364.565191
-663.29222,182,23408.485857
-112.912564,300,23471.979554
-98.124894,300,23532.44207
-102.33249,300,23645.7597
-84.187635,300,23712.082176
-641.851727,144,23743.690256
-620.827378,45,23753.62958
-108.875477,300,23871.879464
-639.720222,114,23897.269752
-642.985456,154,23929.467516
-687.613564,258,23984.014872
-629.998223,98,24004.627458
-95.52607,300,24088.690174
-684.803101,196,24129.28565
-699.752116,279,24187.394812
-112.237834,300,24302.664353
-107.437145,300,24366.721188
-114.335495,300,24431.247521
-102.152449,300,24522.616973
-640.534366,100,24544.410778
-615.179619,32,24554.051982
-89.513645,300,24615.101055
-652.949372,171,24710.130849
-623.393281,61,24722.631598
-104.920482,300,24783.452176
-107.470672,300,24844.371796
-639.228012,114,24907.491172
-643.27965,134,24934.863203
-683.638929,250,24985.88743
-81.467976,300,25047.097496
-651.867682,165,25080.720473
-113.102069,300,25155.270277
-102.058877,300,25216.565206
-677.877455,196,25256.630744
-90.218162,300,25365.074921
-111.114147,300,25426.708437
-107.773119,300,25488.42291
-636.163767,122,25539.603826
-94.086599,300,25600.984442
-643.312667,133,25631.091928
-643.261021,124,25657.897272
-113.136605,300,25722.089944
-619.562632,73,25748.443024
-107.061395,300,25812.888371
-704.654168,295,25876.135293
-640.129962,113,25900.540287
-677.03178,256,26008.256578
-111.934523,300,26072.805753
-622.230054,39,26081.372463
-650.156324,186,26121.955535
-605.079535,33,26129.269894
-652.479375,154,26162.396817
-101.980653,300,26240.179581
-96.271833,300,26305.202222
-632.352857,92,26325.340773
-93.083481,300,26390.259275
-83.152482,300,26461.796628
-622.369246,61,26474.572358
-660.620538,175,26515.993441
-105.253681,300,26578.345575
-110.955,300,26680.941279
-699.110361,292,26741.352337
-667.685196,217,26786.400749
-110.399316,300,26894.35947
-93.208529,300,26956.582076
-100.29567,300,27019.164303
-87.003881,300,27108.8006
-91.613026,300,27171.455139
-101.222392,300,27234.257361
-628.228525,80,27277.753746
-108.007516,300,27340.291918
-91.825027,300,27403.160292
-97.158127,300,27465.717268
-90.765803,300,27538.543473
-108.68595,300,27601.58076
-84.575291,300,27664.173227
-664.29064,179,27728.44947
-614.409582,52,27742.351489
-93.49253,300,27805.433268
-630.943049,81,27822.568
-104.158208,300,27885.727115
-94.170343,300,27973.334297
-630.675572,80,27990.328551
-90.281064,300,28053.592655
-615.284816,42,28062.38918
-89.926944,300,28125.215015
-78.58929,300,28189.199052
-100.429297,300,28252.052055
-624.426219,81,28269.081607
-631.226469,127,28295.992238
-96.692978,300,28405.18303
-108.540075,300,28468.074205
-649.475599,145,28498.948078
-615.6176,50,28509.69039
-699.577573,278,28617.740019
-86.365635,300,28681.051885
-617.581659,55,28695.40735
-647.470222,192,28736.011325
-91.480831,300,28841.899283
-632.700511,123,28868.072259
-629.524242,67,28882.311661
-689.744874,232,28931.464349
-86.485402,300,28995.372588
-679.224346,250,29049.431068
-669.232089,192,29090.648471
-105.972066,300,29154.48431
-617.564227,38,29222.700223
-99.988308,300,29286.357603
-643.279488,135,29314.956669
-97.92189,300,29378.505907
-625.542169,60,29391.411147
-671.427109,182,29429.909277
-699.227587,283,29493.118456
-81.001711,300,29556.672642
-95.771179,300,29620.260149
-85.859092,300,29716.891094
-100.467671,300,29780.516107
-88.269571,300,29844.492398
-680.880903,233,29921.153993
-105.712468,300,29985.247004
-97.179108,300,30049.38004
-625.088368,57,30061.595827
-658.09871,146,30122.497107
-604.974542,20,30126.916029
-100.583719,300,30190.936825
-652.03961,162,30225.885067
-78.969637,300,30290.572827
-99.004106,300,30376.281678
-74.174396,300,30440.908865
-636.922025,137,30470.554243
-642.045329,135,30562.614286
-87.350762,300,30629.371854
-102.026331,300,30696.77953
-646.242895,156,30796.808017
-660.442889,160,30835.254145
-65.444994,300,30902.538689
-79.941469,300,30970.114719
-653.193908,178,31036.843615
-106.679006,300,31105.597282
-99.354156,300,31173.475288
-107.635018,300,31298.522659
-115.778122,300,31366.600136
-639.036098,150,31400.738395
-123.977335,300,31529.418416
-89.727418,300,31594.959794
-86.936972,300,31660.03852
-94.998686,300,31753.215153
-85.391062,300,31819.393981
-622.756797,61,31834.2816
-94.539224,300,31901.956806
-72.885204,300,31985.470073
-104.503814,300,32057.554083
-79.848488,300,32129.21277
-618.253101,60,32146.734494
-100.612828,300,32228.505412
-96.563088,300,32294.21965
-652.228629,146,32326.414179
-623.538245,55,32338.58276
-117.968427,300,32456.425965
-111.196627,300,32525.816957
-66.505674,300,32595.170844
-92.313455,300,32694.230678
-106.723318,300,32763.303155
-662.236849,159,32799.80916
-649.803398,165,32837.717726
-95.797777,300,32929.755364
-634.36351,129,32958.122563
-103.700563,300,33025.044999
-83.278462,300,33161.112911
-635.570685,112,33186.903636
-78.653059,300,33256.501969
-83.241981,300,33325.780654
-631.932296,94,33354.290064
-88.342525,300,33424.241582
-95.64932,300,33493.279628
-708.040879,286,33559.4169
-610.274392,34,33578.452496
-92.9401,300,33647.589769
-622.01212,75,33664.971996
-646.129206,123,33693.20391
-67.522004,300,33762.009923
-620.471902,84,33781.289939
-613.481312,34,33815.326259
-97.422022,300,33884.78639
-76.124519,300,33953.870075
-101.006705,300,34024.280093
-102.987057,300,34116.549329
-681.11165,281,34179.298645
-75.82735,300,34247.243003
-80.848821,300,34346.669575
-665.156841,206,34392.783184
-97.155927,300,34462.439174
-610.324765,33,34470.038511
-86.856629,300,34579.947111
-63.89276,300,34647.579864
-72.649364,300,34715.091229
-659.275135,159,34780.383121
-88.385853,300,34848.219975
-677.507461,250,34905.101775
-652.534517,181,34945.681029
-602.28711,44,34955.842516
-73.104565,300,35045.458953
-682.480653,284,35109.200616
-69.01918,300,35176.84807
-110.958734,300,35276.730077
-109.150896,300,35344.541534
-84.791474,300,35412.213485
-637.793064,101,35435.000758
-90.882157,300,35508.594981
-87.745411,300,35576.17564
-80.237825,300,35646.267385
-99.595934,300,35742.895793
-64.700292,300,35810.580319
-653.208058,207,35857.470369
-79.928552,300,35976.038177
-626.28173,76,35993.410138
-91.25315,300,36061.770671
-93.07989,300,36129.583001
-77.234671,300,36209.284846
-620.075182,60,36223.138012
-698.339833,266,36283.898266
-70.484654,300,36351.856071
-71.350143,300,36443.983832
-616.875945,73,36460.71921
-622.403881,90,36481.338665
-66.48069,300,36549.595685
-608.982172,20,36554.349625
-608.694524,72,36570.917092
-79.194543,300,36678.43819
-79.771346,300,36749.395591
-105.106208,300,36817.933261
-653.830576,266,36907.209515
-646.230412,132,36937.17364
-610.165395,89,36957.397413
-83.928406,300,37025.548275
-608.330108,30,37032.560969
-653.677572,180,37121.947295
-641.64817,120,37149.566763
-73.4086,300,37218.233791
-104.319076,300,37286.861413
-73.46982,300,37384.659083
-90.824035,300,37453.281961
-675.171306,230,37505.546838
-643.781627,115,37577.154029
-631.609029,118,37604.370344
-617.569923,61,37618.695832
-84.761158,300,37687.399164
-108.228713,300,37756.135292
-620.978674,68,37805.263139
-83.809083,300,37875.192912
-688.667691,267,37937.421057
-93.957186,300,38006.156466
-83.547537,300,38096.361129
-65.48159,300,38165.406706
-76.782776,300,38234.202069
-615.152626,76,38251.890939
-37.791149,300,38333.015754
-613.600128,56,38345.979725
-97.691972,300,38415.406746
-71.005014,300,38484.742214
-634.451852,68,38517.431212
-62.526244,300,38586.700409
-73.692865,300,38656.382744
-77.510328,300,38725.442867
-74.590351,300,38808.778963
-79.570203,300,38877.923639
-99.917162,300,38947.285062
-626.975045,83,38969.23225
-83.678909,300,39049.643287
-81.043368,300,39119.209059
-78.826339,300,39188.814896
-68.660673,300,39288.524877
-72.540882,300,39358.628649
-85.628503,300,39428.607871
-66.7689,300,39528.310433
-78.257795,300,39598.330316
-90.368638,300,39668.349875
-668.952958,224,39750.985458
-60.831048,300,39821.58718
-96.815107,300,39892.2681
-629.932698,111,39918.542749
-98.118514,300,40010.789213
-80.814995,300,40081.321419
-78.529262,300,40151.63034
-638.754057,96,40174.369116
-100.486494,300,40252.394325
-98.187589,300,40325.631151
-635.958758,95,40348.050651
-109.150361,300,40418.636343
-93.128277,300,40497.58765
-85.202014,300,40568.801234
-78.424735,300,40638.86033
-80.737978,300,40739.388633
-94.772322,300,40809.66022
-63.140502,300,40880.071162
-608.151693,25,40886.143458
-605.007952,37,40895.017122
-64.692598,300,40981.232025
-65.701955,300,41051.836786
-71.563036,300,41122.245986
-636.125836,99,41145.686105
-619.026492,44,41163.191618
-84.605782,300,41233.728689
-76.243996,300,41304.468727
-670.61086,236,41360.271841
-64.231599,300,41468.835267
-70.035072,300,41539.664959
-649.191748,163,41578.522418
-65.488243,300,41712.149154
-654.032723,180,41754.873328
-620.639107,81,41774.227733
-74.152837,300,41845.229781
-71.134621,300,41955.792686
-69.253968,300,42027.102122
-78.545334,300,42098.235246
-633.989356,97,42121.499158
-95.441623,300,42200.073653
-661.957824,163,42238.924342
-611.755262,60,42253.379956
-64.962615,300,42324.823886
-641.683769,126,42403.448
-76.37379,300,42474.850008
-603.549175,20,42479.811716
-74.232261,300,42551.294796
-89.17144,300,42692.545972
-63.381469,300,42763.984576
-72.720921,300,42835.487871
-61.211924,300,42938.185244
-622.427386,43,42948.62224
-69.078011,300,43020.158202
-620.824663,96,43043.247853
-662.469639,193,43089.527261
-664.964256,280,43179.69146
-74.534026,300,43251.30233
-71.323297,300,43322.930981
-77.991143,300,43429.971165
-618.544705,119,43458.548273
-95.379559,300,43530.148651
-70.335122,300,43602.243911
-66.262377,300,43676.336371
-618.664126,71,43693.586105
-79.933795,300,43766.002217
-66.823154,300,43838.129064
-64.179091,300,43926.730073
-68.525998,300,43998.809442
-68.513569,300,44070.85208
-102.488662,300,44173.7383
-609.778858,23,44179.517688
-68.846509,300,44251.803778
-81.380336,300,44324.028047
-83.952441,300,44421.794868
-70.848357,300,44494.624886
-59.934771,300,44567.056394
-78.072751,300,44670.561403
-71.122478,300,44742.903772
-88.903152,300,44815.076889
-624.085406,62,44861.382647
-58.857703,300,44934.104595
-77.817151,300,45007.00639
-77.872453,300,45080.019281
-629.493863,79,45115.233825
-71.934304,300,45188.028505
-608.366811,43,45201.299835
-76.821675,300,45274.129879
-68.462863,300,45346.850205
-70.699189,300,45421.500063
-80.68092,300,45494.564018
-70.817686,300,45567.829023
-71.88316,300,45672.012635
-63.551805,300,45745.079503
-71.455055,300,45818.009244
-52.070419,300,45922.160677
-655.384199,280,45990.663852
-83.720405,300,46063.995963
-97.576295,300,46173.630063
-76.716353,300,46246.891165
-81.429502,300,46320.228565
-608.371607,37,46361.028376
-74.430636,300,46434.495481
-59.48023,300,46507.884618
-669.819366,163,46547.822109
-68.686651,300,46679.657812
-612.189204,27,46686.46346
-78.879218,300,46760.254069
-76.222406,300,46834.170679
-623.334089,57,46873.042717
-65.909217,300,46946.885973
-634.39174,114,46975.154311
-618.805053,42,46985.699685
-611.808335,29,46993.056582
-71.820691,300,47066.650844
-620.713845,77,47131.476131
-609.287211,91,47154.101981
-51.245543,300,47228.021372
-51.539782,300,47301.892765
-69.894164,300,47439.628322
-75.390775,300,47513.846769
-76.07614,300,47588.257564
-71.58783,300,47693.991107
-67.271186,300,47767.867517
-615.217002,52,47783.579537
-54.477781,300,47858.278251
-644.775894,144,47912.782393
-75.00319,300,47987.350181
-71.280607,300,48061.683892
-57.742486,300,48206.104639
-71.757854,300,48280.24363
-74.015997,300,48354.339318
-66.976148,300,48460.729964
-620.727722,50,48473.317851
-64.104071,300,48547.772779
-84.460497,300,48622.418864
-68.831229,300,48716.394876
-79.584876,300,48790.93116
-58.287911,300,48865.494286
-55.652387,300,48972.029377
-64.375088,300,49046.661736
-643.669231,188,49093.700962
-65.649556,300,49228.492159
-619.315178,110,49258.681497
-625.887497,105,49285.178743
-63.076001,300,49360.161751
-623.106951,85,49381.467626
-75.823907,300,49488.46443
-60.017386,300,49563.618785
-84.992574,300,49638.823731
-62.519406,300,49746.225302
-71.289532,300,49821.595676
-638.497222,138,49856.353144
-62.972367,300,50004.099578
-69.855336,300,50079.520531
-69.247329,300,50154.788216
-55.649774,300,50262.761346
-59.248701,300,50338.133814
-59.25855,300,50413.71479
-61.08213,300,50521.624745
-58.306508,300,50597.327122
-623.41782,77,50616.877839
-5.22174,300,50695.168873
-56.851521,300,50783.933246
-78.479239,300,50859.665932
-86.759365,300,50935.337391
-73.156117,300,51043.520899
-69.922955,300,51119.243906
-57.003527,300,51195.030642
-70.021245,300,51303.548104
-68.527561,300,51379.637006
-37.57911,300,51455.712371
-619.595795,76,51475.198107
-642.881883,225,51545.548174
-68.973934,300,51621.669424
-79.927424,300,51697.791916
-654.50277,229,51807.665051
-89.601647,300,51883.808259
-43.797749,300,51960.085079
-657.334237,183,52057.15278
-65.238284,300,52133.792932
-64.680535,300,52212.735399
-79.601111,300,52351.960361
-69.687031,300,52428.605325
-612.326219,84,52450.344538
-60.250823,300,52526.992512
-65.637397,300,52615.13291
-65.792112,300,52691.956097
-71.590396,300,52768.867958
-664.92126,289,52875.820349
-607.404871,21,52881.427513
-64.699545,300,52958.22288
-82.185379,300,53035.179147
-61.653916,300,53142.492468
-629.838001,67,53159.834574
-73.941388,300,53237.040863
-65.297269,300,53313.975742
-631.105488,98,53355.13049
-61.232389,300,53432.441453
-57.640491,300,53509.563124
-616.661779,126,53544.783018
-649.033092,142,53581.456325
-613.62759,37,53607.339059
-681.295359,244,53670.248011
-651.578115,184,53717.717381
-60.242442,300,53794.444509
-48.093283,300,53939.302509
-84.290958,300,54016.629346
-651.982631,213,54071.798095
-66.849403,300,54204.927619
-70.099526,300,54282.446533
-624.021014,67,54299.894432
-612.572162,53,54313.752334
-63.747204,300,54391.073038
-71.529697,300,54471.338931
-60.675346,300,54549.168042
-48.357716,300,54626.681633
-73.696925,300,54737.787349
-61.149731,300,54815.853962
-62.846051,300,54896.39153
-664.133237,291,55005.444718
-621.927953,70,55023.734496
-42.471506,300,55101.817496
-70.081948,300,55179.780849
-35.380053,300,55275.554839
-71.195744,300,55353.747264
-609.581499,24,55360.216416
-50.504776,300,55438.413161
-99.354748,300,55543.926976
-623.401924,100,55570.097054
-55.052264,300,55648.371264
-58.245948,300,55726.592975
-78.161398,300,55812.573735
-65.835661,300,55891.169427
-52.716445,300,55969.746098
-613.933609,39,55980.190645
-52.18336,300,56082.279726
-641.543554,125,56115.270402
-55.981238,300,56196.644587
-61.806821,300,56354.686179
-660.756814,246,56419.340359
-608.94883,23,56425.582105
-49.084881,300,56504.286532
-70.947432,300,56624.547576
-18.933798,300,56703.450072
-82.617836,300,56782.269855
-49.379079,300,56895.208392
-68.929221,300,56974.421162
-647.224885,209,57029.505107
-63.819993,300,57166.27811
-642.980289,226,57225.987931
-83.093253,300,57305.077114
-43.799467,300,57437.704654
-63.848337,300,57516.804208
-73.348355,300,57596.033785
-642.583323,105,57657.911477
-58.461645,300,57737.128522
-83.968776,300,57819.043103
-55.458587,300,57898.374524
-64.005912,300,57984.207705
-58.105892,300,58063.51899
-60.191325,300,58143.109737
-58.280676,300,58256.928836
-65.284608,300,58336.740884
-47.208288,300,58416.143842
-616.607109,104,58478.015347
-44.975712,300,58557.577136
-653.848006,248,58623.467426
-624.091584,194,58675.048784
-77.072483,300,58802.968669
-618.729724,47,58815.625256
-43.802366,300,58895.697564
-52.806465,300,58975.624913
-73.29728,300,59077.235129
-60.382374,300,59157.116398
-606.807916,20,59162.676432
-616.385786,51,59179.05076
-79.515728,300,59259.016695
4.641594,300,59391.198168
-642.554863,179,59439.483203
-53.963786,300,59519.589602
-76.100857,300,59666.877438
-71.479227,300,59747.025683
-53.280659,300,59827.566682
-67.229514,300,59942.381766
-73.417523,300,60022.996019
-627.505703,92,60047.767543
-635.171214,124,60081.213184
-78.419483,300,60218.437868
-612.960797,31,60226.961848
-72.312564,300,60307.552455
-59.270153,300,60388.254729
-632.241029,77,60409.170351
-52.837128,300,60495.330405
-65.748812,300,60576.265437
-71.438988,300,60659.493006
-605.05126,51,60673.651681
-71.479364,300,60775.278652
-16.41886,300,60856.218264
-59.048682,300,60937.03932
-617.179978,89,60995.768205
-51.054576,300,61076.757967
-62.602898,300,61158.306968
-65.610959,300,61239.170891
-59.224672,300,61331.175294
-78.586185,300,61412.427644
-646.528741,194,61465.029904
-655.740362,233,61591.375628
-77.473784,300,61672.787217
-77.029736,300,61754.081288
-651.732661,244,61873.755854
-50.884537,300,61955.342256
-59.364468,300,62036.83602
-63.145986,300,62168.494484
-66.058831,300,62253.030892
-34.145787,300,62334.764246
-677.424701,229,62432.064925
-83.946735,300,62513.704421
-66.54494,300,62595.598555
-56.68434,300,62731.999803
-62.845812,300,62813.797482
-636.302562,111,62844.167687
-646.822112,166,62889.634059
-635.910324,108,62919.246972
-52.497756,300,63013.067777
-50.793412,300,63094.966239
-97.933124,300,63177.492827
-630.127662,93,63203.265493
-72.989314,300,63295.041244
-67.424828,300,63376.819178
-63.702349,300,63458.757259
-77.970317,300,63576.129916
-51.204095,300,63658.363236
-51.353169,300,63745.1952
-66.405247,300,63865.064944
-70.400511,300,63949.125403
-61.467467,300,64032.984329
-73.549887,300,64153.006264
-75.287564,300,64237.075148
-81.191208,300,64321.352652
-88.998134,300,64441.763992
-633.191035,116,64474.489132
-50.087033,300,64558.750718
-49.831966,300,64642.896935
-66.124553,300,64731.276221
-51.164949,300,64815.294215
-65.610221,300,64899.453357
-60.316372,300,65020.290043
-27.424742,300,65105.125278
-61.893323,300,65189.502942
-32.244073,300,65310.205113
-54.027486,300,65394.705371
-61.8989,300,65481.999339
-607.354956,32,65527.720832
-37.904389,300,65612.153363
-626.062633,119,65645.862544
-643.00528,129,65682.502393
-644.234445,147,65724.12594
-642.633233,272,65801.154543
-648.07095,229,65874.715241
-61.057454,300,65959.712268
-60.496257,300,66044.686868
-678.180788,194,66099.481187
-66.40668,300,66186.221474
-66.510625,300,66271.142097
-53.963738,300,66356.171239
-639.223074,132,66430.292958
-78.038592,300,66515.225468
-60.208705,300,66600.614246
-59.367952,300,66770.092381
-45.220726,300,66855.556235
-636.917934,98,66886.127798
-72.795807,300,66971.39871
-627.009573,266,67056.09167
-71.030188,300,67141.509583
-49.776698,300,67227.509274
-60.790178,300,67359.338377
-37.489424,300,67445.340194
-56.393884,300,67531.040076
-43.847822,300,67653.739007
-58.128055,300,67739.706019
-620.081032,79,67762.657261
-50.497754,300,67848.544481
-40.308978,300,67948.249921
-647.419509,109,67979.676918
-68.09441,300,68065.644416
-67.448507,300,68151.634948
-63.908775,300,68243.321131
-65.361449,300,68329.738382
-27.155914,300,68415.931991
-63.029816,300,68541.627183
-64.196906,300,68627.694475
-660.395742,253,68700.621832
-56.593933,300,68840.735363
-61.184694,300,68925.552576
-59.108046,300,69010.456094
-46.688392,300,69131.559146
-56.058441,300,69216.816439
-51.817764,300,69301.505457
-66.904767,300,69422.828182
-69.155511,300,69507.794198
-608.149116,22,69514.298981
-633.436517,97,69542.048968
-645.515666,184,69596.905108
-69.384192,300,69719.075175
-609.544108,21,69725.307281
-83.449841,300,69810.983468
-53.970819,300,69897.260482
-661.54761,273,70006.997852
-610.930595,35,70019.944477
-57.026394,300,70106.669322
-67.636297,300,70192.894256
-80.122142,300,70314.038655
-81.003877,300,70400.285157
-65.590678,300,70486.501972
-624.782952,78,70546.738911
-65.956556,300,70633.270018
-652.555473,152,70676.836457
-610.959805,62,70694.795238
-58.337995,300,70780.491893
-612.639593,261,70894.600092
-629.887852,175,70944.926539
-615.483856,60,70962.376454
-81.553876,300,71048.506236
-631.714348,91,71141.422067
-63.348477,300,71227.567332
-65.123546,300,71313.512204
-616.066839,41,71325.477528
-621.266691,86,71438.027076
-54.086044,300,71524.297718
-56.254643,300,71610.369304
-611.862489,29,71618.992767
-68.233852,300,71705.212267
-69.201577,300,71797.417586
-56.079377,300,71885.526287
-60.616043,300,71972.849598
-74.541296,300,72099.104798
-16.738229,300,72188.628854
-629.26231,131,72234.979433
-69.979947,300,72407.397352
-68.473057,300,72494.438933
-63.674613,300,72581.161793
-612.179619,32,72590.647039
-642.175108,239,72687.556301
-26.960688,300,72774.519554
-41.764791,300,72861.462187
-623.666274,119,72950.888129
-73.094662,300,73040.415289
-77.182924,300,73127.120184
-52.857421,300,73213.649499
-613.889776,47,73230.386172
-621.950373,66,73249.746751
-74.325427,300,73336.748828
-71.33555,300,73423.757779
-61.407611,300,73510.898417
-51.313202,300,73602.803715
-626.045486,110,73635.033399
-56.649691,300,73722.09762
-630.344502,184,73775.422609
-93.416464,300,73901.603211
-645.27518,150,73945.421496
-53.666867,300,74032.908074
-76.130767,300,74207.161154
-58.4054,300,74297.590235
-666.56399,263,74374.998837
-616.851476,45,74436.635086
-74.684077,300,74529.725659
-43.786381,300,74617.856749
-639.142758,173,74668.708756
-70.624881,300,74819.71253
-61.405131,300,74911.249986
-604.154597,57,74928.23887
-620.923412,136,74968.345204
-647.199418,231,75036.103744
-66.261865,300,75125.59518
-57.580482,300,75213.588184
-55.61491,300,75301.541913
-618.260276,51,75354.550987
-54.679325,300,75443.020629
-68.689004,300,75531.633323
-40.735051,300,75620.185229
-71.943797,300,75731.687208
-613.76156,35,75742.272832
-65.934625,300,75830.813342
-648.022809,177,75883.376023
-84.417304,300,76038.503065
-74.106499,300,76126.886129
-65.674268,300,76215.487548
-70.983337,300,76342.478206
-88.877266,300,76431.281373
-62.35441,300,76520.000281
-19.605572,300,76646.82926
-69.209958,300,76735.529438
-69.707189,300,76824.42217
-78.167835,300,76951.960134
-70.03284,300,77041.015666
-616.041018,38,77052.50414
-80.592023,300,77141.343496
-623.93079,124,77205.242557
-614.188594,55,77221.839193
-47.708948,300,77310.909041
-62.167176,300,77399.922021
-644.227216,139,77441.180694
-71.739861,300,77563.080498
-669.363627,256,77641.841777
-647.501441,158,77689.143692
-44.887178,300,77778.442972
-52.108741,300,77872.348955
-29.926972,300,77961.995387
-70.771142,300,78052.802598
-630.373623,87,78079.28114
-66.457085,300,78181.263075
-75.661333,300,78271.19699
-54.672029,300,78360.664282
-618.656928,82,78424.838667
-66.238118,300,78517.319148
-74.144808,300,78607.018719
-33.870805,300,78696.733467
-630.070638,210,78773.789515
-32.734203,300,78863.653129
-64.568401,300,78953.75486
-609.603194,31,79028.856045
-46.764676,300,79121.00532
-85.381259,300,79216.697216
-56.694103,300,79307.05596
-608.882561,22,79343.51689
-76.383964,300,79434.863335
-663.055219,299,79527.6143
-57.070409,300,79619.869751
-18.857616,300,79743.741396
-59.936602,300,79836.774814
-648.766773,292,79928.168845
-674.41143,222,80040.237021
-53.91828,300,80132.51072
-35.595483,300,80227.039865
                             -59.556038,300,80487.038467
-613.919631,44,80500.857025
-59.447822,300,80592.112414
-610.133665,37,80603.585625
-52.577164,300,80708.954452
-84.664484,300,80799.767623
-62.904848,300,80893.322899
-628.87354,113,80966.764353
-614.862121,129,81006.180295
-640.580092,170,81057.81614
-606.812176,22,81064.761443
-609.752062,26,81072.936
-86.151622,300,81163.872608
-60.915006,300,81336.756658
-618.706384,41,81349.470085
-45.116715,300,81440.55053
-69.182217,300,81531.82396
-608.497689,28,81567.215752
-62.423224,300,81658.356194
-52.858021,300,81749.545483
-63.003166,300,81840.852564
-59.508021,300,81963.175184
-663.795829,272,82046.192765
-53.641192,300,82137.652222
-673.423133,299,82276.514704
-56.188304,300,82370.8629
-48.744151,300,82462.690118
-64.115548,300,82594.420501
-65.860739,300,82685.79313
-79.110988,300,82777.370215
-41.730175,300,82908.654718
-23.307942,300,83000.449207
-639.560812,157,83048.748619
-47.97304,300,83223.783533
-674.939971,231,83294.740129
-59.885711,300,83386.585398
-614.03478,39,83459.071244
-626.254304,108,83492.33305
-63.50436,300,83584.231983
-73.636961,300,83676.379462
-54.261606,300,83855.446937
-69.2828,300,83947.587581
-611.2878,39,83959.884751
-634.988741,125,83998.923863
-45.974956,300,84175.337404
-633.249905,134,84216.894821
-625.173141,72,84239.144307
-44.202174,300,84331.53369
-638.594757,180,84386.885636
-62.21621,300,84492.496835
-72.761647,300,84584.725341
-51.438312,300,84677.069535
-615.357727,46,84731.265195
-608.541122,224,84801.260174
-62.493109,300,84897.416213
-636.327554,144,84945.615598
-608.587051,29,84955.109198
