#{"t_start": 1571163600.4939384, "env_id": "highway-discrete-v0"}
r,l,t
-621.784519,35,6.313664
-615.200421,51,13.213363
-604.492817,23,16.392529
-622.884688,37,21.325788
-659.998691,127,38.093616
-619.40899,51,44.900661
-612.926639,30,48.954952
-667.210618,132,66.019852
-618.719637,33,70.357267
-613.208081,67,79.149535
-620.899323,63,87.323932
-605.140246,21,90.131617
-628.776374,69,99.09712
-604.474997,24,102.284281
-603.131261,21,105.096772
-627.368847,58,112.605644
-633.719657,83,123.08566
-707.349624,262,159.303333
-612.296273,19,163.179476
-606.134517,32,169.755047
-605.931304,26,173.656561
-613.017279,29,178.320691
-637.457978,64,190.428072
-606.044632,21,193.361083
-608.040065,26,198.659304
-619.618371,53,205.948549
-611.959826,35,210.653196
-624.602616,39,218.534568
-610.458835,34,223.297256
-608.527974,36,229.205125
-647.218827,93,242.022897
-615.172168,30,247.086656
-617.08783,33,251.627857
-603.923333,18,254.309907
-614.718718,24,257.970352
-609.313654,26,262.408707
-606.730511,26,266.084595
-612.265267,25,269.586889
-615.253224,31,274.687975
-639.876075,87,286.591613
-656.97685,147,308.490316
-609.245113,18,311.007704
-627.800966,67,320.975913
-634.69075,65,329.974895
-628.352024,49,337.487884
-609.141669,24,340.752849
-611.153906,37,346.786777
-603.147383,16,349.026319
-661.326467,145,369.478048
-612.552168,37,374.476375
-635.708619,64,383.952781
-635.257231,80,395.6108
-620.13789,58,404.228528
-613.478819,39,409.613265
-661.722187,136,428.59942
-608.218349,21,431.494006
-602.569383,32,436.952883
-615.324514,28,440.897581
-638.023451,69,454.368189
-616.32665,52,461.447146
-611.309479,19,464.04762
-609.040329,40,471.146657
-617.937114,47,478.726132
-625.165861,62,487.819972
-652.744685,150,509.0822
-622.905411,38,515.211398
-637.351183,104,529.874597
-626.903384,50,536.594878
-606.673776,27,541.215651
-608.070233,36,546.159232
-619.609436,71,556.746623
-615.983328,54,564.326511
-657.823122,91,577.380113
-651.652302,80,588.892015
-653.292296,96,603.671733
-638.395429,79,616.001154
-639.868931,67,624.691763
-607.042976,25,628.867526
-629.263923,100,642.949789
-605.82788,26,646.477731
-602.920999,17,648.858757
-636.639978,75,659.99363
-630.627246,64,668.521092
-628.174487,48,675.935277
-613.258363,39,681.111838
-626.745075,65,690.470854
-612.258739,28,694.201482
-664.518441,135,713.637363
-620.039143,48,720.060892
-619.000484,47,727.272712
-615.816752,52,734.406753
-628.170961,68,744.316898
-637.610076,87,756.709757
-604.401711,20,759.493986
-651.768566,94,772.563365
-635.209434,87,785.408599
-633.125087,51,792.185648
-626.072898,50,799.732997
-603.612738,15,801.808017
-607.279075,33,806.275807
-620.628345,52,813.989553
-680.951717,143,833.849007
-625.760247,66,843.440249
-605.288572,17,845.730095
-657.056119,110,861.181237
-636.227462,70,871.248061
-615.222015,26,874.744393
-601.387439,21,877.662128
-610.104148,63,886.938286
-638.104229,81,898.517385
-626.681816,47,905.163126
-616.024712,42,911.752583
-603.91333,19,914.381607
-605.952776,38,919.540843
-609.118394,22,922.545119
-618.750544,54,931.071548
-613.204646,49,938.189278
-611.525314,33,943.490245
-606.364114,23,946.658297
-606.352861,22,949.626792
-641.911887,67,959.664616
-611.537476,50,966.40378
-652.769017,130,985.573546
-604.989098,28,989.347113
-611.915097,36,995.128412
-617.075663,40,1001.877844
-621.583926,87,1013.44583
-604.685629,20,1017.099969
-622.867029,76,1027.182469
-643.431881,107,1043.457802
-626.591957,51,1050.339003
-614.921916,46,1056.679029
-613.870694,59,1065.423391
-605.494959,16,1067.674721
-611.498077,36,1073.41444
-606.228627,33,1077.982179
-606.749737,27,1081.659938
-628.027549,61,1090.434108
-648.778474,94,1103.767776
-625.270686,80,1115.22564
-614.137879,36,1121.724303
-609.101808,32,1126.136799
-615.280816,46,1133.260951
-610.294028,29,1137.178112
-622.29144,51,1143.985753
-603.075098,20,1147.489074
-651.470366,113,1163.306697
-623.496987,68,1172.569911
-620.968656,61,1181.395925
-616.735213,41,1187.565917
-609.249744,33,1192.069376
-640.890361,119,1208.664459
-618.13336,49,1215.946269
-637.47323,79,1226.540751
-606.739229,45,1233.373827
-697.337143,199,1261.321745
-601.928322,30,1265.385048
-614.280518,25,1268.748247
-639.818783,85,1280.910133
-616.873594,33,1285.426628
-623.987654,66,1294.948351
-630.839096,60,1303.889917
-614.248863,44,1309.882509
-625.405673,77,1321.590872
-605.520715,17,1323.91403
-638.712825,88,1336.620931
-614.410918,29,1340.510048
-616.715781,49,1347.851647
-622.992589,52,1354.949443
-602.72279,20,1358.478258
-629.076865,68,1367.703418
-631.930263,71,1377.948028
-611.996196,40,1383.626235
-667.220117,151,1405.597326
-603.167928,38,1410.784855
-601.959618,17,1413.400951
-617.47158,51,1421.682614
-625.005531,82,1433.795785
-626.559121,92,1447.148618
-604.598458,27,1450.952145
-632.34214,62,1459.447826
-619.192803,65,1469.145705
-634.952613,98,1483.089694
-602.649026,16,1485.36048
-612.043202,46,1492.533032
-615.83731,44,1498.443109
-616.384143,37,1504.194491
-629.929418,76,1514.460891
-606.148609,19,1517.983968
-616.376616,32,1522.33819
-616.268217,41,1527.958252
-604.943476,21,1530.77098
-621.274422,52,1539.445479
-621.242275,50,1546.107371
-630.263692,67,1555.696785
-605.811854,19,1558.330507
-625.438657,66,1567.773711
-602.443544,23,1570.824541
-611.955462,44,1577.389509
-610.828777,26,1580.874731
-611.847874,33,1585.297423
-604.590297,23,1588.650725
-612.472028,48,1596.210334
-647.289869,95,1609.870982
-619.75652,65,1619.293905
-616.435538,42,1624.964803
-609.761789,45,1631.017246
-653.449123,158,1655.259833
-610.084468,30,1659.374592
-604.542062,16,1661.580556
-652.405918,134,1680.829266
-628.100926,60,1688.835317
-606.154655,28,1693.339336
-607.962804,33,1697.718953
-604.365006,21,1700.579142
-638.897885,118,1717.018394
-613.156703,47,1724.127039
-603.067774,19,1726.726182
-623.062475,40,1732.068815
-615.461321,42,1738.578559
-630.666632,64,1748.186875
-614.047106,49,1754.671688
-622.073045,91,1768.883774
-612.116858,32,1775.080343
-616.973197,45,1784.107837
-616.868526,68,1793.284771
-608.95604,29,1797.860603
-608.707755,27,1801.622578
-604.348552,23,1804.795376
-602.795856,18,1807.372647
-606.48312,20,1810.909274
-619.168562,99,1824.711862
-608.637362,29,1828.580977
-617.715013,57,1836.223804
-616.846562,45,1843.026796
-602.592713,13,1844.802694
-603.983466,16,1846.959068
-615.583087,49,1854.976539
-608.113175,32,1859.322387
-612.729754,59,1867.985546
-604.816835,22,1870.967632
-613.395988,49,1877.662684
-606.94071,19,1880.304823
-614.883225,55,1889.293646
-603.747924,52,1900.308056
-602.282829,19,1902.959244
-628.041645,116,1919.280889
-610.767231,31,1923.440588
-609.563829,41,1929.69308
-604.448813,21,1932.595387
-603.372705,16,1934.805687
-624.974298,84,1946.695589
-615.390018,36,1951.556825
-615.996868,40,1957.87176
-608.298852,23,1961.021186
-629.718596,80,1972.516674
-611.687559,32,1976.932132
-624.852283,48,1983.48923
-630.158071,77,1994.801157
-612.301001,51,2002.527046
-603.805883,14,2004.534497
-616.033095,43,2010.394414
-603.724502,16,2012.589666
-604.164598,19,2016.003698
-613.049485,38,2021.201206
-611.541535,28,2025.055138
-606.182763,22,2028.097708
-620.177308,69,2038.074064
-605.372537,31,2042.329397
-609.481481,36,2047.93318
-646.835853,130,2066.477352
-615.229362,45,2073.831031
-613.202175,49,2081.139283
-604.747466,28,2085.158025
-607.191607,30,2090.600008
-623.51912,97,2105.768459
-609.679628,29,2109.816479
-635.009329,110,2125.523697
-610.490224,32,2130.026915
-604.138694,18,2133.766295
-615.83148,45,2140.930051
-610.151186,36,2145.841532
-606.587016,29,2152.432098
-624.277357,71,2162.46013
-607.176704,40,2169.300867
-632.138602,131,2188.915316
-607.00061,26,2192.414665
-622.668408,77,2203.850913
-640.120915,142,2223.703989
-609.111135,33,2228.957483
-647.255908,105,2243.933271
-616.320712,37,2248.848578
-607.811601,42,2255.620587
-618.968457,58,2263.378489
-611.405994,43,2270.124193
-601.201485,17,2272.463501
-610.032214,47,2278.687158
-619.97986,49,2286.075435
-618.815927,51,2292.870791
-621.686274,85,2305.196063
-605.881386,24,2308.515129
-607.278398,26,2313.118759
-619.478705,49,2319.832609
-603.693608,19,2322.515645
-618.053202,52,2330.520524
-611.00418,38,2335.606415
-608.830103,27,2340.301119
-613.445096,56,2349.255287
-604.091158,39,2354.66989
-605.126435,45,2361.702579
-609.685695,27,2365.43477
-602.6458,24,2368.704905
-655.934919,180,2398.613254
-653.595443,131,2419.013871
-613.414982,53,2426.415505
-612.607769,40,2431.967016
-627.181867,117,2449.469705
-613.862038,43,2455.375798
-640.874391,102,2470.163347
-606.841726,27,2473.914503
-613.628957,68,2484.175364
-632.262709,65,2493.857532
-631.089754,93,2507.020831
-615.774849,69,2518.633013
-631.370784,76,2531.961239
-610.643505,42,2537.663894
-636.546125,135,2557.302141
-612.810077,54,2564.806303
-614.367688,65,2574.343795
-604.44148,21,2577.207596
-628.94653,73,2588.022004
-616.616892,52,2595.204344
-652.853627,185,2621.92229
-620.723002,71,2632.579705
-634.162032,83,2647.10529
-606.175263,26,2650.852359
-614.886059,50,2658.661338
-639.658592,115,2675.620579
-704.547741,231,2710.026107
-610.216139,47,2717.18062
-631.150842,89,2729.187409
-622.633435,67,2739.135312
-609.456395,38,2744.484415
-615.530026,57,2753.19604
-619.599712,97,2767.12083
-644.368516,100,2781.634564
-649.904721,160,2806.899267
-637.323778,128,2825.017334
-629.737354,90,2838.340211
-628.251423,75,2849.510291
-607.165601,41,2855.076336
-613.033384,72,2865.496766
-611.601147,29,2869.91449
-608.896077,35,2877.344285
-625.804072,68,2887.242817
-628.288596,122,2904.224298
-607.086833,25,2907.679713
-606.251813,50,2915.24485
-604.294863,49,2921.902402
-603.665474,17,2925.157517
-603.194862,19,2927.846852
-608.386367,47,2934.16582
-632.426971,137,2953.80248
-634.873483,135,2973.014619
-621.619095,89,2986.009414
-601.667954,25,2989.549539
-620.010661,77,3000.716269
-607.263746,26,3004.413763
-604.049899,24,3007.843637
-637.089708,146,3028.997707
-611.909675,60,3036.914407
-603.936231,26,3041.207063
-662.842069,213,3073.549225
-631.848837,91,3086.700027
-606.740754,33,3091.236023
-660.711473,201,3120.306001
-629.432248,133,3138.690174
-615.911366,50,3146.194641
-618.188266,106,3161.215782
-607.556491,26,3164.741138
-615.990544,51,3172.716897
-618.257718,72,3182.859696
-613.556697,40,3189.2285
-606.147222,58,3197.314007
-617.377556,69,3207.844934
-611.683893,50,3215.547298
-616.883224,85,3227.984557
-621.548926,52,3235.201414
-657.840494,183,3262.207188
-615.470262,59,3270.315621
-606.416107,29,3276.273389
-636.556415,132,3297.572961
-611.074263,35,3304.220947
-622.379013,72,3315.317291
-602.388908,21,3318.167188
-621.03446,66,3327.782714
-615.492432,42,3334.732257
-665.210939,219,3368.726399
-616.270472,76,3379.133119
-85.902996,300,3424.976239
-641.868882,157,3449.754015
-608.066752,33,3454.403463
-635.179737,128,3473.733843
-645.723057,187,3499.59625
-66.883963,300,3544.5157
-621.71142,66,3555.187563
-638.277926,131,3574.137562
-108.211268,300,3617.786368
-626.924382,66,3627.990729
-677.154322,255,3666.370338
-625.547341,121,3683.832604
-613.910968,59,3692.078265
-662.301575,193,3720.875599
-621.489271,122,3739.287436
-638.260598,160,3763.146523
-614.657687,79,3774.585092
-609.88865,65,3784.250589
-623.661518,81,3794.952601
-684.226951,297,3837.209352
-100.512217,300,3879.808352
-653.46917,222,3912.290545
-612.789587,57,3919.956323
-603.748788,24,3923.398237
-621.366241,70,3933.990113
-615.768043,72,3944.616978
-102.206471,300,3987.966602
-607.590093,62,3996.372404
-641.902665,155,4019.318137
-612.730769,43,4025.174841
-623.984936,87,4037.499334
-637.801286,155,4059.991815
-611.00422,99,4073.765139
-621.846559,66,4082.782568
-664.188442,278,4122.878281
-664.193661,280,4168.018828
-620.371397,82,4180.38366
-70.496934,300,4225.111293
-613.026866,70,4236.810035
-619.717633,113,4253.275051
-623.059296,111,4270.315286
-617.695123,69,4280.240961
-70.645332,300,4326.912757
-643.622527,266,4364.446507
-621.983134,153,4393.243342
-649.116237,264,4433.190512
-609.723932,35,4438.666474
-648.280835,205,4467.360355
-611.378255,41,4473.085759
-616.706289,44,4479.863083
-605.795023,50,4487.678617
-606.467719,28,4491.635937
-622.639407,84,4505.076827
-647.324274,236,4540.061009
-609.999204,38,4545.364454
-608.937797,29,4549.362154
-637.301349,162,4574.097616
-604.10091,28,4577.989359
-644.982151,209,4608.442721
-56.058149,300,4653.153182
-643.09848,226,4685.685589
-610.227245,42,4691.297363
-619.105953,107,4707.27863
-605.548999,24,4712.538992
-622.283101,127,4731.681884
-624.670336,141,4751.412511
-653.669318,153,4772.789914
-606.938749,76,4783.572648
-604.749361,24,4786.871789
-608.807098,104,4801.341765
-636.429182,228,4833.998013
-614.524245,77,4845.719519
-617.501372,99,4860.153887
-650.409355,199,4888.651595
-655.658167,280,4928.487285
-634.410455,243,4965.257079
-624.67662,173,4989.891239
-608.997943,50,4999.867968
-636.370504,218,5031.164646
-632.430707,160,5054.555693
-626.43924,132,5073.196154
-606.484547,35,5077.966531
-645.046913,237,5111.761216
-612.444011,72,5122.214314
-645.47686,197,5149.241315
-616.432686,106,5165.498471
-620.427684,78,5175.959484
-636.67661,223,5207.909533
-630.353753,173,5232.032507
-606.663908,23,5235.903465
-609.95635,56,5243.417676
-628.049309,130,5261.601197
-640.495162,260,5300.669788
-690.848371,296,5348.909357
-622.25411,83,5360.596378
-69.062139,300,5402.928855
-636.861356,187,5429.508361
-606.225239,48,5436.110229
-94.302891,300,5492.616115
-55.831463,300,5534.728525
-634.532905,157,5557.033323
-63.167079,300,5599.325947
-62.622847,300,5642.270833
-624.31613,92,5655.40072
-605.033289,27,5659.144526
-45.664039,300,5701.601377
-56.844005,300,5745.318793
-656.54928,240,5779.321747
-624.884859,130,5798.370562
-646.680599,230,5831.049082
-77.482898,300,5873.512388
-653.995874,286,5918.95858
-632.693191,141,5938.583677
-634.333359,158,5961.525836
-622.18569,198,5989.73639
-639.564945,249,6024.686584
-64.049166,300,6067.654474
-632.463365,244,6105.812253
-609.150934,77,6116.337622
-606.738679,52,6124.088479
-604.776843,35,6128.946207
-620.924168,170,6153.171672
-604.858701,67,6162.862024
-609.247462,107,6178.075406
-51.83746,300,6220.861121
-627.229499,200,6249.920444
-636.259612,168,6272.957582
-605.815789,51,6280.703613
-611.654632,75,6291.65998
-34.509607,300,6334.321341
-629.920335,201,6364.952913
-626.388286,207,6393.938055
-618.892508,98,6407.705023
-640.514884,248,6442.555388
-45.4285,300,6486.622515
-631.406589,190,6514.092907
-618.10356,166,6537.801903
-618.036546,137,6557.215728
-43.188738,300,6599.081177
-628.640521,169,6623.425393
-44.496159,300,6665.761218
-39.23553,300,6708.65029
-625.609081,161,6730.867053
-49.867707,300,6773.410646
-613.934648,86,6785.752232
-618.728951,79,6797.090397
-48.282306,300,6839.70013
-42.800925,300,6881.858122
-40.399599,300,6924.361501
-620.435575,104,6938.963716
-622.868515,124,6956.63693
-626.691049,289,6999.614279
-614.217138,120,7016.413621
-612.578215,119,7034.471782
-631.18356,234,7067.905074
-35.030685,300,7110.233889
-600.901359,20,7113.058966
-601.165486,24,7116.42703
-616.443706,127,7134.919132
-612.885036,173,7158.875141
-616.194212,135,7178.498331
-31.220331,300,7220.912842
-38.221215,300,7263.747196
-615.636584,90,7276.691847
-23.507689,300,7319.061282
-606.664335,111,7334.663032
-606.305252,62,7342.935687
-610.248074,137,7363.131811
-602.309892,53,7370.122569
-607.230945,105,7384.914446
-51.010506,300,7427.584931
-609.952386,91,7440.426386
-601.185554,26,7444.716191
-84.165296,300,7494.788572
-616.416817,114,7510.78488
-607.729254,116,7527.396317
-624.015468,191,7554.723953
-605.36905,18,7557.238744
-80.441237,300,7600.086392
-619.629755,86,7612.611939
-604.891073,31,7616.978936
-606.0503,49,7624.517161
-34.869813,300,7666.856794
-614.088864,175,7691.036753
-601.436221,26,7695.339019
-601.531834,20,7698.205711
-613.996557,123,7715.716566
-52.129995,300,7758.187231
-29.73584,300,7801.152979
-600.753905,22,7804.194538
-606.812686,62,7813.252085
-48.36523,300,7856.913606
-607.390714,64,7865.577474
-613.147736,105,7881.2779
-628.209232,92,7893.723667
-619.260839,253,7929.922976
-623.632309,263,7967.569016
-629.130634,263,8004.561749
-627.577706,257,8040.98163
-620.281337,147,8061.514439
-36.252452,300,8105.381126
-71.913684,300,8152.516448
-605.598979,53,8160.367984
-45.97981,300,8203.668017
-600.898558,105,8218.866867
-665.201305,254,8258.58383
-608.637902,136,8278.469131
-42.824558,300,8322.114647
-42.178873,300,8364.252794
-91.006778,300,8407.430607
-620.575529,206,8436.559521
-620.590609,128,8454.615902
-616.189572,107,8469.757592
-629.577546,171,8494.420786
-606.268369,39,8499.723493
-21.452545,300,8542.164642
-619.204317,166,8566.761114
-26.504551,300,8609.401669
-625.438543,248,8644.23502
-33.919055,300,8686.723532
-615.018318,151,8708.468482
-636.738445,254,8744.178933
-33.472824,300,8786.77119
-615.713439,111,8803.662502
-631.700894,195,8831.409673
-607.240792,57,8839.282669
-35.761977,300,8881.913606
-602.831468,54,8889.968602
-35.071559,300,8932.48182
-46.795899,300,8974.698904
-43.198788,300,9017.350999
-49.440265,300,9059.974999
-611.852264,68,9069.170818
-600.786902,37,9074.88216
-642.787155,267,9112.354139
-623.123365,241,9147.04715
-40.514664,300,9194.221266
-619.897173,138,9213.795228
-47.222178,300,9256.828439
-606.205819,44,9263.528628
-612.850553,93,9276.881678
-616.339035,134,9295.786298
-27.238919,300,9338.709942
-612.792785,207,9367.866083
-624.539243,291,9409.208981
-607.986949,70,9419.663503
-611.568538,183,9444.967488
-25.367434,300,9488.212865
-17.775737,300,9531.140616
-639.921658,182,9557.446587
-602.056362,27,9561.223971
-621.72233,184,9587.479113
-12.786996,300,9630.437892
-609.28536,137,9650.44034
-610.820258,180,9675.425555
-606.518422,16,9678.460807
-606.96004,183,9704.142197
-619.695938,104,9719.694429
-614.523637,111,9736.019871
-603.327735,37,9741.13103
-617.208532,144,9761.499912
-600.81286,19,9764.861219
-607.529402,45,9771.037119
-669.861425,288,9812.282358
-47.174479,300,9855.416881
-614.672209,102,9870.045872
-622.118477,105,9885.254728
-605.569388,40,9890.824662
-607.942734,29,9895.661835
-601.302734,47,9902.184003
-604.103861,36,9907.810651
-63.629406,300,9954.663668
-648.309862,188,9980.602385
-601.885856,15,9983.467147
-601.761617,23,9986.707414
-618.923013,163,10010.072337
-604.668949,49,10017.74746
-608.780556,67,10027.524301
-611.597704,81,10038.85049
-614.411537,118,10056.329744
-41.734798,300,10099.359113
-611.888441,86,10112.99466
-603.750888,13,10115.580915
-614.057274,121,10132.728472
-606.073142,63,10142.279695
-603.646026,17,10145.407415
-611.034023,73,10155.372845
-625.178633,231,10192.132183
-605.739065,83,10203.26856
-641.812657,179,10229.1718
-631.279952,128,10247.867411
-624.857532,238,10281.352262
-646.561066,205,10310.332781
-630.917199,237,10343.918562
-611.681953,137,10364.047601
-636.740224,235,10397.308299
-602.80299,44,10403.366782
-618.162175,156,10425.896088
-620.361051,190,10452.934526
-602.474287,29,10456.892628
-612.57819,159,10479.944134
-629.814738,180,10505.697655
-612.220545,96,10519.578149
-37.555599,300,10562.077519
-623.867656,227,10593.92931
-603.453292,32,10598.312838
-617.618186,172,10623.047961
-605.878158,57,10630.678371
-607.96166,79,10642.262281
-602.680033,27,10646.82534
-610.769281,200,10676.980862
-609.310026,61,10685.254998
-50.091212,300,10728.366105
-620.312722,165,10751.971881
-623.149864,232,10784.782232
-628.075122,286,10825.074944
-609.660061,156,10847.609095
-623.732295,184,10873.171528
-39.176501,300,10916.024181
-36.218066,300,10959.749511
-28.014024,300,11003.03643
-603.10889,69,11013.214009
-615.804587,135,11032.064076
-631.66837,207,11061.651289
-611.664229,83,11073.585218
-46.707722,300,11115.61005
-612.314312,149,11137.242554
-25.696932,300,11191.187639
-621.122095,224,11223.179289
-615.34927,166,11247.423373
-612.793817,104,11262.339684
-602.793091,40,11267.8277
-92.236391,300,11311.968179
-42.028387,300,11354.588498
-618.197578,119,11372.03313
-614.935741,104,11387.111216
-44.23517,300,11429.181187
-630.514017,263,11466.470563
-622.310003,202,11495.111289
-607.015352,59,11504.099501
-607.148542,45,11510.219886
-623.335931,209,11539.773979
-616.711223,172,11564.131281
-611.554804,94,11577.7169
-620.645703,135,11596.484207
-621.626723,126,11614.274888
-629.095729,235,11648.736498
-617.774773,127,11666.607852
-603.808559,30,11672.76795
-624.578466,235,11706.272496
-30.388509,300,11750.284896
-618.29956,200,11778.471998
-615.47222,97,11792.514104
-54.789136,300,11835.380679
-611.585531,43,11841.272212
-621.044304,185,11867.361601
-43.188268,300,11911.911929
-56.663634,300,11953.963481
-626.916105,155,11975.928813
-614.128958,105,11992.313453
-58.012518,300,12042.318171
-627.354478,159,12064.860387
-76.270411,300,12115.370845
-632.539204,256,12151.908351
-608.346454,61,12160.327689
-616.270026,154,12184.624124
-623.137176,117,12201.24642
-620.713966,210,12231.282045
-609.118112,43,12237.915002
-603.543231,15,12240.061918
-601.36767,18,12242.576989
-648.52158,282,12284.925557
-615.652193,97,12298.903978
-603.0834,15,12301.057982
-608.39042,51,12308.154852
-95.239024,300,12351.011982
-612.688835,101,12365.364107
-614.496422,84,12377.29039
-648.445756,151,12399.038124
-611.336787,112,12414.798767
-612.988215,140,12434.239377
-620.381742,133,12453.743092
-608.947721,42,12459.461314
-32.572062,300,12502.742598
-609.936215,73,12513.819862
-613.248601,123,12530.986915
-610.376673,104,12545.696579
-608.437761,110,12560.897851
-620.522791,277,12600.355688
-618.235874,130,12618.703461
-604.420529,51,12626.213196
-605.279636,91,12638.914875
-602.059365,27,12642.698728
-613.349069,174,12667.629712
-19.475873,300,12709.71728
-24.287665,300,12751.813712
-600.431684,16,12754.014889
-619.936188,146,12774.540729
-601.166239,32,12778.854857
-630.757893,77,12789.899481
-607.932584,31,12794.946475
-616.624631,274,12833.507451
-618.74471,220,12864.453373
-15.769191,300,12907.173388
-611.049395,143,12927.958024
-616.466426,185,12953.872714
-609.094219,132,12972.357069
-616.909741,111,12987.947111
-611.279191,107,13003.152885
-619.477689,153,13025.347653
-69.628926,300,13067.689747
-608.238245,116,13083.75173
-605.072619,27,13087.333992
-32.222688,300,13129.457453
-619.032855,168,13153.728653
-621.770245,186,13180.35279
-617.258656,174,13205.538485
-35.327209,300,13247.749964
-34.680505,300,13289.915302
-607.142688,65,13299.059993
-37.146398,300,13341.415169
-34.90833,300,13384.46515
-49.524516,300,13428.661355
-626.40886,233,13461.522357
-614.410816,99,13475.699672
-632.276415,281,13515.953372
-606.05876,26,13520.225616
-28.142128,300,13562.731476
-623.218253,213,13592.487127
-23.0477,300,13634.621905
-612.786401,162,13657.075876
-602.764534,29,13661.732782
-611.802295,122,13678.953758
-607.660775,130,13697.253474
-612.243455,95,13712.954408
-612.898007,126,13730.905414
-625.333875,294,13772.584494
-609.300613,87,13785.058896
-619.455512,112,13801.124424
-626.236355,289,13842.083594
-615.174698,149,13863.623664
-614.436909,105,13878.474178
-608.441995,132,13896.949375
-613.467807,85,13909.13916
-636.510178,271,13948.56669
-605.97104,101,13965.174839
-29.458428,300,14011.856489
-623.014962,236,14044.764724
-610.722555,138,14064.173708
-608.015632,65,14073.668696
-621.091284,91,14086.614318
-12.662101,300,14130.198481
-610.03828,160,14152.431134
-621.992178,160,14175.168694
-606.151453,74,14185.8529
-625.460266,177,14211.293767
-609.959333,115,14227.803141
-53.095151,300,14272.05606
-623.385469,240,14306.432525
-614.683315,115,14323.796349
-629.241374,247,14359.935078
-33.510069,300,14402.999699
-617.487523,95,14416.530828
-45.274921,300,14459.570639
-28.532582,300,14503.569315
-9.180109,300,14546.004256
-618.144578,173,14570.250295
-629.021715,278,14609.838795
-612.118597,63,14619.18865
-607.979055,118,14635.801843
-27.455283,300,14677.953823
-627.651181,262,14715.892658
-611.444705,116,14733.612803
-620.113204,199,14761.705609
-604.423678,23,14764.941872
-609.302086,110,14780.54741
-88.694921,300,14823.394653
-639.408259,186,14853.908454
-24.476675,300,14896.127614
-607.951819,44,14902.133551
-49.376783,300,14945.347203
-609.830814,111,14961.675111
-613.390889,175,14985.734313
-604.03584,118,15002.774405
-601.125157,29,15007.777705
-610.983109,92,15021.00484
-17.182587,300,15063.91098
-619.109928,252,15099.361508
-618.348276,114,15115.561548
-607.639182,112,15132.819539
-611.872529,112,15149.433338
-32.394188,300,15192.460224
-71.92101,300,15245.050914
-625.225077,110,15260.820156
-622.256302,152,15282.115597
-605.36309,57,15291.185466
-628.657844,105,15306.065123
-615.871932,144,15326.048439
-623.902709,175,15351.484505
-601.096398,119,15368.151734
-604.478176,15,15370.213794
-603.724072,27,15374.659748
-602.427836,72,15384.434479
-56.605654,300,15427.332996
-606.514718,71,15437.654747
-617.705501,197,15465.598247
-614.575991,154,15488.040256
-604.407576,37,15493.239132
-607.729167,126,15510.985808
-603.160274,31,15515.29081
-604.127182,16,15518.310783
-33.171125,300,15561.066775
-605.675864,53,15568.490582
-618.16786,82,15580.355874
-38.951284,300,15623.050786
-609.182394,140,15642.41668
-603.81065,34,15647.646511
-611.659912,158,15669.38954
-30.984443,300,15712.280132
-604.281848,74,15723.349289
-34.333345,300,15765.526421
-26.325885,300,15807.892345
-625.987554,267,15845.814721
-613.792216,142,15865.717084
-607.241057,50,15873.402981
-613.306865,134,15892.089582
-606.419219,71,15902.280725
-30.187821,300,15944.631504
-612.17884,75,15954.849056
-31.648192,300,15996.969395
-606.977056,54,16004.886676
-619.640943,184,16030.893939
-606.275577,44,16036.893386
-621.421864,116,16054.137013
-44.781582,300,16097.05239
-619.011946,150,16118.755343
-618.691845,190,16145.391607
-605.226333,171,16169.974084
-606.710644,169,16193.466507
-603.35076,87,16205.929647
-611.025468,83,16218.017936
-609.108084,29,16221.953071
-618.735931,215,16252.495007
-613.654857,108,16268.090804
-25.927461,300,16310.694476
-607.714584,50,16318.188033
-608.223458,129,16336.180386
-610.497813,94,16349.770882
-620.582437,233,16383.415165
-36.900278,300,16426.196908
-615.060855,173,16450.630866
-26.818066,300,16493.386351
-611.058466,130,16512.205437
-42.979408,300,16555.213307
-606.622237,126,16573.069688
-610.635913,159,16594.990469
-624.770603,158,16617.730738
-618.299892,131,16635.966265
-620.013529,216,16666.533815
-72.607108,300,16708.968811
-613.13678,37,16714.710487
-613.83458,193,16742.069087
-648.050593,289,16783.01095
-650.547341,217,16814.034379
-616.726797,133,16833.218361
-31.719074,300,16875.834723
-608.918159,82,16887.473581
-30.637981,300,16929.475119
-613.224014,195,16957.541183
-611.710154,139,16977.331923
-604.399326,25,16981.525569
-612.929763,158,17003.58213
-611.107639,47,17010.764073
-612.720027,112,17026.902292
-608.185486,84,17038.973349
-27.346154,300,17081.112202
-616.131148,126,17098.977856
-626.192611,251,17134.538429
-27.226682,300,17177.718043
-603.367553,23,17181.668056
-602.456901,103,17196.079107
-619.868589,286,17236.393857
-46.48001,300,17279.258352
-607.030669,32,17284.402334
-29.238492,300,17326.727947
-623.309807,219,17357.802945
-42.081723,300,17400.314371
-606.803182,63,17409.693247
-601.989568,44,17415.806256
-53.696417,300,17459.128448
-613.802211,129,17477.143582
-603.311918,26,17481.38121
-37.728745,300,17524.033999
-604.408943,106,17539.173429
-17.944764,300,17582.017389
-613.963921,49,17588.605445
-611.421632,135,17607.631043
-613.517038,148,17629.588692
-605.494267,41,17635.123603
-54.318172,300,17677.911391
-604.173613,100,17692.723028
-600.932436,16,17695.869672
-601.783309,41,17701.559716
-603.000494,25,17705.081572
-618.749949,134,17724.811495
-610.140777,48,17731.508085
-612.600067,117,17748.067047
-613.06382,154,17770.375845
-607.842338,163,17792.959008
-69.171579,300,17838.196798
-26.065674,300,17885.56891
-619.759346,186,17911.885123
-604.512274,98,17926.041611
-605.088907,29,17929.943177
-65.125031,300,17972.491136
-630.527367,190,17999.228398
-51.887435,300,18042.06805
-605.722212,65,18051.822968
-609.119613,157,18074.537437
-610.651187,128,18093.117192
-48.657878,300,18135.58837
-605.26329,31,18139.756539
-615.1715,124,18157.166624
-647.578068,269,18195.89044
-606.900804,56,18204.138599
-603.701751,16,18206.474347
-604.648501,74,18217.054179
-626.160762,235,18250.558869
-601.871707,14,18252.536352
-603.854369,17,18254.939697
-60.414463,300,18298.174747
-618.114806,115,18314.695633
-24.808353,300,18358.180542
-613.073094,157,18380.526248
-603.723784,27,18384.309934
-618.455362,168,18408.152863
-604.557603,76,18419.203909
-37.881234,300,18461.89374
-607.378555,33,18466.411434
-615.754438,163,18489.577591
-619.21012,162,18512.34683
-616.186415,126,18529.787808
-21.240299,300,18572.840212
-609.723753,78,18584.087409
-613.206982,220,18615.055817
-54.776094,300,18657.825261
-613.209209,169,18682.894976
-609.315866,66,18692.903036
-21.440272,300,18735.852924
-607.277514,65,18744.84767
-616.769366,197,18772.838344
-601.357506,15,18775.915366
-603.195526,27,18780.659299
-626.030875,148,18801.236359
-24.704188,300,18844.487308
-620.904422,123,18862.77309
-622.145264,163,18885.411048
-614.432697,220,18916.817459
-614.833229,107,18932.036861
-71.740145,300,18976.871837
-608.085739,81,18988.55198
-612.863308,66,18998.087486
-624.155695,193,19025.403523
-621.996316,156,19047.418819
-57.327704,300,19090.240129
-602.172075,14,19093.066948
-618.724754,151,19113.970113
-608.387274,30,19118.233868
-611.005607,141,19138.695966
-36.069075,300,19181.844037
-608.890589,52,19189.031896
-75.06952,300,19242.069055
-637.776501,167,19266.049837
-610.076682,44,19272.024097
-28.421309,300,19314.768576
-630.537811,216,19345.717421
-26.793616,300,19387.818123
-612.749665,121,19405.0489
-604.575759,53,19412.296204
-52.140458,300,19454.602325
-654.874953,298,19497.00967
-613.451179,82,19508.933361
-608.415191,56,19517.208435
-59.55648,300,19559.762937
-605.654697,48,19566.41345
-620.070388,97,19580.091597
-614.451962,131,19598.768865
-607.738865,91,19611.740844
-611.480288,111,19628.051812
-604.135948,27,19632.604219
-36.352339,300,19675.650914
-619.234412,146,19696.013204
-31.403678,300,19739.348274
-653.112267,279,19779.177111
-613.761464,88,19792.10003
-615.52917,133,19810.675079
-630.191925,278,19850.380061
-26.922299,300,19893.334567
-649.374009,208,19923.30788
-49.934589,300,19965.892803
-619.39226,178,19991.265125
-622.6349,173,20016.284322
-618.508913,233,20049.02114
-614.923369,190,20077.795789
-627.474963,226,20110.439301
-48.675991,300,20154.739732
-46.599571,300,20196.969768
-627.131023,266,20234.572202
-603.261419,24,20237.912994
-609.576493,113,20253.79764
-614.056356,152,20275.895549
-636.683245,126,20293.406168
-617.185428,198,20321.548642
-630.258971,235,20354.989838
-610.249996,112,20371.443919
-613.18911,84,20383.684188
-61.962566,300,20435.581165
-625.625218,266,20475.326972
-631.760516,237,20509.392489
-24.967331,300,20552.210202
-14.48044,300,20595.076129
-603.559901,28,20598.954756
-607.795318,28,20604.042119
-608.102621,85,20616.265122
-601.155013,20,20618.982668
-21.255791,300,20661.989935
-57.018912,300,20704.583106
-610.087525,79,20716.357079
-666.700785,288,20757.626657
-613.603057,132,20777.000024
-62.036937,300,20818.985152
-613.106118,134,20837.902214
-630.494691,292,20880.450539
-68.050077,300,20924.885015
-620.179938,114,20941.425741
-649.261008,294,20983.648383
-614.489323,167,21007.646261
-20.301534,300,21054.076535
-620.223561,167,21077.091571
-627.631488,115,21094.597622
-611.108572,78,21105.182122
-48.863491,300,21147.948772
-602.799881,47,21155.16032
-629.695602,129,21173.820855
-51.309106,300,21217.010701
-44.923902,300,21260.290149
-612.038418,102,21275.132891
-37.735375,300,21317.889819
-603.730338,48,21325.318151
-618.528973,125,21343.107409
-609.123691,42,21348.795052
-625.388725,283,21389.128544
-622.327725,172,21414.202244
-619.389398,158,21436.241711
-26.978989,300,21479.418993
-612.557834,49,21486.790998
-616.253712,93,21499.941581
-602.28722,14,21501.914918
-21.70544,300,21544.816341
-613.409352,142,21564.726655
-614.569036,58,21573.438152
-621.89326,101,21588.039328
-62.038041,300,21630.737094
-611.364604,73,21641.491991
-615.350274,49,21648.020175
-612.921064,93,21661.272048
-21.853043,300,21703.775044
-60.800889,300,21746.472655
-48.36401,300,21788.892258
-622.22508,105,21803.794332
-610.62726,41,21810.116752
-630.8657,240,21843.399001
-600.190237,42,21848.981592
-601.896472,29,21853.638576
-32.073973,300,21896.394474
-601.588742,17,21898.775071
-632.921523,127,21916.817471
-620.542971,166,21940.621325
-52.031513,300,21983.411465
-608.302182,79,21994.755435
-612.780485,91,22008.441778
-611.223256,177,22033.706568
-616.605152,165,22057.834519
-632.521967,187,22084.185837
-612.72894,89,22097.266012
-28.314485,300,22140.012341
-608.28607,95,22153.963625
-642.683603,268,22192.090279
-32.797041,300,22234.239477
-21.194488,300,22277.075424
-30.826238,300,22320.027866
-616.639757,118,22337.417643
-608.547577,95,22350.565031
-606.3217,78,22361.982799
-48.80915,300,22404.418252
-36.145014,300,22447.532791
-617.209224,89,22460.191011
-44.05883,300,22502.469517
-610.907439,94,22516.076747
-27.396767,300,22559.267065
-612.80397,161,22582.538574
-603.421985,61,22590.750592
-50.762319,300,22634.647509
-615.733345,128,22654.288894
-648.178996,266,22692.189152
-618.27495,155,22714.190979
-54.995058,300,22758.652792
-624.486301,212,22788.140535
-53.416889,300,22834.536896
-637.854295,278,22876.855795
-634.634153,165,22899.915487
-13.988298,300,22942.132967
-31.367638,300,22984.948689
-644.501368,200,23013.156652
-603.818362,28,23017.737408
-23.987077,300,23062.382674
-54.090917,300,23104.85709
-29.410151,300,23148.0049
-612.840628,201,23176.605477
-606.387768,43,23182.328268
-615.787237,97,23196.834472
-608.104741,34,23201.443757
-626.760091,215,23234.211158
-628.691393,202,23262.771394
-606.578663,29,23266.722453
-605.454681,26,23270.327017
-637.659999,270,23308.887433
-626.077391,250,23344.130651
-25.600148,300,23387.552019
-624.251488,170,23412.253699
-605.970075,32,23416.540282
-603.455279,17,23418.900722
-605.088882,70,23428.964922
-616.107107,103,23443.55437
-628.037232,166,23468.086773
-626.819334,164,23492.665232
-25.694543,300,23537.90793
-613.682342,48,23544.376337
-612.851408,186,23572.416955
-632.927936,127,23591.873592
-56.744837,300,23651.918513
-604.086223,81,23663.913995
-637.369244,239,23698.451397
-41.958995,300,23741.330693
-613.547566,99,23755.313919
-31.701482,300,23797.869056
-611.816308,74,23808.518609
-640.501784,214,23838.844506
-628.605809,155,23860.925421
-628.357937,168,23885.371088
-39.530069,300,23930.127215
-36.215289,300,23972.517373
-611.078393,96,23986.159322
-606.220257,84,23998.345074
-615.787562,181,24024.080213
-615.683779,81,24035.804065
-98.21798,300,24080.213861
-63.465074,300,24124.949614
-21.949158,300,24167.810158
-618.921275,192,24195.802075
-641.148029,297,24242.762354
-613.49952,66,24251.651613
-611.190626,154,24274.071171
-26.938484,300,24318.46488
-608.922143,103,24333.835455
-616.495721,120,24350.638389
-625.134851,289,24391.727938
-626.436405,108,24407.201874
-622.7088,265,24445.92575
-618.604385,152,24467.129231
-622.75394,132,24486.943105
-632.666115,292,24528.253838
-618.320857,96,24541.717319
-112.163001,300,24593.79443
-623.950868,98,24606.927479
-622.901184,65,24616.5096
-605.649723,59,24625.849201
-65.261101,300,24669.616509
-616.793475,134,24688.237623
-620.582591,49,24695.59012
-618.764131,117,24712.440652
-611.793488,125,24730.178782
-44.979524,300,24772.698054
-611.014719,110,24788.242059
-36.840753,300,24831.496294
-625.307075,224,24863.056962
-625.992787,156,24886.068321
-15.051299,300,24928.847171
-608.957273,116,24945.292134
-611.210634,48,24952.604668
-50.188197,300,24996.331115
-628.102365,214,25026.812614
-616.534723,122,25044.279145
-46.736127,300,25087.073001
-616.488642,193,25115.121265
-659.473,219,25146.454993
-619.527057,197,25175.30311
-609.974027,53,25183.093015
-636.340875,214,25214.009449
-47.996075,300,25256.556955
-34.991775,300,25300.5184
-610.318084,141,25320.516247
-42.222386,300,25363.533922
-619.592488,136,25382.601064
-613.962305,141,25403.324292
-40.473872,300,25446.403609
-42.855606,300,25489.088158
-61.02936,300,25531.641634
-45.622158,300,25574.459021
-616.378325,94,25590.98538
-646.873696,267,25631.599047
-35.773918,300,25680.385401
-35.524015,300,25724.084299
-56.872275,300,25766.990082
-608.639274,111,25783.874901
-622.166579,220,25816.534409
-43.367808,300,25861.39474
-645.97618,183,25888.195282
-622.701576,130,25906.545001
-56.631069,300,25948.956198
-626.263523,139,25968.806108
-44.043777,300,26012.526513
-615.819097,50,26020.073615
-604.839417,43,26025.894525
-38.470788,300,26069.108442
-622.365154,101,26083.393436
-33.085919,300,26126.807834
-619.206673,222,26158.117594
-618.199769,196,26185.750898
-621.451415,177,26211.136711
-59.724281,300,26253.949978
-610.307062,113,26270.206517
-619.166125,169,26294.142401
-29.208651,300,26337.164485
-37.787064,300,26380.072912
-37.638096,300,26423.158347
-646.587656,220,26453.842564
-626.481489,230,26486.963607
-619.141557,134,26506.525062
-615.064727,143,26526.282521
-33.236076,300,26568.928479
-640.095372,194,26597.007982
-52.920233,300,26640.499202
-612.554177,112,26656.431479
-631.312754,204,26685.208204
-602.275919,24,26689.203315
-622.110992,132,26707.691453
-616.60964,90,26720.40695
-606.677109,22,26723.379864
-607.955328,71,26733.783867
-33.61996,300,26776.618962
-630.213079,213,26807.000068
-26.597405,300,26850.675271
-628.221845,169,26874.833558
-39.270864,300,26918.730616
-624.682315,125,26936.512785
-614.950647,158,26958.987079
-608.791415,74,26969.899194
-616.705644,64,26979.236619
-35.823418,300,27021.872557
-616.928421,144,27041.936261
-611.821322,105,27056.912874
-602.420796,13,27058.787613
-611.55145,52,27066.701834
-619.469322,108,27082.000465
-604.180631,24,27085.375551
-613.765122,106,27100.400475
-610.794932,41,27106.761529
-612.510542,131,27125.469362
-612.060362,75,27136.365139
-610.196041,50,27143.122458
-622.048736,198,27172.837564
-629.712141,161,27195.376824
-624.656258,177,27220.845772
-624.711743,57,27228.531626
-63.195088,300,27274.145505
-609.781216,36,27279.78261
-22.824853,300,27322.783519
-614.958725,140,27342.212912
-619.017677,135,27361.004847
-606.906638,32,27365.988296
-618.488792,217,27396.626539
-615.32015,45,27402.750497
-612.514042,117,27419.189782
-622.418123,258,27456.10984
-41.620836,300,27498.69458
-80.139817,300,27542.057269
-55.005696,300,27584.596095
-40.112475,300,27627.91087
-613.91177,161,27651.582443
-646.55204,272,27691.207971
-34.67278,300,27734.051043
-644.86942,279,27773.434127
-39.696075,300,27816.892305
-626.373644,168,27841.140178
-621.813396,183,27867.483577
-618.229604,187,27893.598538
-605.906386,36,27899.215485
-44.221946,300,27945.8606
-622.067499,156,27967.882349
-625.352723,233,28002.30665
-625.524392,195,28030.681726
-22.629168,300,28074.153024
-627.230234,261,28110.990397
-602.352938,13,28112.875942
-46.162385,300,28156.68858
-612.186919,131,28178.19416
-75.349687,300,28236.273903
-38.341234,300,28279.439691
-634.856739,241,28313.918226
-622.812982,190,28340.908623
-608.585471,37,28346.03129
-43.068361,300,28389.341906
-61.131886,300,28433.773818
-633.295488,233,28470.392662
-608.257747,62,28479.06285
-91.182349,300,28534.943667
-632.15855,257,28572.087361
-615.187181,65,28581.613533
-606.484627,76,28591.968605
-42.185845,300,28635.891668
-16.680362,300,28679.231102
-608.326991,32,28684.490368
-609.789305,111,28700.273896
-47.006425,300,28743.27898
-42.39763,300,28786.498826
-36.13589,300,28829.683213
-70.489667,300,28889.349201
-610.667817,53,28896.61624
-32.802611,300,28939.757679
-610.940512,82,28951.74173
-41.177061,300,28994.935823
-609.410066,62,29004.111431
-605.332841,25,29007.677647
-620.661767,208,29037.201354
-611.445601,69,29047.415362
-624.312468,175,29072.605585
-66.399153,300,29115.172206
-615.145492,154,29136.770234
-617.268716,127,29154.771708
-51.065932,300,29198.016098
-624.397913,189,29226.120488
-646.967032,255,29263.006393
-47.75131,300,29306.927126
-25.414603,300,29352.428336
-631.232162,217,29383.562139
-616.245963,183,29409.7598
-38.013101,300,29452.435279
-67.250671,300,29496.262472
-640.36233,199,29524.499412
-39.771744,300,29568.486695
-43.533238,300,29612.035064
-62.413427,300,29654.771379
-612.613265,195,29682.755788
-630.40847,140,29702.820965
-615.168039,31,29707.022531
-612.621877,35,29712.590549
-28.485191,300,29755.849965
-40.088038,300,29799.449796
-644.628248,221,29830.694984
-611.876613,187,29857.349959
-609.029979,85,29869.690233
-619.036086,159,29891.827312
-615.150282,135,29911.413834
-59.514892,300,29964.320313
-614.145783,124,29981.939228
-618.598843,81,29993.933054
-608.699714,25,29997.397885
-614.633264,47,30003.74004
-607.530823,39,30010.009936
-614.362673,83,30022.088097
-606.397365,22,30025.157456
-623.854616,148,30047.227853
-43.422779,300,30090.404656
-31.873469,300,30132.811867
-18.922832,300,30175.471731
-621.545464,135,30195.608133
-617.644741,130,30213.851574
-610.17113,290,30255.553802
-628.616154,152,30277.037184
-612.62299,99,30291.323963
-612.090293,90,30304.478734
-609.230386,142,30325.180115
-39.699642,300,30369.44109
-23.771586,300,30412.187222
-49.315884,300,30461.30179
-608.376195,96,30475.038015
-54.206916,300,30526.437362
-604.289355,41,30531.88689
-616.433448,79,30543.288673
-624.096146,177,30569.775101
-624.349016,221,30601.276707
-607.372887,61,30609.980865
-25.986044,300,30653.031235
-617.03005,112,30669.526483
-627.457368,238,30703.07381
-606.187254,129,30721.080792
-628.599055,227,30754.000216
-621.127114,98,30767.567086
-64.341399,300,30812.568751
-615.450293,106,30828.401936
-620.240046,211,30858.611211
-607.5035,60,30866.663054
-618.725386,104,30881.265952
-603.420197,23,30885.11656
-601.395052,46,30891.226003
-29.079939,300,30933.755696
-29.79857,300,30978.315589
-38.336473,300,31020.912004
-641.356178,283,31062.280147
-34.587281,300,31105.225703
-608.713998,103,31119.543842
-644.356209,217,31151.272532
-618.319905,153,31173.967221
-616.924891,143,31194.961769
-620.112985,132,31213.732712
-34.415906,300,31256.224041
-611.156149,86,31268.294339
-623.984113,153,31290.380055
-611.22078,102,31304.79916
-607.912661,31,31309.150419
-610.410999,49,31316.661815
-616.167976,84,31327.957003
-622.762307,257,31364.932137
-32.140348,300,31408.711053
-629.336352,294,31450.493802
-26.172684,300,31493.030679
-608.436744,83,31504.974191
-612.314736,171,31528.765969
-606.236905,20,31532.222525
-616.547474,96,31546.091552
-606.162416,48,31552.461409
-50.742218,300,31594.631663
-617.607192,148,31616.251906
-38.306202,300,31659.893184
-605.359626,97,31673.1193
-657.023667,290,31715.265983
-68.515685,300,31758.42196
-610.228988,103,31773.359406
-46.543605,300,31827.000393
-621.541778,89,31840.039821
-619.84871,179,31866.33697
-601.205066,15,31869.586396
-34.480179,300,31917.651254
-60.287425,300,31966.324732
-14.557743,300,32009.28772
-625.379211,223,32044.226239
-605.617423,29,32048.890272
-604.78169,49,32055.855925
-616.696977,196,32083.919543
-633.733461,188,32116.115547
-616.777193,187,32142.948497
-612.528889,138,32162.970973
-614.085647,168,32187.185755
-608.063609,73,32197.820753
-609.163706,31,32202.015815
-633.77782,237,32235.22183
-602.62352,17,32238.457072
-606.8029,30,32242.536937
-46.609035,300,32287.619527
-608.108017,59,32296.411252
-607.264028,36,32301.418164
-22.122992,300,32344.687142
-623.719196,159,32367.64606
-28.023425,300,32410.567811
-615.483202,59,32419.370578
-617.95394,173,32443.919594
-34.111497,300,32487.359003
-600.789643,22,32491.579968
-614.749297,125,32509.010441
-20.622688,300,32552.317012
-617.407983,168,32576.846013
-28.816542,300,32620.985681
-642.275159,250,32656.686492
-614.58523,53,32664.655734
-618.434722,184,32690.954236
-619.442401,193,32718.500549
-35.892452,300,32761.117048
-637.438685,195,32789.053672
-615.110199,77,32799.409194
-17.369404,300,32841.831013
-602.418872,14,32844.540227
-67.494127,300,32887.750171
-603.890535,15,32889.912118
-652.161453,257,32925.907009
-608.78107,121,32943.764848
-37.643478,300,32986.850916
-28.168169,300,33029.922229
-606.421884,58,33037.967707
-24.827731,300,33080.504484
-40.400055,300,33123.183024
-606.2286,50,33130.790997
-33.263026,300,33174.173023
-608.102744,119,33190.968103
-52.558806,300,33234.107519
-603.820088,48,33240.731461
-605.272945,15,33242.79752
-622.268186,112,33259.77081
-31.556478,300,33302.303983
-619.833358,180,33328.254071
-54.381623,300,33370.92019
-49.131561,300,33413.362866
-35.85747,300,33458.119136
-600.764372,15,33460.222584
-611.667319,157,33482.982222
-612.54986,44,33489.081215
-603.793306,34,33494.366319
-618.776319,182,33520.628181
-627.007911,146,33541.220498
-607.339942,60,33550.085476
-613.163215,97,33563.898257
-642.432244,241,33598.031682
-40.77873,300,33640.30725
-613.139598,200,33668.538553
-631.591942,225,33700.163507
-41.46625,300,33742.888346
-613.200889,88,33755.512641
-633.364096,216,33787.283804
-60.518414,300,33830.48709
-615.928519,202,33859.200733
-617.29856,72,33869.890453
-623.89553,140,33890.154965
-633.820203,148,33911.016551
-629.458203,113,33927.151564
-642.352732,210,33957.369345
-619.624219,118,33974.079923
-616.309249,118,33991.191043
-608.504736,37,33996.397359
-610.354522,83,34009.089471
-43.275417,300,34052.079981
-620.038772,213,34082.775903
-623.89836,193,34110.580946
-601.978704,19,34113.234443
-627.922677,209,34143.945422
-611.09374,224,34175.476521
-617.833973,194,34203.358196
-611.258164,28,34207.992398
-611.052094,109,34223.434332
-57.079954,300,34266.330147
-40.147794,300,34308.992867
-45.955956,300,34352.375127
-631.87335,286,34393.669887
-623.88228,146,34414.75048
-631.337277,278,34454.524224
-624.107833,173,34479.746258
-610.549513,168,34503.42184
-603.961539,38,34509.385028
-48.9087,300,34555.970702
-632.403155,274,34594.485529
-605.165614,23,34598.377798
-43.885817,300,34641.600286
-610.723148,90,34653.997782
-620.097688,150,34676.197134
-26.397639,300,34718.815404
-613.659853,110,34737.182603
-50.720152,300,34782.586378
-626.681217,276,34825.535918
-52.703174,300,34870.243001
-625.849539,169,34897.829463
-25.4458,300,34940.448795
-639.089613,186,34967.05669
-607.674257,23,34971.068476
-626.382592,204,35000.4331
-600.598768,17,35002.796788
-45.863203,300,35046.006518
-604.164804,15,35048.07648
-627.020303,144,35068.351865
-603.310662,16,35071.342825
-613.170815,124,35088.652665
-46.57806,300,35131.580324
-613.471389,102,35145.954166
-25.680363,300,35189.284317
-613.077257,122,35206.683361
-619.394397,190,35234.358109
-46.675222,300,35276.706799
-637.506797,175,35303.138005
-611.668372,35,35307.90126
-624.29427,199,35336.05881
-613.422159,95,35349.526312
-614.467368,60,35358.365433
-631.242364,197,35386.618522
-35.718613,300,35429.397772
-614.026305,63,35438.116594
-619.527353,128,35456.420434
-67.838097,300,35499.454199
-54.589345,300,35542.445235
-30.517818,300,35585.330882
-603.812565,16,35588.266878
-636.267522,227,35620.332099
-603.886358,17,35622.710262
-612.831165,54,35630.83646
-604.405421,18,35633.307829
-34.363423,300,35676.181065
-47.346131,300,35719.219661
-617.758375,78,35730.450165
-605.566138,20,35733.329884
-621.474217,145,35753.736742
-611.887186,94,35767.15562
-24.193894,300,35810.464741
-653.561427,282,35850.343426
-38.047023,300,35893.288106
-624.102848,151,35916.251135
-600.524467,20,35919.929076
-29.036368,300,35962.394782
-619.124371,161,35985.27215
-604.29021,60,35994.211897
-606.408501,16,35996.449795
-23.042975,300,36039.22119
-611.854788,111,36054.988745
-615.788019,142,36075.537148
-608.494231,28,36079.350814
-611.855611,71,36089.749735
-621.940881,146,36110.254398
-58.012944,300,36153.00381
-38.326497,300,36195.837965
-605.261839,31,36200.073245
-657.601674,272,36239.505417
-49.81527,300,36282.825532
-621.929458,78,36294.330698
-602.628328,24,36297.612505
-619.048275,148,36319.378735
-620.972987,198,36347.75766
-613.508686,79,36358.368068
-79.385408,300,36400.928946
-54.08034,300,36443.928756
-600.382264,21,36447.492762
-611.195996,104,36462.019644
-37.651475,300,36504.620014
-25.509063,300,36548.183945
-32.91609,300,36591.04264
-49.101414,300,36633.78842
-624.372536,81,36644.877995
-625.821685,81,36661.314144
-622.925676,208,36694.162392
-604.121933,39,36700.306775
-622.990962,110,36718.038274
-614.296174,53,36725.401428
-24.503532,300,36771.523676
-614.429918,150,36793.318975
-617.605897,176,36818.34038
-648.330518,189,36844.748399
-44.539537,300,36891.079087
-624.735592,286,36933.267891
-607.838774,55,36941.461775
-604.52362,21,36944.410143
-619.175382,137,36963.457286
-671.784935,299,37005.791434
-618.647552,235,37040.142929
-34.590138,300,37083.608847
-22.919641,300,37129.071923
-608.04739,51,37136.191829
-43.995234,300,37180.102724
-604.482427,57,37188.968776
-46.11362,300,37232.339811
-614.822805,271,37271.426324
-34.369138,300,37315.095026
-622.085461,214,37345.752907
-630.555115,150,37366.809751
-617.1115,112,37382.983006
-611.044865,103,37398.139613
-61.610402,300,37445.82157
-73.714088,300,37496.755905
-606.906554,59,37505.683945
-640.7047,273,37545.673252
-605.432341,79,37557.508532
-35.356021,300,37602.217128
-623.732679,263,37640.649589
-628.228841,187,37669.136852
-69.390131,300,37714.904935
-613.205674,50,37721.731464
-19.780004,300,37764.939071
-601.432858,21,37769.480896
-622.798398,91,37782.603863
-38.694097,300,37825.116619
-50.985371,300,37867.783926
-69.460168,300,37910.506567
-610.964058,119,37927.301169
-612.125911,56,37934.838653
-613.238252,73,37946.877104
-632.515216,261,37984.445301
-606.27699,23,37987.740442
-609.36385,27,37991.463942
-53.613098,300,38033.534265
-623.665482,262,38071.730846
-57.693657,300,38115.361433
-613.816687,165,38138.892718
-31.851798,300,38183.587313
-621.735909,194,38211.874969
-628.847499,234,38246.693703
-665.831602,285,38287.932436
-612.287898,61,38296.429238
-617.353781,148,38318.347468
-610.768053,75,38328.458417
-24.851166,300,38371.883014
-640.854027,178,38397.99948
-609.175752,115,38414.610544
-614.18158,60,38423.814883
-45.289914,300,38467.301886
-640.617007,243,38502.406523
-609.639771,39,38508.760281
-621.177459,185,38535.427708
-644.541509,216,38566.773366
-607.669367,45,38572.959375
-627.139859,197,38601.735507
-608.682932,145,38623.988823
-630.35935,231,38656.946959
-601.628577,61,38666.237407
-639.493458,247,38701.541783
-610.140961,150,38723.732262
-613.714607,145,38744.461288
-604.774547,110,38760.495539
-605.644268,27,38764.234176
-617.618659,118,38782.046541
-627.068537,181,38807.455476
-606.466875,68,38817.614318
-49.903143,300,38861.047247
-605.087245,16,38863.321231
-614.13422,57,38871.921782
-38.895247,300,38915.095005
-601.853723,16,38917.366767
-602.68946,38,38922.690223
-41.969894,300,38967.571853
-615.159232,108,38983.393021
-630.542567,165,39007.427734
-602.576256,14,39009.355533
-601.501555,45,39016.416292
-609.097748,104,39031.638042
-622.251189,113,39047.907492
-612.671981,74,39058.868086
-617.22607,69,39068.090564
-617.607416,186,39095.252558
-632.394885,193,39124.475148
-42.991687,300,39168.386513
-602.987206,24,39171.756852
-52.372704,300,39219.349212
-606.014066,97,39233.653925
-605.110299,184,39260.404994
-623.541215,137,39279.966626
-32.80884,300,39323.422175
-615.224281,230,39358.188919
-70.08495,300,39401.876873
-618.340024,114,39421.104323
-37.011122,300,39469.124376
-613.931593,124,39486.521867
-39.398189,300,39531.182714
-615.22648,197,39559.577933
-28.175552,300,39603.418432
-609.684268,102,39618.04017
-44.2231,300,39661.496121
-12.503445,300,39704.766325
-613.472745,117,39721.579072
-607.510666,84,39734.110034
-615.953995,73,39745.123718
-26.795925,300,39788.741633
-626.152969,180,39814.924176
-616.541014,57,39822.767611
-616.371871,113,39840.843488
-611.975906,139,39861.62688
-603.94707,29,39865.621339
-621.780851,142,39885.75385
-14.731432,300,39928.455086
-604.926543,55,39936.960791
-26.344909,300,39980.26123
-27.384048,300,40023.12109
-616.645898,152,40044.477156
-615.171595,43,40051.091635
-604.587548,32,40055.436774
-631.877654,171,40080.717002
-30.983331,300,40124.330676
-615.297806,57,40132.799939
-611.250419,72,40142.509776
-603.192944,24,40145.729124
-604.973693,38,40152.018353
-616.345074,132,40170.670634
-611.944693,101,40185.325837
-605.278377,56,40194.026472
-605.661547,154,40215.541621
-601.290788,50,40223.309695
-38.276017,300,40266.405131
-601.037792,19,40269.079147
-608.900643,193,40296.756637
-30.514803,300,40340.131057
-617.94472,140,40359.856725
-37.573453,300,40403.161788
-650.083177,294,40447.511921
-606.570965,43,40454.533931
-20.986807,300,40497.925408
-634.739193,296,40540.719075
-602.074525,18,40543.280409
-607.722021,68,40553.259954
-612.487905,130,40572.221177
-35.929824,300,40615.876838
-43.848234,300,40659.272797
-609.821881,34,40664.164376
-614.767798,57,40672.830294
-622.067058,237,40707.01815
-30.658233,300,40751.752927
-26.964752,300,40796.243921
-49.597863,300,40839.479802
-605.454904,18,40842.053201
-622.486499,175,40867.601125
-38.645341,300,40910.691787
-40.862134,300,40953.982431
-617.072118,259,40991.407721
-613.003553,166,41015.106544
-612.465874,109,41030.800085
-616.216938,112,41046.798683
-619.133076,46,41053.887984
-617.853431,230,41086.872728
-619.918041,117,41103.638472
-27.404188,300,41148.128103
-655.70124,240,41183.473145
-615.65717,126,41203.915359
-626.937152,142,41224.30906
-610.576307,98,41238.746668
-647.001246,259,41277.111216
-41.615658,300,41321.261865
-610.952667,137,41341.198588
-635.078229,228,41375.607329
-622.23261,182,41402.571469
-623.811209,191,41429.224946
-617.397562,140,41449.803311
-29.48979,300,41493.05566
-609.099428,65,41502.247962
-613.752212,146,41523.751266
-613.596777,206,41553.547943
-47.151193,300,41597.089287
-620.193703,225,41630.076349
-607.380881,148,41651.923916
-617.47677,102,41666.74802
-615.60599,97,41680.861702
-615.812037,73,41690.846276
-607.299903,55,41699.340937
-613.6382,126,41718.433575
-605.629604,54,41726.752616
-58.206521,300,41770.169728
-606.162667,32,41774.64318
-607.50146,30,41778.856431
-612.722273,87,41791.589084
-604.939114,131,41811.175811
-605.45503,54,41818.538548
-630.707076,128,41837.196131
-50.703935,300,41882.769841
-602.29954,14,41885.601101
-603.697751,27,41889.415319
-606.165507,22,41892.486191
-604.882782,138,41915.461259
-610.378333,70,41926.068297
-604.67044,40,41932.452255
-602.500766,14,41934.479951
-600.647255,18,41937.055646
-36.688198,300,41980.630203
-601.796926,22,41983.734904
-611.252077,113,42000.106393
-609.722014,76,42011.323102
-604.549151,101,42026.102801
-636.864359,196,42054.31868
-607.644747,34,42058.86317
-602.468206,15,42060.936357
-628.825546,244,42097.173854
-612.597096,169,42122.019217
-604.675963,39,42127.444826
-628.639011,186,42154.221524
-651.087536,246,42189.409048
-608.928085,54,42197.855544
-31.970562,300,42241.303091
-614.717725,197,42270.066556
-601.233153,15,42272.166767
-631.695667,293,42315.012425
-615.308016,115,42331.797268
-604.137174,61,42340.82598
-627.385414,168,42364.628366
-604.931284,36,42370.408884
-26.725748,300,42413.493729
-611.773228,163,42436.452005
-29.166956,300,42479.933831
-49.735374,300,42523.097382
-613.4901,128,42542.207526
-625.670619,253,42580.759481
-616.343031,207,42611.014198
-48.185568,300,42657.426066
-60.65985,300,42710.517769
-606.394406,111,42726.393713
-606.142592,23,42731.245781
-612.199121,49,42737.969042
-606.535995,22,42741.016887
-622.746608,194,42769.402617
-33.668229,300,42812.391423
-613.737354,53,42820.314599
-38.788409,300,42867.120717
-605.045564,37,42872.263988
-606.151728,152,42897.892065
-22.960046,300,42940.591283
-625.832312,158,42962.887987
-608.88761,29,42966.852147
-613.957994,148,42988.847295
-94.341664,300,43048.499602
-614.904943,152,43070.13937
-613.241935,51,43078.056365
-612.511684,133,43096.971014
-603.246188,46,43104.362306
-612.363537,95,43119.162213
-38.026387,300,43162.961722
-13.088624,300,43206.434458
-605.794,56,43214.121284
-617.762618,131,43233.521038
-38.627983,300,43277.114602
-628.257394,144,43297.231479
-602.892448,17,43299.662067
-50.053283,300,43343.316721
-607.826108,93,43356.82592
-606.191035,67,43366.624135
-606.904933,47,43372.982693
-607.359767,31,43378.135182
-612.566821,70,43387.644392
-40.360669,300,43431.033595
-637.624911,184,43457.404274
-619.041393,213,43488.059865
-615.756036,160,43511.55144
-44.360046,300,43555.368438
-605.946748,49,43562.071794
-64.132792,300,43608.389405
-619.405941,176,43635.181924
-48.68446,300,43679.957755
-26.766702,300,43722.907484
-633.463452,213,43753.25905
-52.877234,300,43796.765276
-641.084106,174,43823.010565
-25.250734,300,43865.946865
-53.723257,300,43909.71716
-601.200473,32,43914.081759
-613.615473,124,43932.701619
-604.089671,20,43935.599817
-613.197935,149,43956.83966
-612.587568,239,43992.008614
-652.738897,287,44033.181003
-612.187792,91,44046.259297
-633.651854,252,44083.459201
-603.223932,17,44085.820539
-603.733269,31,44089.964879
-31.459486,300,44133.651301
-13.024002,300,44177.043778
-603.130414,72,44190.294564
-606.994433,34,44195.436233
-28.859321,300,44239.7364
-603.589805,39,44246.004926
-22.594967,300,44289.488966
-627.378626,167,44313.376518
-607.173479,31,44320.762152
-602.314157,22,44325.583636
-604.163346,55,44334.569309
-37.318194,300,44377.459089
-624.990407,239,44411.463609
-606.26154,45,44417.525789
-43.885626,300,44462.103229
-609.340838,37,44468.041539
-605.649422,26,44471.937976
-614.056635,65,44481.651987
-32.936549,300,44524.553491
-606.106712,26,44528.123583
-605.217674,69,44538.692086
-607.068665,97,44552.922369
-41.000185,300,44596.486573
-610.897445,136,44616.086676
-35.047395,300,44661.236367
-28.58508,300,44707.322126
-28.291135,300,44750.906297
-13.426398,300,44794.422719
-32.780656,300,44837.821699
-615.197766,173,44863.12257
-611.288767,31,44867.280638
-614.96605,80,44878.889198
-40.01847,300,44927.641877
-40.819471,300,44970.173046
-603.761956,60,44978.181587
-603.311838,18,44981.547648
-607.304459,54,44989.07491
-602.638714,46,44996.284516
-611.454907,78,45007.002146
-614.453518,118,45025.001164
-602.02024,14,45026.989903
-616.476597,253,45063.394948
-41.681029,300,45106.191363
-619.064998,128,45124.352177
-607.634137,86,45136.680789
-631.074987,254,45173.985307
-614.198777,93,45187.514624
-613.289583,201,45216.821054
-606.311379,64,45225.379158
-612.47768,112,45242.905415
-57.485572,300,45292.002208
-19.502961,300,45336.549372
-30.47509,300,45379.242469
-26.886783,300,45422.572929
-62.04671,300,45465.549313
-609.733901,68,45474.770102
-607.696195,45,45481.803532
-601.231336,40,45487.945512
-612.947552,73,45499.601919
-39.670327,300,45551.872313
-639.096367,249,45590.373997
-606.902704,52,45598.608621
-617.201421,189,45628.37939
-610.345374,47,45637.987501
-29.849428,300,45681.028319
-38.659101,300,45724.341352
-47.175528,300,45773.769591
-34.602603,300,45818.110909
-35.229729,300,45861.75364
-616.483058,96,45875.690607
-617.647951,71,45886.249353
-30.99416,300,45932.09531
-611.527613,111,45948.053819
-600.380358,20,45950.852254
-35.732606,300,45995.17308
-600.935175,41,46001.64773
-39.20959,300,46045.787206
-31.117077,300,46089.272414
-42.804438,300,46134.923307
-606.295225,20,46137.672408
-609.60386,128,46155.984157
-618.24324,109,46171.85083
-52.769291,300,46215.229353
-611.200315,93,46228.337333
-607.199766,37,46233.428957
-33.925823,300,46277.51488
-46.534159,300,46321.60366
-606.371529,79,46333.278176
-636.94825,243,46369.60343
-606.011973,24,46372.978864
-621.911121,180,46399.713927
-622.54779,139,46419.423491
-608.337897,49,46426.928547
-620.272775,132,46445.648288
-606.166224,74,46456.495338
-608.820955,121,46473.851266
-617.679621,271,46512.750356
-611.512397,103,46527.788404
-621.513178,63,46536.567974
-612.558465,98,46550.814059
-606.592232,107,46566.139577
-627.763809,232,46603.388781
-625.00996,149,46624.224206
-617.320171,286,46665.945378
-611.40096,91,46679.155432
-49.474638,300,46722.376728
-30.715335,300,46764.958786
-52.102036,300,46808.625021
-37.085827,300,46852.312186
-601.806617,16,46854.562117
-38.89994,300,46898.831351
-604.503363,27,46902.526127
-621.990921,224,46935.710631
-611.572568,32,46940.222672
-623.024233,185,46967.220115
-615.158295,127,46985.488266
-37.70983,300,47028.753881
-612.33811,159,47052.199716
-607.243566,31,47056.463136
-601.237818,14,47058.486354
-646.998472,256,47096.112746
-642.097897,231,47129.241312
-54.633537,300,47180.239343
-604.061702,52,47187.429005
-626.201617,153,47210.250647
-38.410209,300,47253.364332
-627.733532,204,47283.44824
-609.813334,40,47288.977453
-25.097289,300,47332.465407
-603.666605,19,47335.982267
-20.033641,300,47378.768355
-602.488411,13,47380.574947
-41.678178,300,47424.929018
-55.564499,300,47468.241461
-607.111291,61,47476.665797
-626.580681,173,47501.887196
-49.638342,300,47545.064813
-616.285419,129,47563.429088
-609.54454,87,47575.99318
-606.414883,43,47582.797264
-611.927296,116,47599.177634
-610.325239,38,47604.476054
-608.455153,42,47611.046377
-601.131632,21,47613.942914
-638.356006,216,47644.742726
-625.318114,145,47664.969047
-621.613227,80,47676.584432
-629.349151,272,47715.597324
-613.075911,74,47726.642581
-605.635174,52,47733.679034
-609.745963,53,47741.836981
-632.013498,209,47771.916275
-650.922328,281,47815.352638
-30.198312,300,47858.339499
-613.65777,177,47886.839396
-618.205538,104,47902.049306
-610.430946,152,47924.309933
-27.885239,300,47968.556131
-47.193298,300,48011.511809
-56.424383,300,48054.364532
-27.768629,300,48098.524854
-608.637305,98,48112.704395
-618.544176,195,48140.524982
-617.301963,131,48163.033546
-29.036299,300,48206.27386
-30.528332,300,48250.519911
-605.395103,49,48258.033447
-604.512262,27,48261.725446
-624.564823,271,48302.50593
-603.377798,18,48305.055839
-65.879178,300,48351.918351
-632.695582,157,48374.137131
-34.334111,300,48417.712206
-40.707694,300,48461.126514
-31.701324,300,48505.032963
-608.542564,66,48514.979925
-63.524953,300,48566.965215
-612.697836,122,48584.486291
-618.07732,157,48608.616985
-630.289136,193,48637.063267
-610.926954,142,48657.428149
-73.725135,300,48711.259009
-621.546341,153,48734.889523
-608.890716,45,48741.087117
-50.239309,300,48785.416604
-603.330238,52,48793.371226
-617.579126,220,48825.194481
-625.941638,185,48852.487609
-607.130243,116,48869.682041
-609.225517,63,48879.119576
-609.739325,117,48895.837858
-600.396506,24,48899.103917
-600.882766,22,48902.150559
-604.979236,46,48909.32659
-608.099659,112,48925.510365
-42.256188,300,48968.830198
-616.832454,157,48990.994815
-617.610604,125,49009.750354
-607.734651,62,49018.063786
-623.633101,181,49044.529014
-625.542691,184,49071.100434
-618.64679,161,49093.747148
-635.558012,243,49129.51035
-638.423317,218,49161.049601
-608.716581,154,49184.15773
-611.628182,178,49209.554707
-618.060865,172,49234.741153
-614.034,156,49257.707005
-603.248902,14,49259.650817
-614.249897,222,49292.090791
-615.118234,82,49304.59276
-46.330997,300,49354.070966
-617.611153,116,49370.671871
-622.762772,165,49394.517233
-623.740802,234,49429.175664
-605.275655,29,49433.09631
-637.251986,253,49473.167056
-616.348493,120,49490.457088
-614.278089,132,49509.202702
-643.23648,245,49545.358742
-610.174481,83,49557.292787
-614.922994,125,49577.559239
-626.473163,287,49621.113946
-605.757248,110,49637.742432
-605.847668,34,49642.426454
-23.393634,300,49688.990068
-608.546535,53,49697.067369
-611.357427,158,49719.451016
-612.667311,148,49742.344658
-613.738129,76,49753.721031
-642.886789,265,49793.102559
-63.07919,300,49836.692352
-612.578111,169,49862.756746
-607.683996,18,49865.330217
-55.366166,300,49909.797503
-613.146956,153,49932.3195
-604.747072,52,49939.327171
-622.73109,108,49954.692112
-631.756795,269,49993.950449
-30.390748,300,50037.16199
-43.140815,300,50081.135072
-628.879648,181,50107.49619
-645.522439,208,50137.655323
-622.645881,261,50175.44295
-58.961994,300,50218.872834
-620.115263,176,50245.265879
-610.880052,110,50261.374769
-616.906214,126,50280.126902
-615.993343,65,50288.882393
-615.332302,154,50311.55202
-603.884091,95,50325.377332
-602.847334,58,50333.656973
-66.653099,300,50376.937995
-642.592576,186,50404.09215
-609.590228,84,50416.653333
-641.063849,220,50448.328576
-642.886871,258,50487.630654
-615.241477,103,50502.960615
-49.546161,300,50546.148961
-630.306767,94,50559.904795
-611.140968,37,50564.961706
-616.153862,68,50575.147367
-631.885602,180,50601.144957
-633.041751,208,50631.005603
-626.807677,111,50646.711491
-32.433675,300,50689.853974
-612.839954,109,50705.584762
-615.092297,48,50712.23612
-55.794594,300,50755.548263
-602.548942,83,50767.753469
-43.237054,300,50810.890752
-603.297598,26,50814.441201
-609.564513,40,50820.807982
-608.647926,28,50824.671222
-613.181562,48,50832.07353
-600.918145,17,50834.464129
-626.795319,155,50857.518071
-38.276029,300,50901.158596
-50.45007,300,50944.683593
-637.687632,136,50964.9626
-643.596645,244,51000.01641
-604.669596,22,51003.168841
-52.649193,300,51046.535532
-628.059548,292,51088.150441
-611.353042,131,51108.089936
-622.01308,144,51128.765723
-607.15332,57,51137.628238
-605.652692,105,51152.883825
-605.037877,52,51160.130305
-52.901809,300,51203.811038
-602.611498,14,51205.829209
-607.035996,44,51213.262334
-620.525869,124,51231.076037
-24.842745,300,51274.214598
-609.09097,61,51283.432977
-45.302505,300,51336.039315
-30.390467,300,51380.152999
-623.180902,137,51399.644218
-602.234486,28,51403.52663
-609.502268,83,51415.641503
-607.729991,16,51417.874691
-40.024008,300,51463.344118
-604.978548,32,51467.694405
-606.387395,67,51478.166549
-602.735664,46,51485.34438
-618.513386,109,51501.252123
-635.264861,200,51530.011934
-49.676976,300,51573.84445
-615.516816,93,51587.373657
-37.532705,300,51630.630853
-50.072172,300,51674.130318
-619.991248,114,51690.915785
-607.026986,32,51695.412854
-33.669445,300,51738.952383
-27.638354,300,51783.384082
-607.080693,104,51798.424876
-610.622436,91,51811.806783
-48.521764,300,51855.619696
-629.941738,187,51882.809899
-628.70374,162,51906.459619
-609.151777,94,51919.230206
-628.267119,188,51946.470538
-606.833584,65,51956.401967
-616.881346,62,51966.674043
-618.692006,73,51977.026501
-622.926925,199,52007.956441
-610.783546,114,52024.826874
-603.011741,69,52035.450216
-620.576299,106,52051.009227
-75.735444,300,52101.957178
-620.959755,105,52117.140057
-47.337038,300,52161.243964
-606.030846,56,52169.895293
-628.000301,100,52184.584179
-630.163985,107,52199.798267
-613.981531,80,52212.895315
-622.675565,135,52232.311773
-39.423447,300,52276.069552
-623.110514,206,52305.770479
-612.111793,57,52314.426077
-622.939136,241,52349.196713
-604.608567,84,52362.545165
-618.658329,166,52388.174791
-632.545771,208,52418.008337
-605.391527,31,52422.259803
-615.648941,148,52442.986286
-610.408031,117,52460.785052
-615.400349,101,52478.047196
-611.912314,61,52486.465401
-610.362188,68,52496.705016
-27.25967,300,52540.068076
-608.471591,104,52555.280506
-609.431429,66,52566.759133
-602.939283,32,52573.663641
-56.372557,300,52619.598778
-629.927382,297,52663.113264
-615.211223,84,52675.192415
-30.876159,300,52718.63561
-33.577553,300,52762.096006
-36.857907,300,52805.519086
-38.511541,300,52849.170277
-607.471453,79,52860.757903
-622.117022,136,52879.793312
-37.117882,300,52923.168695
-608.676127,44,52929.263647
-617.889122,110,52945.057029
-624.895879,268,52984.220233
-628.14248,171,53009.662585
-605.195856,137,53029.002628
-22.506794,300,53072.635438
-615.747357,221,53104.565914
-603.959647,27,53109.156496
-605.061547,85,53121.878699
-617.699401,265,53160.01431
-631.710912,129,53178.283122
-614.262946,272,53217.711784
-50.953656,300,53260.662326
-603.439878,82,53272.310655
-611.203413,85,53284.742435
-604.955347,17,53287.176896
-619.853576,137,53306.958748
-602.047616,14,53309.796068
-609.061979,91,53322.118679
-605.225374,37,53327.980694
-635.34698,245,53362.791815
-601.562744,21,53366.513325
-643.754337,189,53394.591129
-42.807567,300,53437.227316
-607.832848,97,53451.02428
-612.411929,169,53475.611925
-604.15375,21,53478.613503
-611.373119,40,53485.007242
-610.574593,93,53498.469827
-631.444953,141,53518.80593
-603.746258,37,53523.798633
-32.72923,300,53566.372348
-56.774959,300,53608.873774
-607.243929,61,53617.856987
-607.369665,64,53627.308237
-647.343269,286,53667.424114
-608.281593,68,53677.647621
-630.832582,221,53710.275002
-612.369371,91,53725.412906
-603.836231,40,53731.536035
-601.749283,36,53736.327576
-621.562113,186,53763.667599
-29.713751,300,53810.840586
-55.841516,300,53853.553522
-613.808608,70,53863.644185
-603.734537,26,53867.223193
-44.47366,300,53910.229169
-40.439654,300,53952.922563
-609.773873,106,53968.225176
-621.40304,177,53994.23234
-611.900132,147,54014.774671
-602.581023,57,54023.281571
-616.323587,91,54036.394697
-58.667431,300,54079.276052
-610.248815,128,54097.488812
-601.554143,54,54104.752107
-610.348414,43,54111.557109
-620.787188,205,54141.290035
-74.387558,300,54184.04315
-613.934844,97,54197.983891
-610.448199,40,54203.416178
-634.565452,288,54246.05443
-633.818338,203,54275.428362
-609.932234,149,54297.441458
-620.221402,78,54308.060122
-605.103005,25,54312.18215
-625.220614,232,54345.423742
-607.05959,48,54352.87885
-634.124931,209,54383.199291
-614.314671,57,54390.876828
-604.136023,64,54400.584837
-618.918953,146,54421.310416
-29.597872,300,54464.723326
-618.601592,70,54474.893551
-618.944179,77,54486.060169
-614.949688,128,54506.661234
-42.189935,300,54550.26514
-611.537801,53,54558.268445
-58.263361,300,54602.148772
-600.913807,23,54605.512322
-54.318933,300,54651.294863
-610.649172,44,54657.205623
-613.359282,46,54664.395427
-23.884293,300,54707.344406
-605.248226,50,54714.189072
-53.122231,300,54758.79841
-610.996686,117,54775.671422
-610.896425,79,54788.799453
-43.813335,300,54832.087651
-615.319439,115,54848.452237
-618.499359,91,54861.479668
-622.234201,148,54883.062517
-627.035979,139,54902.634271
-35.92784,300,54945.812782
-51.784895,300,54988.466205
-30.521574,300,55035.270975
-618.922428,134,55053.960331
-609.020131,47,55061.233573
-602.717725,25,55064.722554
-603.166529,16,55066.935902
-70.644979,300,55111.94347
-625.798443,146,55133.099713
-614.848502,83,55145.413544
-617.98351,168,55168.702665
-46.839338,300,55220.046961
-641.268415,226,55260.230837
-621.310869,112,55276.524065
-617.699707,144,55297.000356
-601.532929,81,55311.520272
-606.199232,50,55318.505392
-622.29569,279,55358.291605
-613.520706,86,55370.701442
-621.188384,101,55385.336096
-617.842404,139,55404.977835
-607.921916,62,55414.952444
-36.425833,300,55459.786252
-51.521097,300,55502.807971
-641.592364,227,55535.520969
-609.158786,55,55543.71791
-608.734348,37,55548.663486
-29.221654,300,55591.619178
-619.116183,132,55612.367543
-643.880268,148,55633.073628
-615.65617,70,55643.212599
-66.390093,300,55694.814664
-618.367504,186,55721.548588
-23.909266,300,55764.878766
-618.942848,152,55787.375306
-50.46286,300,55832.127615
-639.035869,196,55860.158889
-38.717536,300,55903.283178
-622.356206,133,55921.951343
-50.959563,300,55968.616455
-24.959119,300,56011.788816
-41.45145,300,56054.171886
-630.583134,265,56092.475698
-610.011359,173,56117.738472
-619.559852,237,56151.477439
-36.180632,300,56194.486158
-607.324744,165,56218.712528
-606.421039,82,56231.6504
-612.508911,193,56259.166735
-34.890398,300,56302.102613
-645.916692,287,56342.232015
-605.764701,43,56348.871515
-30.804232,300,56392.809306
-629.387973,171,56417.813807
-42.340909,300,56461.785562
-38.00589,300,56504.902164
-35.922446,300,56548.321621
-37.497451,300,56592.150946
-33.666488,300,56635.341151
-600.532534,21,56638.25832
-608.501142,150,56659.639698
-39.680973,300,56702.22972
-609.747149,66,56712.798859
-614.058565,112,56729.182425
-614.116127,163,56752.991791
-632.477966,237,56786.274967
-608.142853,37,56791.240762
-606.342001,111,56807.87732
-622.306121,205,56836.775574
-608.349377,115,56853.183075
-613.240453,61,56861.466103
-600.361417,17,56864.573744
-626.874385,264,56902.578763
-606.757126,32,56907.701131
-600.790907,18,56910.177304
-624.565781,209,56939.780359
-609.187689,43,56945.616795
-609.154779,98,56959.561804
-612.56891,70,56969.967011
-626.431399,176,56995.091934
-610.263876,57,57002.878436
-616.232509,43,57009.475411
-36.469458,300,57052.09122
-615.050271,129,57070.296214
-608.847083,99,57084.935586
-49.786313,300,57128.849113
-23.067768,300,57171.716542
-24.829755,300,57214.326225
-612.949929,102,57228.738895
-604.68902,29,57232.682028
-614.962068,210,57262.528332
-602.546309,29,57267.182788
-53.48465,300,57309.917909
-613.167289,134,57328.770697
-15.130625,300,57371.563315
-636.061736,260,57408.898115
-605.394971,96,57422.865891
-50.107299,300,57466.203963
-627.574732,243,57501.002722
-618.752088,211,57530.901197
-46.681367,300,57573.832293
-28.892341,300,57616.376039
-605.879802,114,57632.685905
-615.536994,80,57644.230379
-33.135356,300,57689.259493
-612.135299,96,57703.003694
-608.490628,24,57706.290676
-604.730704,32,57711.572068
-606.939247,29,57715.565009
-56.608537,300,57757.793588
-604.806675,19,57760.43497
-615.693579,84,57772.432005
-619.635915,161,57794.989677
-610.751862,105,57811.049053
-40.838781,300,57854.889139
-618.904623,165,57878.156785
-618.625878,121,57895.106056
-611.795918,40,57901.320938
-615.103562,87,57913.69001
-612.566789,99,57927.852398
-637.178591,218,57958.993834
-616.715843,132,57977.378386
-605.457726,40,57983.572949
-30.289029,300,58026.726881
-11.977707,300,58069.398008
-42.656977,300,58114.465491
-606.905058,46,58122.279763
-25.481232,300,58167.565018
-39.881287,300,58210.826375
-607.719332,58,58219.386201
-611.21945,90,58232.412466
-607.640489,45,58240.978062
-619.083326,85,58253.56204
-612.241768,122,58272.150636
-602.013726,32,58276.580822
-50.682433,300,58319.35935
-638.425528,261,58356.784487
-33.893039,300,58399.910197
-637.261742,187,58426.930793
-610.913363,49,58433.555005
-613.922345,120,58450.723137
-611.548301,79,58462.182312
-66.158097,300,58505.418158
-616.245611,91,58518.501735
-601.578512,25,58521.9052
-605.230825,91,58535.071923
-40.968925,300,58577.502445
-611.537174,34,58582.900354
-612.832051,177,58607.632838
-604.487854,30,58612.82176
-610.818247,30,58617.4207
-603.177159,36,58622.379066
-633.389711,175,58648.980406
-614.960203,167,58672.971081
-601.947895,21,58675.872856
-602.053366,40,58681.273297
-610.458018,80,58692.91051
-603.183672,25,58697.136744
-619.49607,181,58722.775165
-604.005972,26,58727.274041
-612.965723,171,58751.139876
-608.243433,69,58761.487783
-618.836498,159,58784.893358
-616.79631,149,58805.904897
-637.479851,181,58832.259779
-47.211767,300,58875.186327
-33.901787,300,58918.986263
-609.622086,46,58925.145459
-610.61511,136,58944.701178
-608.379417,70,58954.315917
-20.580215,300,58997.046847
-621.367266,52,59004.889577
-32.569314,300,59048.635409
-45.909022,300,59091.609065
-604.499553,74,59102.430499
-65.746335,300,59151.824072
-620.980064,230,59184.488517
-602.696222,50,59191.337253
-620.044968,245,59228.431043
-602.638614,23,59231.873272
-58.198106,300,59275.042216
-615.9084,152,59297.030126
-618.308566,57,59304.985273
-641.064384,276,59345.129835
-40.001496,300,59388.435817
-610.813323,118,59405.002176
-618.021531,75,59415.764777
-604.873283,25,59419.444787
-607.992881,40,59426.327104
-49.672528,300,59469.736348
-615.672291,100,59483.889159
-620.047081,80,59495.021662
-607.85773,40,59501.169111
-627.965468,267,59538.999286
-37.416401,300,59581.380517
-619.26555,41,59587.753065
-601.704976,35,59592.428792
-27.275973,300,59635.805585
-617.346682,244,59672.320668
-21.244289,300,59716.074851
-600.780838,26,59719.688429
-45.377097,300,59762.424549
-602.995839,24,59765.784921
-613.49909,52,59773.611914
-619.662286,229,59805.955635
-41.273059,300,59848.188484
-17.714627,300,59890.57624
-621.395152,154,59914.317043
-601.738521,35,59919.891707
-613.085374,104,59934.706504
-609.565855,75,59945.707552
-648.570466,206,59976.793259
-604.162735,32,59981.23389
-610.054929,88,59993.763371
-610.028361,143,60013.669425
-67.078228,300,60057.426311
-605.442318,77,60069.242094
-604.081795,53,60077.801584
-634.01409,276,60117.202193
-628.728955,212,60148.614898
-622.557515,167,60172.719041
-613.027628,157,60195.638388
-605.152712,54,60203.065555
-623.933556,117,60219.864805
-625.117517,92,60232.918244
-17.767475,300,60275.873753
-608.25938,114,60295.665921
-640.172719,116,60315.218964
-603.245569,78,60325.792453
-607.518314,70,60336.033059
-624.000732,119,60352.74879
-27.821222,300,60396.431275
-39.30325,300,60439.618888
-52.571441,300,60482.698971
-614.456727,65,60492.397195
-659.733583,281,60533.577917
-608.896133,124,60551.274417
-50.484101,300,60595.29336
-635.372979,236,60628.710265
-34.47512,300,60671.689571
-44.622952,300,60714.633777
-605.382262,29,60719.306201
-611.996332,90,60732.259201
-623.398674,145,60752.570154
-616.901575,96,60766.546224
-610.388439,94,60779.957852
-49.66957,300,60823.044369
-602.909203,17,60825.445098
-611.626805,59,60834.251775
-615.956558,141,60854.342634
-613.330392,103,60869.49207
-602.613012,27,60873.271534
-606.628435,36,60878.926016
-618.894039,160,60901.544849
-605.627554,27,60905.956934
-636.704972,150,60927.901516
-34.466184,300,60971.519168
-618.737885,97,60985.582778
-606.886546,72,60997.961577
-624.745588,145,61020.427723
-602.767173,15,61022.520408
-610.416209,23,61026.434874
-628.292719,250,61062.614471
-601.287434,38,61068.463732
-602.222654,25,61071.85178
-620.216461,167,61095.075999
-638.25223,206,61124.74501
-604.79992,74,61134.98735
-605.119002,125,61152.523875
-38.375482,300,61196.050845
-615.50736,86,61208.699474
-625.508764,144,61229.484136
-47.992426,300,61273.553829
-617.835629,196,61301.759773
-604.063181,19,61304.826086
-609.292369,101,61320.034897
-625.492018,107,61335.475122
-608.626292,83,61347.471067
-613.844357,103,61362.454313
-611.079402,50,61369.266729
-36.078363,300,61417.110675
-603.765171,94,61430.625725
-29.855041,300,61474.615992
-43.237748,300,61517.744943
-621.899903,92,61531.033609
-616.556006,148,61552.541937
-606.001624,23,61555.732814
-621.100611,154,61577.308647
-37.932728,300,61621.08823
-622.439276,196,61649.410488
-617.756538,142,61670.050907
-612.517199,164,61693.637741
-613.462775,101,61708.138505
-612.419714,78,61718.619403
-627.49353,184,61744.951829
-616.044872,115,61761.544399
-617.676935,170,61786.085003
-609.064913,46,61792.228397
-613.665113,174,61817.450243
-605.117699,51,61825.23887
-635.738181,279,61867.26669
-619.061579,36,61873.183871
-619.379839,138,61892.853422
-620.009709,105,61907.996273
-615.329157,140,61928.211429
-620.311732,208,61958.797976
-614.305579,114,61975.432898
-622.413011,131,61994.089997
-36.684781,300,62037.622403
-35.164289,300,62085.193747
-606.410837,39,62091.205443
-609.526885,147,62112.369285
-630.063594,156,62134.988875
-33.476203,300,62177.838205
-20.633809,300,62220.882024
-602.641133,23,62224.231433
-604.736292,64,62234.152386
-41.438781,300,62279.658619
-625.403653,148,62302.157025
-650.375378,224,62348.487689
-602.391133,46,62357.218324
-32.368641,300,62402.167042
-40.442626,300,62450.474609
-48.885586,300,62495.879344
-607.519066,67,62505.447605
-626.143926,130,62525.508379
-67.71112,300,62571.193371
-607.316086,86,62584.561026
-52.976271,300,62631.503734
-602.568825,33,62636.284987
-608.698384,66,62646.642339
-59.032995,300,62691.91063
-616.353678,210,62723.703506
-606.27245,51,62731.185881
-617.891135,95,62745.678355
-612.6729,121,62765.693513
-53.233304,300,62811.783271
-624.509728,184,62841.951715
-603.2057,74,62853.388547
-602.280665,14,62855.543699
-613.266785,56,62864.411075
-50.540742,300,62909.852731
-634.398073,140,62930.814424
-638.635388,143,62952.021243
-627.524397,152,62975.511735
-631.241583,191,63004.861633
-39.40081,300,63052.837002
-653.59256,289,63111.352156
-600.300219,18,63113.990262
-25.286537,300,63159.646031
-617.106396,194,63189.015977
-608.282882,110,63205.481291
-42.922914,300,63255.306059
-625.103021,209,63296.092977
-47.914031,300,63350.532209
-619.856489,132,63370.379916
-622.511618,132,63393.676112
-634.24523,257,63432.211848
-619.216119,100,63447.33677
-607.659333,101,63462.804599
-618.590868,150,63485.911171
-628.879033,127,63506.51957
-630.848218,117,63525.709118
-631.141625,182,63553.291244
-630.567515,74,63564.656536
-624.477142,233,63599.651569
-607.089814,50,63607.379995
-604.63261,28,63611.419106
-34.431521,300,63657.172818
-610.613129,110,63673.870058
-631.023396,120,63691.852007
-627.669196,191,63720.795173
-29.571967,300,63766.582766
-604.076231,59,63776.417095
-611.554861,96,63791.019165
-629.096519,242,63826.763385
-612.108713,92,63840.72754
-607.0959,89,63854.250383
-631.723437,233,63889.812631
-620.009393,131,63909.71948
-612.79027,78,63921.746194
-620.487549,200,63952.113323
-603.146351,35,63957.828846
-622.598731,131,63977.712519
-41.07916,300,64022.970806
-622.199349,184,64050.488624
-602.647094,50,64057.484907
-615.920704,108,64073.632363
-24.204476,300,64119.498863
-34.959391,300,64166.377024
-618.746668,119,64185.130085
-601.248676,24,64188.800251
-604.82951,25,64192.4984
-602.914717,69,64203.307373
-617.519595,99,64218.431699
-614.673356,174,64245.176362
-603.002312,12,64247.716027
-601.59624,15,64249.999156
-616.347779,108,64266.16776
-628.007779,122,64284.788303
-601.804312,45,64291.618478
-611.334038,61,64301.342697
-615.441663,108,64320.814209
-613.406089,198,64358.830117
-608.379909,96,64373.492424
-604.521548,79,64385.476902
-602.020252,15,64387.704998
-626.54557,173,64414.100345
-600.855974,24,64417.550258
-627.045801,150,64439.875927
-613.460064,115,64457.970531
-619.746072,62,64467.133227
-65.657446,300,64516.814464
-614.739253,244,64554.118588
-612.740501,129,64573.195615
-623.645555,105,64589.239563
-35.725538,300,64640.289253
-620.032635,159,64664.659676
-42.718891,300,64709.751699
-607.730988,32,64714.544805
-607.787298,56,64723.374411
-606.131324,33,64728.099976
-55.057194,300,64776.000644
-603.249294,27,64781.216745
-615.134407,163,64805.999497
-648.112238,273,64846.436992
-28.006254,300,64892.394669
-602.463712,28,64897.382885
-603.916929,59,64906.061927
-620.815925,139,64928.025738
-642.10159,170,64952.954559
-642.355388,252,64991.324524
-616.711261,54,64999.482962
-604.381215,53,65008.081222
-632.034463,183,65035.979428
-619.816134,193,65065.316398
-623.339962,259,65106.217095
-33.371253,300,65151.727678
-623.004452,73,65163.237172
-647.676256,219,65202.586262
-631.149986,197,65232.678263
-604.753546,23,65236.068947
-602.752377,24,65240.241826
-613.441684,63,65249.495318
-611.01414,93,65266.756578
-613.270917,93,65283.498479
-28.298228,300,65328.690127
-42.295997,300,65374.248694
-63.951745,300,65422.922806
-625.606008,164,65448.349465
-34.433332,300,65493.87369
-619.864032,140,65514.614103
-631.552995,126,65534.014563
-617.993731,163,65558.531989
-53.829597,300,65604.355756
-611.654292,33,65609.228016
-28.699442,300,65656.810622
-616.581617,83,65669.291935
-627.248898,155,65692.887309
-636.576,218,65726.034951
-615.77118,96,65740.933705
-612.55592,99,65756.452539
-53.795086,300,65807.944017
-38.778053,300,65853.59169
-22.28209,300,65901.604287
-621.471461,111,65918.209163
-42.80517,300,65963.916141
-632.77163,204,65995.197898
-623.578302,91,66009.157762
-44.953913,300,66054.356324
-44.987458,300,66103.171465
-607.969948,40,66108.97284
-47.019365,300,66163.63735
-603.947856,77,66175.520081
-43.366264,300,66223.050026
-618.496466,125,66241.939538
-623.1144,194,66271.431938
-623.572332,135,66293.98521
-613.443594,128,66314.920116
-608.748836,100,66330.19041
-601.726103,34,66335.285572
-617.401597,158,66359.400824
-623.715705,125,66378.202091
-625.499562,254,66417.272118
-610.819151,158,66440.472703
-610.050626,118,66458.897596
-30.498701,300,66504.861507
-41.352296,300,66550.491455
-614.383149,222,66585.851107
-639.715621,222,66623.188347
-627.884965,204,66653.792188
-614.23451,211,66684.980614
-610.671669,146,66707.12889
-26.550846,300,66753.779496
-30.635627,300,66799.713734
-625.544261,214,66832.107351
-614.575251,130,66852.205163
-38.143863,300,66900.545027
-603.055093,78,66912.713706
-606.234717,75,66924.503351
-644.238202,128,66943.768364
-630.199748,113,66960.910933
-604.331403,26,66964.862331
-31.805177,300,67010.908442
-53.687712,300,67058.686287
-612.265742,83,67071.251123
-626.714632,265,67111.793658
-613.344487,165,67139.268203
-617.552522,205,67170.576908
-614.39412,136,67191.636815
-629.625674,129,67210.777506
-61.488665,300,67265.703732
-611.049669,144,67287.424347
-606.104327,25,67291.892361
-645.515113,298,67337.349895
-30.654269,300,67383.173812
-608.866562,111,67400.086836
-611.366662,120,67418.128329
-604.318717,67,67428.557503
-609.349022,126,67447.672825
-50.26987,300,67493.456095
-616.083835,178,67521.098776
-618.734535,269,67566.66298
-627.617813,212,67600.091713
-615.227756,90,67613.19425
-609.742953,89,67626.565688
-617.4332,241,67664.511809
-610.229485,66,67674.085678
-35.615957,300,67722.298286
-30.560864,300,67769.798633
-629.859183,186,67798.084007
-625.573183,158,67824.73375
-24.377363,300,67876.147396
-612.559847,59,67884.865399
-612.633583,67,67895.566604
-627.511099,188,67924.083946
-28.454882,300,67971.86523
-56.674858,300,68017.198945
-21.098381,300,68065.975841
-606.739758,89,68079.443068
-27.353721,300,68125.638416
-612.948606,121,68143.834953
-43.017448,300,68189.378459
-602.995245,16,68191.874521
-610.63215,107,68208.245819
-30.706138,300,68253.717611
-68.470512,300,68299.482916
-28.587081,300,68344.776964
-621.248568,158,68371.684712
-624.257784,253,68413.191964
-603.607984,38,68419.61765
-628.242451,173,68446.190207
-602.318207,53,68453.984831
-34.202669,300,68499.835073
-603.43048,24,68503.477289
-602.231414,22,68507.311642
-613.91893,147,68529.395854
-610.822316,100,68544.322846
-54.341608,300,68589.803688
-614.650042,172,68616.976954
-624.049529,196,68647.158672
-25.095862,300,68693.640414
-616.601717,134,68713.726206
-617.691922,97,68731.64758
-36.607352,300,68780.4203
-626.259203,225,68814.383785
-603.564282,44,68821.617225
-26.492703,300,68866.657176
-610.951993,47,68873.646808
-603.271004,20,68876.532263
-613.819525,191,68905.447398
-605.884294,72,68916.41192
-603.230601,55,68924.956558
-643.538142,268,68965.292617
-604.838924,26,68969.229883
-607.120446,71,68980.294897
-22.521152,300,69026.925509
-616.395261,217,69062.303881
-607.392831,179,69089.813371
-635.828975,243,69135.941529
-59.76905,300,69181.190102
-611.930025,150,69205.144652
-606.897874,89,69218.676823
-610.762687,215,69251.446323
-608.735994,105,69267.676932
-32.26653,300,69313.513698
-648.642069,212,69346.156457
-604.565044,41,69353.004743
-34.645351,300,69399.042435
-610.094529,96,69413.841783
-25.298835,300,69467.288046
-643.947596,187,69495.725513
-623.677811,118,69513.295293
-28.197757,300,69564.693239
-604.803592,35,69569.83736
-628.94525,121,69589.963842
-51.920369,300,69638.080289
-635.976021,254,69683.026205
-621.178858,188,69711.432355
-602.696766,14,69713.51969
-600.5366,23,69716.902733
-34.603659,300,69762.178796
-626.520237,183,69790.965374
-611.153534,94,69805.236557
-602.437894,13,69807.324539
-44.697336,300,69856.898036
-606.172211,65,69867.033435
-625.580415,168,69892.040904
-621.251707,211,69923.502674
-646.270873,258,69962.545545
-619.054206,97,69976.80775
-614.981127,103,69992.396858
-47.310586,300,70039.757027
-604.875622,24,70043.230115
-604.668544,33,70048.765811
-613.813779,172,70073.856518
-616.549191,123,70092.476018
-600.166153,16,70095.620557
-626.983593,204,70126.274889
-639.883962,194,70155.747961
-30.559426,300,70200.830404
-34.241817,300,70246.101159
-620.921148,195,70275.47272
-614.770546,107,70291.650751
-617.054472,208,70322.410044
-47.902071,300,70367.763282
-39.690776,300,70412.91311
-36.681256,300,70458.773415
-621.45374,76,70469.708515
-621.12006,137,70495.072547
-613.809838,216,70527.812762
-39.260269,300,70575.182543
-613.287693,111,70595.056231
-622.480552,89,70608.659002
-630.484338,243,70645.375842
-612.935136,100,70660.732351
-32.410165,300,70706.098281
-601.573741,15,70709.071585
-42.716883,300,70754.313392
-33.847096,300,70800.354205
-611.266399,61,70809.124509
-37.609274,300,70856.426439
-605.292365,83,70869.217174
-630.099714,172,70896.856731
-605.81645,34,70901.742056
-51.165433,300,70949.944647
-50.586796,300,70996.062158
-609.672154,168,71026.72216
-609.127861,80,71038.983347
-27.336868,300,71084.569631
-616.970022,144,71106.41022
-28.345125,300,71152.316706
-23.315184,300,71197.29612
-613.256821,82,71209.83707
-625.315235,289,71254.085162
-624.642489,249,71291.822162
-603.305132,16,71294.261446
-623.310327,276,71336.019183
-612.067288,138,71357.715172
-606.400264,37,71363.328035
-30.752488,300,71409.173355
-63.38253,300,71458.503779
-46.474973,300,71504.887088
-613.120622,130,71524.196664
-620.27458,126,71542.778677
-64.021331,300,71587.898054
-44.005404,300,71635.469014
-624.621634,181,71663.631588
-611.259497,63,71673.381696
-609.054622,77,71685.445527
-44.973555,300,71732.337164
-669.221885,261,71773.834035
-607.334319,58,71782.967472
-608.99276,126,71801.83546
-612.646356,87,71815.419635
-44.623223,300,71861.168522
-72.222312,300,71907.389131
-641.484206,252,71945.868744
-605.934335,58,71955.040544
-609.076494,66,71965.348098
-25.947163,300,72011.251428
-626.157217,163,72035.43586
-617.032322,61,72044.825546
-604.687874,93,72058.884069
-607.038365,128,72077.835514
-35.726397,300,72123.302585
-615.56217,97,72137.878487
-601.637011,25,72141.525336
-620.213696,138,72163.33646
-48.939247,300,72208.865327
-604.287323,16,72211.292512
-625.789774,178,72239.283428
-26.313276,300,72284.668517
-614.388989,102,72301.288149
-607.068501,43,72307.512115
-605.40574,80,72320.184358
-611.807116,64,72333.957211
-40.070177,300,72380.533689
-606.527825,36,72388.028438
-603.982568,17,72391.292546
-607.430802,42,72398.243968
-604.59702,17,72400.796853
-610.990029,125,72419.719912
-604.941666,20,72422.839952
-35.47787,300,72474.85376
-43.668289,300,72535.585364
-619.60588,61,72545.14038
-611.709505,38,72550.626256
-609.036512,83,72563.33565
-601.87439,23,72566.714364
-604.604339,27,72570.712573
-627.953247,170,72596.82217
-606.176769,83,72609.491059
-609.415637,34,72614.349805
-623.066183,152,72638.044479
-607.174661,53,72645.626205
-610.272702,42,72652.374442
-607.543904,37,72657.804374
-601.481889,20,72660.835865
-613.991788,124,72680.208295
-613.536719,47,72687.06597
-24.994417,300,72731.983648
-609.547737,94,72746.229363
-611.569247,176,72773.35004
-55.579844,300,72823.021718
-609.020978,71,72834.244985
-69.266803,300,72881.754436
-604.926063,31,72886.565687
-14.148725,300,72932.312949
-29.881254,300,72978.003084
-605.566304,25,72981.804512
-626.462867,151,73005.470621
-30.272694,300,73051.010537
-605.202754,30,73055.347536
-21.628025,300,73101.433236
-608.182501,70,73112.302052
-616.131228,87,73125.123387
-615.778778,96,73142.654511
-628.020737,233,73184.278455
-621.363559,109,73200.515877
-604.662254,17,73203.013078
-42.815279,300,73248.450472
-649.92979,262,73288.477347
-619.340971,123,73307.210058
-602.341945,40,73313.345593
-47.341658,300,73359.081541
-617.075161,191,73388.104073
-604.114937,51,73397.634968
-610.984178,173,73430.199208
-36.544,300,73475.503563
-640.50378,282,73520.63863
-622.974792,207,73552.228095
-607.742531,37,73558.395374
-608.071898,31,73562.773525
-609.540045,52,73570.757787
-625.315216,109,73587.787005
-626.591036,202,73618.569002
