#{"env_id": "highway-continuous-v0", "t_start": 1571866117.6774704}
r,l,t
-704.275693,151,15.174932
-633.957215,44,19.999378
-629.781936,25,23.050472
-635.777432,28,26.659616
-626.056439,28,30.099175
-662.932961,35,34.358525
-627.197745,24,37.438382
-639.427763,17,39.575847
-641.754224,27,42.883577
-654.265539,19,45.21323
-631.556637,27,48.455413
-632.015937,24,51.444489
-626.283832,29,55.03093
-639.625215,24,57.951017
-629.07944,22,60.796257
-632.483319,42,66.126646
-643.96676,18,68.400482
-644.652455,19,70.820765
-692.472532,41,76.01146
-661.366776,29,79.662961
-636.478192,28,83.135341
-645.266824,16,85.175411
-681.647387,45,90.852273
-677.955596,32,95.198661
-632.277068,28,98.884068
-664.069393,121,115.552359
-645.712709,80,127.513624
-630.687703,27,132.254683
-646.599312,17,136.501093
-630.541004,28,140.530902
-666.999244,37,146.121268
-642.103848,35,150.939218
-7.353789,25,154.634013
-662.271389,72,166.20068
-632.755851,31,170.907891
-662.247302,49,178.52886
-645.615879,69,189.154223
-668.080358,31,193.886309
-668.752,32,198.566572
-86.636886,278,242.313083
-20.293142,53,250.200233
-701.718236,76,261.170323
-827.678994,100,276.847227
-655.524306,46,283.8901
-655.860786,40,289.880165
-10.193656,24,293.953058
-8.004152,26,297.845035
-10.195818,23,301.635531
-366.242851,122,320.931446
-691.577744,37,326.933737
-12.562626,39,332.881209
-662.620278,38,339.087167
-12.323983,24,342.679268
-697.983294,37,348.167091
-657.427911,34,353.158809
-700.515374,82,365.22659
-664.939397,42,371.530079
-681.996391,42,377.76486
-10.850946,26,381.655707
-10.58183,34,387.119672
-790.787008,65,396.818276
-667.997901,61,406.198689
-674.700332,115,423.694791
-778.873833,50,431.465723
-634.380012,62,440.74518
-285.57512,129,460.650598
-643.844014,17,463.470837
-27.340113,76,476.720364
-765.099992,167,505.908345
-37.950503,146,534.862636
-650.762541,34,542.016481
-910.08667,80,558.794734
-909.463167,238,605.181672
-706.200392,108,624.03558
-17.55084,55,633.916984
-676.45972,84,647.577593
-656.299,40,653.615677
-728.224425,115,674.289064
-744.642215,61,683.67996
-37.24616,93,698.640714
-677.339933,85,712.206236
-843.087708,49,719.640131
-699.283293,63,729.730769
-1112.506067,235,767.022442
-837.276209,199,798.607953
-678.992924,95,813.284667
-97.675654,300,860.691893
-753.224298,71,872.023224
-17.083802,41,879.046048
-713.719244,37,885.184839
-6.833448,25,889.29223
-693.353444,115,909.923597
-38.472222,109,927.14589
-659.477492,39,933.748026
-760.845769,40,941.783336
-798.727976,78,955.567157
-19.953099,55,965.35611
-927.365145,76,979.130311
-673.474967,92,995.641879
-27.740405,118,1016.60445
-702.908221,101,1034.972237
-27.956431,99,1052.027548
-764.699278,58,1062.08507
-660.016614,100,1077.787661
-662.67911,50,1086.063175
-25.879658,82,1099.819805
-67.90897,300,1152.322984
-144.585054,101,1168.176566
-1011.257277,220,1204.784858
-677.271195,38,1210.963113
-681.784243,110,1228.884225
-84.965489,300,1275.932874
-792.650426,162,1300.94035
-748.72141,128,1321.646281
-48.59412,100,1337.415422
-17.246429,57,1346.789182
-46.395595,167,1370.949319
-11.592071,26,1375.150487
-18.555549,76,1386.275692
-702.760625,87,1398.542518
-86.78732,300,1441.698959
-14.523623,32,1446.473375
-36.416951,69,1456.458969
-12.290325,28,1460.576797
-84.898895,92,1473.721251
-18.706588,41,1479.623451
-715.072444,267,1517.460716
-732.443807,55,1525.82621
-702.675899,63,1535.986822
-22.41623,47,1543.348755
-644.672645,83,1554.550951
-666.03602,43,1560.796932
-10.985594,33,1565.675432
-25.448494,55,1573.381565
-633.280396,40,1579.316451
-11.343949,24,1582.826337
-15.080768,32,1587.371636
-655.672899,62,1596.002651
-19.545845,50,1603.574581
-674.537865,79,1614.972853
-676.147681,39,1620.299527
-646.696322,56,1628.268329
-634.507015,44,1634.687602
-653.113373,31,1639.091731
-645.458565,22,1642.167869
-14.984175,64,1651.330154
-636.017455,36,1656.430313
-643.992681,16,1658.769511
-637.273574,20,1661.742764
-642.117086,34,1666.730532
-658.406383,24,1670.137363
-644.396552,18,1672.768595
-661.599424,133,1691.998517
-622.224008,26,1695.62039
-74.392838,300,1738.746125
-636.22804,26,1742.407649
-633.871855,47,1749.26618
-644.766396,20,1752.316534
-678.520926,257,1788.340981
-650.78481,20,1791.269299
-15.406987,28,1795.351207
-639.386093,36,1800.930068
-679.655414,191,1825.573624
-640.793099,27,1828.905328
-39.038356,137,1846.489507
-639.461833,16,1848.578863
-637.707841,23,1851.497374
-638.547498,17,1853.688534
-76.179183,242,1883.953605
-15.363042,38,1888.726225
-12.238109,44,1894.600775
-668.254233,32,1898.471444
-21.326794,79,1908.440914
-696.65061,121,1924.689817
-37.36992,86,1935.541544
-19.700729,93,1947.179262
-714.386257,74,1957.020325
-649.534593,55,1963.924621
-647.255295,22,1966.66796
-640.457337,25,1969.857382
-40.037821,113,1983.748866
-658.951873,182,2007.822403
-649.21911,17,2010.041608
-641.252921,35,2014.621888
-647.901549,16,2016.693578
-632.332271,22,2019.581269
-638.735254,16,2021.722625
-648.842543,31,2025.618418
-626.567175,32,2029.804333
-622.414916,26,2033.034001
-34.881189,66,2041.695097
-635.127204,31,2045.765393
-623.548082,25,2048.689418
-628.006416,28,2052.192703
-93.469466,63,2060.165966
-35.170029,123,2076.055054
-648.369102,16,2078.189926
-670.487648,26,2081.656568
-636.210005,14,2083.521091
-637.05661,15,2085.522061
-624.040262,20,2088.161566
-626.958994,20,2090.700114
-639.648594,15,2092.648313
-644.781843,17,2094.866254
-636.52944,16,2096.882443
-623.644591,27,2100.405023
-669.529686,37,2105.314819
-89.919795,300,2142.128062
-667.891695,27,2145.585814
-638.924149,16,2147.809359
-628.919033,25,2150.94263
-638.508861,32,2154.978596
-703.833449,53,2162.096996
-661.580672,29,2165.736831
-673.27982,26,2169.264418
-27.046871,60,2177.178986
-12.633396,45,2183.046205
-664.973048,151,2202.514123
-624.674663,24,2205.645451
-623.745589,24,2208.838482
-621.93546,23,2211.992147
-625.382091,24,2215.029925
-631.756923,21,2217.797632
-627.934776,25,2221.03686
-664.486456,38,2226.025943
-648.098137,71,2235.599874
-638.416563,15,2237.478498
-631.069811,20,2240.245274
-629.81385,20,2242.721137
-639.793088,24,2245.891376
-74.714941,300,2288.623979
-30.653053,82,2300.220084
-40.450649,183,2324.680998
-638.109387,14,2327.526495
-632.500772,20,2330.207535
-625.129232,25,2333.71601
-642.092632,26,2337.431256
-626.708691,36,2342.016212
-21.797423,54,2349.39944
-41.038542,99,2363.84391
-83.227583,300,2403.546096
-90.629583,300,2441.482527
-15.122777,46,2447.379759
-22.813673,76,2456.962812
-17.930144,55,2463.687924
-61.492301,154,2483.001351
-19.223704,61,2490.853672
-24.921647,69,2499.513578
-19.167211,44,2505.294311
-62.744444,185,2528.96909
-69.07759,215,2556.23652
-49.908097,142,2574.01986
-211.671587,300,2611.858253
-24.758057,53,2619.524894
-32.760431,89,2631.16004
-26.090618,61,2639.179898
-88.578627,300,2678.336887
-23.384947,77,2688.26418
-72.503654,300,2726.893495
-11.58199,30,2730.565136
-28.286397,92,2742.366709
-39.71126,110,2757.061464
-63.951499,205,2783.034001
-32.657393,141,2801.739353
-91.182207,253,2834.153357
-39.550547,85,2845.760068
-77.675686,300,2885.05263
-74.080305,300,2926.489939
-26.107339,58,2934.049115
-13.361009,49,2940.179858
-51.959807,160,2960.204627
-9.063515,32,2964.62288
-54.169295,157,2984.242855
-15.571784,59,2991.977714
-35.907125,87,3003.740242
-194.078709,300,3045.080706
-76.549172,300,3085.005511
-38.319006,139,3103.645424
-43.566687,109,3117.910677
-18.072496,49,3125.105576
-11.119756,24,3128.993645
-71.269009,261,3168.033469
-673.678086,25,3171.385594
-632.871066,26,3174.888041
-90.937352,43,3180.75228
-197.839294,45,3187.141675
-92.510408,300,3230.960481
-22.457778,40,3236.448298
-83.358447,300,3279.429592
-40.538808,102,3292.612585
-18.727574,38,3297.821495
-11.29791,26,3301.095952
-40.226255,136,3318.169346
-20.836295,55,3326.113144
-45.757037,104,3340.133223
-28.772609,56,3348.167118
-33.584576,63,3356.676134
-21.807192,44,3362.452607
-27.109477,101,3375.542827
-23.232356,76,3384.666267
-63.675343,215,3411.751597
-118.079029,300,3450.279072
-11.972296,30,3454.32478
-86.481197,300,3495.781838
-108.171756,300,3534.848187
-6.376388,23,3537.848433
-15.815384,36,3542.413066
-18.281246,45,3548.008303
-14.294126,37,3552.60108
-11.919901,22,3555.291945
-29.784588,90,3566.530824
-101.764913,300,3604.695484
-41.257699,119,3619.927801
-73.823207,300,3659.069289
-98.908923,300,3698.083932
-39.065518,86,3708.556801
-18.945748,49,3714.860942
-63.498147,300,3752.59342
-20.503095,49,3759.20028
-10.300773,23,3762.208256
-93.592458,300,3802.624122
-91.751902,300,3840.125687
-29.879356,67,3848.369765
-25.074008,54,3855.193427
-10.991793,24,3858.230561
-33.689976,95,3870.255788
-87.984305,300,3907.47428
-55.364611,127,3923.572318
-93.006866,300,3964.189095
-41.721536,100,3977.114021
-118.265101,300,4018.725108
-16.352267,36,4023.890607
-66.873582,300,4063.356902
-92.993485,300,4102.337818
-23.783824,77,4112.434726
-64.505545,196,4137.874338
-20.695586,50,4144.37349
-26.497692,80,4154.495517
-58.733574,131,4170.933612
-114.835962,300,4213.176334
-34.283839,92,4226.797179
-26.56601,81,4237.617354
-16.977801,52,4244.206657
-96.737214,300,4282.517528
-90.803717,300,4320.548828
-96.79279,248,4351.082905
-39.398131,95,4363.443564
-28.10529,60,4371.28037
-21.096269,60,4379.13677
-38.743455,102,4392.652186
-23.530492,43,4398.300281
-98.007942,300,4447.770039
-20.970093,58,4456.958387
-62.575184,209,4487.53147
-18.534097,62,4496.980465
-37.118542,112,4514.434027
-98.58255,300,4562.174998
-78.13574,300,4609.432253
-91.040526,300,4657.719025
-54.576038,200,4689.601462
-69.831788,236,4726.934717
-22.208149,44,4734.645226
-15.293155,30,4739.68945
-95.689476,300,4788.323046
-90.832699,300,4835.175783
-59.347893,206,4867.466652
-112.315091,300,4914.142433
-88.253731,300,4962.045874
-29.700041,63,4972.017735
-54.325071,161,4997.35491
-17.705369,44,5004.517614
-42.35737,151,5028.428791
-32.871598,107,5045.730783
-41.476426,166,5072.21766
-42.618914,129,5093.229927
-20.135616,47,5100.723116
-16.597323,45,5107.616674
-34.496005,87,5121.79082
-38.955925,148,5145.42702
-83.933605,267,5186.889915
-26.520708,70,5198.0664
-71.645822,300,5248.14861
-56.523515,167,5274.706996
-64.360667,300,5322.01362
-68.419456,300,5370.009188
-29.279942,63,5380.227086
-64.329472,222,5415.785792
-115.994868,300,5465.037868
-113.222606,300,5511.306838
-33.484047,67,5521.879733
-85.046667,300,5568.269309
-99.10401,300,5614.986057
-88.987771,300,5662.373647
-123.434387,300,5709.314534
-21.453252,86,5722.884982
-120.865978,300,5770.321055
-98.460162,277,5813.349431
-83.97574,300,5860.556421
-12.054181,30,5865.002255
-95.013941,300,5912.334627
-88.233594,300,5961.835136
-87.268871,300,6009.821537
-29.149295,69,6020.852805
-31.626044,77,6032.98395
-31.075611,63,6044.26803
-67.184767,289,6089.791843
-42.703241,133,6110.498515
-15.837313,41,6116.829178
-90.134307,300,6164.190823
-99.274802,300,6210.536103
-81.09641,300,6257.576222
-74.523213,300,6304.520627
-18.992223,43,6311.386998
-96.878995,300,6358.277355
-69.736429,300,6404.82154
-232.67243,300,6451.222999
-107.779672,300,6497.808957
-112.533733,300,6544.959495
-91.065231,300,6592.644881
-77.321213,300,6639.454141
-65.794018,198,6670.760922
-92.585157,300,6718.118372
-86.218542,300,6766.1962
-18.982244,41,6772.885336
-70.295091,300,6820.669406
-26.230028,59,6832.278336
-87.498159,300,6886.234445
-108.096626,262,6927.357323
-20.569562,45,6934.854491
-49.703001,138,6957.978079
-20.686219,85,6971.258276
-54.852303,165,6996.908507
-55.392788,134,7018.037308
-11.960193,27,7022.273364
-22.376041,48,7030.005008
-86.363509,300,7076.65281
-39.7531,92,7091.58919
-106.120743,300,7139.43407
-22.808519,48,7147.222292
-115.130913,300,7195.884314
-80.276618,193,7226.349479
-117.233494,300,7274.23838
-124.958252,300,7323.614042
-125.877274,300,7372.137436
-93.785845,300,7421.032005
-66.333179,183,7451.133588
-54.109128,157,7475.316032
-57.232885,136,7497.205815
-14.523141,40,7503.291838
-47.773503,122,7520.983983
-37.811761,109,7538.070161
-29.059807,121,7556.316686
-100.341415,300,7600.744706
-54.496016,129,7619.453187
-91.866837,300,7665.110545
-13.372704,73,7675.862221
-49.350916,122,7694.030284
-96.530444,300,7737.613132
-96.702965,300,7782.864297
-84.700461,300,7827.145998
-43.678342,109,7843.292723
-8.795889,33,7848.204196
-8.906662,24,7852.038727
-81.014752,202,7881.559879
-37.212208,87,7894.290349
-126.093305,300,7939.558255
-84.228625,300,7983.751129
-38.918009,115,8000.885561
-35.645188,69,8011.173554
-110.324447,300,8055.512977
-23.298926,42,8061.861504
-92.993997,300,8107.093285
-109.257598,300,8152.16376
-107.690047,300,8196.991327
-28.344986,86,8210.245094
-87.795377,300,8255.340948
-17.882539,49,8262.987906
-114.293714,300,8309.924042
-33.123424,69,8321.560687
-28.478271,80,8335.373827
-8.474204,22,8338.944636
-25.205969,60,8348.126003
-57.111891,137,8368.914223
-13.795356,31,8373.812375
-62.058654,300,8418.7571
-55.91298,131,8438.526221
-95.432352,300,8483.370591
-18.834479,40,8489.131977
-22.335389,60,8498.099029
-7.854844,26,8501.86001
-136.352717,300,8546.419685
-140.672619,300,8591.154497
-50.866867,148,8613.312064
-748.091047,300,8657.355522
-84.568776,300,8701.505318
-24.958987,84,8714.424229
-98.675694,300,8758.611658
-47.832926,300,8803.33369
-28.114456,53,8811.049754
-569.232193,300,8855.915009
-18.420878,50,8863.677319
-1032.098493,300,8908.577414
-157.375701,109,8924.717686
-35.99905,68,8935.130573
-293.326003,81,8948.012725
-852.275295,113,8964.93878
-2367.242874,300,9010.427769
-661.284035,300,9055.797973
-120.566371,300,9100.144664
-106.025356,300,9145.866787
-38.066106,73,9157.178434
-41.659624,78,9169.038148
-32.64435,108,9185.388802
-88.342155,214,9217.336523
-41.520277,81,9229.099075
-13.706711,27,9233.576891
-67.791129,300,9278.40955
-89.51402,300,9323.923231
-111.262218,300,9368.042918
-14.175632,25,9371.717106
-104.020838,300,9415.99995
-73.144998,300,9459.573906
-31.024342,85,9471.837658
-89.735086,300,9516.521341
-82.689604,300,9560.700744
-96.07096,300,9606.28099
-19.013599,54,9614.312954
-92.466114,300,9659.972314
-72.487252,300,9704.331273
-81.817072,300,9750.407461
-17.840716,37,9756.142155
-41.756771,129,9776.003971
-104.175844,300,9823.813431
-137.459139,300,9872.144286
-73.557931,300,9916.381247
-35.577599,81,9928.052166
-12.471109,30,9932.978676
-77.660324,300,9978.021866
-63.158278,300,10024.643705
-71.750566,300,10070.78163
-82.481529,300,10116.733014
-31.748586,80,10128.755584
-116.286269,300,10173.307365
-70.222872,135,10193.725594
-47.15835,134,10213.89054
-122.880999,300,10258.576177
-143.100025,300,10303.639922
-131.536506,300,10348.56343
-61.36558,300,10392.646662
-81.018626,300,10437.024538
-108.130226,300,10482.2287
-124.120898,300,10528.049149
-125.609811,300,10573.45293
-21.701984,43,10579.925792
-136.941014,300,10624.56392
-110.183255,300,10670.976847
-74.617281,300,10717.432441
-32.887069,85,10730.718791
-40.255014,100,10745.676327
-73.858392,300,10791.440169
-22.423202,47,10798.55639
-75.845545,300,10843.71003
-65.549385,300,10889.78217
-76.650589,300,10935.565487
-18.031075,35,10940.910438
-98.374856,300,10986.087744
-36.649297,92,10999.420249
-29.32322,56,11007.791548
-46.629859,156,11031.597361
-91.278123,300,11077.21485
-40.864252,93,11091.057432
-93.862728,300,11135.404901
-71.639151,300,11181.073997
-90.673586,300,11226.556829
-94.805425,300,11274.963241
-86.244056,300,11320.545626
-24.077245,49,11327.902343
-76.821291,300,11372.586721
-80.064564,300,11417.696287
-41.24173,140,11438.613048
-27.675784,81,11451.01146
-86.172621,300,11494.790508
-71.920215,300,11539.2555
-92.197343,300,11584.18873
-82.165451,300,11628.405664
-101.035937,300,11672.692641
-88.470397,300,11718.360079
-49.565874,101,11733.608588
-124.593638,300,11780.018906
-27.299293,65,11789.797159
-23.020962,54,11797.635686
-95.076299,300,11842.329831
-14.227974,25,11846.405371
-19.346432,37,11852.836572
-83.845413,300,11897.819972
-63.126566,300,11942.509243
-37.960075,85,11955.599983
-71.079322,300,12001.073409
-70.185753,300,12046.377926
-15.370404,32,12051.470623
-73.922652,300,12095.583972
-26.097523,51,12103.449247
-18.293987,44,12110.28867
-23.949413,52,12117.919474
-74.855484,300,12163.399213
-67.337704,300,12208.367535
-71.19074,300,12252.967216
-75.710639,300,12298.540912
-77.827007,300,12343.016803
-35.463486,90,12356.444301
-17.148665,31,12361.304725
-75.051954,300,12406.089866
-69.047273,300,12449.692835
-62.076891,300,12494.180609
-68.687434,300,12541.550931
-52.694486,300,12588.367049
-25.567893,58,12597.176934
-59.542168,300,12641.570744
-56.245581,177,12668.36233
-25.229917,67,12678.566055
-30.057709,126,12697.639714
-57.314408,300,12743.242807
-25.654935,71,12753.935083
-71.036321,300,12797.725722
-62.891644,300,12844.18898
-66.454299,300,12889.34639
-34.530746,138,12909.549188
-41.414335,196,12939.500645
-25.062123,77,12950.942669
-10.981589,28,12955.283647
-31.462924,85,12967.929626
-29.227293,86,12981.029955
-22.109454,79,12992.778375
-33.748922,79,13004.769489
-32.706526,75,13015.799282
-26.047455,76,13028.024164
-25.06663,88,13041.077546
-41.306467,181,13067.992445
-67.401285,263,13108.4053
-23.414266,56,13117.388909
-47.886277,214,13149.945576
-39.441016,190,13178.306553
-26.824321,170,13204.732
-39.516901,257,13243.995421
-27.299743,198,13272.629677
-26.955615,166,13297.395546
-18.433974,45,13304.026174
-15.436507,52,13311.80238
-41.796074,251,13349.632016
-63.631125,300,13394.915556
-33.813376,300,13440.094938
-37.674067,104,13456.120893
-34.862198,233,13495.473893
-22.708231,68,13505.647485
-42.46079,300,13550.805727
-18.943721,35,13555.961082
-28.396099,74,13567.060495
-34.52397,180,13594.172383
-22.531059,81,13606.906802
-49.466469,154,13629.882217
-30.578982,93,13643.811136
-23.918066,79,13655.593562
-36.023661,300,13701.378039
-23.285343,73,13712.403889
-24.165969,90,13726.296039
-65.931246,300,13771.007391
-41.552857,261,13810.363997
-26.367991,61,13819.235909
-22.895211,90,13832.77159
-48.262932,212,13863.780498
-41.868082,175,13890.223126
-41.321852,255,13929.139518
-27.033219,111,13945.704949
-26.362746,300,13990.853079
-9.901731,25,13994.569949
-53.57169,259,14032.672563
-31.640042,222,14064.883173
-36.547298,152,14087.583826
-30.099381,139,14107.940474
-53.817596,300,14153.005413
-66.918573,290,14195.437855
-58.104443,285,14237.794693
-44.116592,300,14283.052856
-25.735351,67,14293.410714
-40.879285,300,14337.717514
-31.14311,158,14361.096939
-34.400448,300,14405.369496
-28.749358,300,14450.438939
-15.443237,35,14455.707279
-25.777207,84,14468.33519
-25.421688,92,14482.047376
-30.128834,102,14497.138049
-46.955983,246,14533.077043
-35.861934,114,14550.341187
-27.276185,49,14557.345984
-49.598236,175,14583.63694
-30.263864,108,14599.834795
-25.062389,81,14611.698655
-22.219685,38,14617.720417
-14.406373,27,14621.600074
-77.196639,300,14666.584227
-451.617615,300,14712.127232
-42.942521,120,14730.038369
-52.601315,163,14754.502037
-659.014543,119,14773.476632
-636.044001,14,14775.769272
-635.546829,14,14778.237753
-633.247138,20,14781.529107
-31.522886,162,14806.34512
-27.147545,112,14824.043282
-136.836473,277,14865.921909
-72.763803,295,14910.16112
-8.581795,28,14914.353153
-24.759435,56,14923.212959
-30.177889,119,14941.598931
-60.048596,168,14966.807096
-18.974607,37,14972.614661
-11.75583,30,14977.169879
-56.820399,55,14985.291368
-667.737862,300,15031.205418
-31.562831,79,15043.07461
-12.978177,30,15047.695833
-99.714736,119,15065.578933
-84.328243,300,15110.632184
-813.531352,300,15155.807553
-164.021355,300,15200.077704
-26.934283,63,15209.805919
-66.060796,242,15244.452692
-581.470468,300,15288.732287
-39.432969,90,15302.514494
-113.659723,300,15347.011495
-50.718182,121,15365.869755
-240.943443,300,15410.614432
-37.21018,137,15430.648007
-45.143986,300,15476.160935
-30.589296,65,15486.122746
-19.325249,39,15492.144286
-111.455642,253,15529.790279
-24.899439,100,15545.230895
-181.629232,185,15572.581053
-33.536238,84,15585.012233
-23.851377,100,15599.667826
-27.467764,107,15616.854063
-27.666743,74,15628.098839
-31.574494,231,15663.077465
-9.261726,22,15666.768961
-16.363451,38,15672.727281
-17.417069,41,15678.634134
-21.999562,79,15690.486159
-23.998593,140,15711.645621
-19.049083,300,15756.748453
-121.499758,124,15775.066824
-32.434,116,15792.705408
-33.117899,146,15815.297192
-20.230203,52,15822.846642
-28.492741,130,15842.266415
-37.063574,238,15878.172476
-16.68552,62,15888.021482
-27.165362,140,15908.627013
-21.249946,59,15917.922025
-30.771872,128,15936.438603
-26.442301,124,15954.934662
-28.865168,139,15975.457122
-35.05733,186,16003.189444
-26.769778,103,16018.571469
-7.047793,39,16024.277438
-14.490662,35,16029.369097
-24.700642,74,16040.864412
-37.487471,202,16070.526775
-18.915627,39,16076.249408
-21.745942,94,16090.804485
-33.456693,166,16115.532745
-21.806324,116,16133.190223
-17.728344,45,16140.425047
-24.297799,60,16149.54463
-22.120874,122,16168.079685
-28.307915,137,16189.117769
-19.879972,55,16198.186799
-19.043457,49,16205.777109
-82.496806,300,16251.714615
-30.693816,143,16273.174804
-28.004846,72,16284.046723
-18.506403,46,16291.329651
-27.154562,300,16336.84288
-16.821925,42,16343.34144
-26.086001,215,16375.382036
-24.139399,104,16391.320147
-38.728118,129,16411.253971
-10.910814,23,16414.925745
-28.190928,136,16435.95607
-62.270921,275,16477.261064
-52.621164,161,16502.548655
-28.738273,192,16531.386506
-28.255299,96,16545.895078
-30.064257,92,16559.35986
-45.978642,294,16603.183028
-9.292265,21,16606.267229
-25.343134,106,16622.678578
-25.74122,125,16642.06196
-13.00217,28,16646.26417
-36.11499,138,16667.130008
-12.267968,26,16671.089909
-12.607803,30,16675.723168
-38.578912,194,16704.917521
-302.028741,281,16746.658739
-672.795275,26,16750.756011
-656.473535,30,16755.507813
-36.631032,113,16772.096848
-1052.628826,300,16816.743861
-60.43599,85,16829.740809
-13.667802,40,16836.266593
-177.650916,177,16862.725956
-1091.739079,260,16901.472624
-651.645292,24,16904.990937
-649.738959,28,16908.85284
-17.694755,61,16918.689267
-44.617866,113,16935.91237
-36.367162,111,16952.717883
-27.993131,50,16960.163932
-76.366497,300,17004.302439
-16.439506,39,17010.490262
-43.961423,184,17038.619158
-10.053039,28,17042.885043
-36.089972,80,17055.320278
-14.873162,31,17060.030007
-27.407976,62,17069.546774
-64.086826,300,17114.059435
-70.296555,300,17158.836095
-84.373506,300,17203.555925
-70.822667,300,17248.902748
-39.014444,156,17273.500098
-21.892698,79,17285.426581
-84.541752,300,17330.587497
-83.865367,300,17375.821228
-67.464323,300,17421.257565
-19.201449,49,17428.475779
-33.830024,201,17458.110806
-8.630462,23,17461.890014
-36.434747,148,17484.208219
-91.512297,300,17528.100136
-98.002612,280,17569.922084
-33.528664,109,17586.214158
-19.97935,50,17593.927974
-54.987086,196,17622.966453
-39.517655,135,17642.885215
-45.093016,124,17662.749636
-51.084975,150,17687.203176
-71.928728,211,17718.717983
-44.995873,106,17734.672516
-41.99439,96,17749.870837
-16.417227,39,17755.736938
-38.605425,89,17769.137789
-35.929355,102,17784.672856
-12.275148,31,17789.204361
-45.925431,103,17803.887796
-46.234806,85,17816.737096
-79.609445,300,17861.546765
-45.314413,123,17880.100362
-27.263495,73,17891.389028
-53.077184,218,17923.715405
-290.168283,181,17950.922759
-28.850434,95,17965.002954
-26.456923,69,17975.822655
-53.458275,263,18014.458338
-23.548143,47,18021.956657
-42.318541,119,18039.833528
-105.384912,300,18086.172104
-85.845457,239,18122.801301
-54.433518,167,18148.779706
-27.089705,95,18162.840826
-62.714926,293,18208.548163
-14.377769,34,18213.668857
-18.376237,43,18220.438573
-19.205092,34,18225.804912
-49.849263,165,18250.445706
-12.363174,34,18255.389621
-13.948583,31,18260.116801
-53.828239,300,18305.318791
-120.338217,300,18349.85331
-61.370314,300,18393.78782
-481.01502,300,18438.329139
-194.984283,74,18449.592899
-74.313127,300,18499.213234
-51.39992,300,18544.315748
-60.113716,92,18558.430503
-100.747655,300,18604.071085
-40.529155,71,18614.74001
-104.669963,300,18660.299376
-14.437013,41,18666.397071
-51.143877,138,18686.945643
-142.813406,300,18733.112337
-28.482722,300,18778.575737
-21.663833,67,18788.659856
-29.185462,97,18803.182194
-14.719886,34,18808.249752
-41.529457,200,18840.471724
-12.801459,32,18846.145136
-24.95683,71,18857.442809
-25.186143,64,18866.927894
-35.100472,93,18881.016379
-59.0113,300,18926.720532
-67.715964,178,18953.566721
-74.3457,244,18989.784729
-12.580156,25,18993.784607
-37.571885,177,19019.959307
-28.699066,103,19035.462672
-297.685496,292,19078.973044
-23.305497,61,19087.941746
-1679.387042,300,19132.673069
-580.23277,138,19153.456834
-34.460636,90,19167.238083
-10.660001,22,19170.664564
-21.227671,76,19181.774549
-10.652732,26,19185.768021
-33.98182,140,19207.040876
-41.001213,123,19225.811044
-45.368717,263,19264.877406
-331.366918,145,19286.615259
-27.195264,63,19296.282298
-26.504041,65,19306.195022
-37.204274,119,19323.951581
-27.665821,76,19335.4238
-29.798479,155,19358.826866
-30.950962,107,19375.288194
-37.197452,132,19395.259799
-45.910781,300,19440.318807
-21.660206,50,19448.27481
-29.912976,78,19459.586212
-94.715956,300,19505.130689
-30.812959,94,19519.647146
-30.501403,141,19540.933044
-17.802201,37,19546.905216
-95.316902,300,19591.983099
-97.107422,300,19635.425813
-66.963493,300,19680.085074
-25.391589,58,19689.14985
-1500.451304,262,19728.245984
-686.982511,39,19734.243404
-666.77653,17,19736.940622
-664.972569,32,19741.885784
-826.243391,51,19749.535777
-647.773967,16,19751.989702
-852.322718,51,19759.67171
-260.141151,94,19773.948022
-657.945087,17,19776.622612
-818.866827,35,19781.996461
-651.626776,29,19786.477592
-873.71433,40,19792.494908
-683.487237,28,19796.705494
-720.983908,37,19802.790034
-980.163411,300,19847.351098
-99.643992,300,19892.581698
-1446.480623,177,19918.273936
-755.129054,42,19924.822874
-311.820901,300,19970.313137
-54.233888,300,20016.133898
-80.335505,243,20052.437501
-47.298561,207,20083.402508
-29.358776,114,20100.881486
-17.883223,43,20108.493056
-64.337092,300,20156.319096
-21.760267,48,20163.65151
-10.143962,23,20167.212411
-68.55889,300,20213.913038
-279.338944,300,20258.875483
-383.67331,111,20275.414283
-41.074393,114,20292.743568
-93.352454,300,20338.176594
-17.628185,40,20344.261602
-78.696763,300,20389.993546
-12.804461,48,20396.872216
-22.927673,57,20405.33437
-302.954998,300,20450.227312
-11.022214,34,20455.481122
-18.467924,32,20460.495247
-70.044694,300,20506.155868
-108.798896,300,20550.591693
-76.320311,300,20594.686213
-46.671501,163,20619.27907
-71.890482,300,20663.85366
-26.384912,56,20672.150885
-22.03952,52,20679.631693
-78.202188,210,20711.615292
-201.851647,300,20756.889409
-79.552579,300,20802.246828
-75.85376,300,20848.13716
-29.737594,58,20857.062391
-79.192341,300,20902.393048
-50.605313,300,20947.880751
-41.531327,134,20968.645882
-37.991954,118,20986.223063
-34.982921,179,21013.660729
-11.799205,32,21018.289321
-95.791263,300,21065.095891
-73.875918,300,21111.170904
-99.034053,300,21156.280411
-227.596511,300,21201.600533
-1022.606508,300,21245.008543
-74.633837,300,21289.687771
-9.258343,44,21296.005625
-13.471964,30,21300.335401
-46.353707,118,21318.195061
-17.848803,52,21325.951018
-17.027658,37,21331.623089
-78.158787,300,21376.774092
-386.94781,300,21422.009873
-881.716167,218,21455.192733
-458.031129,104,21471.107252
-91.720717,300,21516.535231
-100.860689,300,21561.949512
-92.009516,300,21607.139877
-19.252274,44,21614.507271
-86.643393,300,21659.445421
-73.804146,300,21704.372229
-36.315542,118,21721.716898
-35.775727,131,21741.073105
-14.194711,39,21746.965816
-28.360458,58,21755.361013
-75.069204,300,21800.633584
-91.006062,266,21840.400551
-107.405691,263,21879.905793
-19.755334,54,21888.31924
-115.714208,300,21933.15835
-96.593736,300,21979.13144
-92.524581,300,22025.113742
-52.658853,156,22048.277767
-30.264627,173,22074.825866
-21.414999,60,22083.890795
-8.014039,26,22087.896434
-71.448566,300,22133.296974
-15.539773,38,22138.910916
-14.824431,31,22143.535121
-102.571875,300,22188.463751
-39.72437,117,22206.2691
-53.05667,300,22251.32126
-38.288285,123,22269.472081
-91.03269,300,22313.286251
-92.099503,300,22358.601653
-114.382592,300,22402.929332
-111.994957,300,22448.075172
-17.277961,46,22454.822024
-84.436224,300,22499.754042
-872.396394,291,22543.348514
-956.279033,300,22587.485456
-17.459185,55,22595.999033
-31.955758,115,22613.18631
-14.740108,66,22623.529708
-66.064278,300,22668.821223
-28.432411,60,22677.606874
-86.89626,300,22723.097092
-46.865721,124,22742.033087
-74.886466,300,22787.659438
-85.047716,300,22833.928918
-65.924748,214,22866.501593
-99.9096,300,22910.94913
-34.937903,77,22922.323847
-30.31818,52,22930.046818
-35.608148,111,22946.662298
-28.359691,71,22957.560497
-15.753174,38,22963.251617
-75.242007,127,22982.859843
-100.327381,300,23028.133699
-87.822814,300,23073.925031
-100.331332,300,23119.46455
-102.374965,300,23164.408656
-24.793881,73,23175.32725
-107.958476,300,23220.600252
-103.099291,300,23267.733018
-29.769768,55,23276.899424
-122.724402,300,23323.325411
-33.652098,63,23332.465272
-97.146184,300,23376.969979
-17.400841,38,23382.641891
-41.416431,150,23405.447356
-87.016115,300,23450.780813
-82.631902,300,23495.281682
-97.001368,242,23530.494417
-43.228922,194,23560.062849
-39.887943,186,23587.621591
-33.024907,91,23601.64191
-11.339734,27,23605.597038
-32.666875,128,23624.875041
-66.698638,300,23669.559572
-653.372627,35,23674.681978
-105.806032,300,23720.105308
-14.60518,34,23725.196404
-69.130342,300,23771.32271
-12.776523,32,23776.141623
-20.470135,79,23788.083879
-48.858092,124,23807.791094
-45.618994,190,23836.360193
-52.687904,171,23863.368968
-39.385646,169,23887.889738
-66.800062,202,23918.793226
-79.081502,300,23964.306818
-88.710113,300,24008.303546
-94.315383,300,24052.525404
-27.28648,47,24059.813098
-18.13261,41,24066.074383
-57.450512,149,24088.239688
-69.631685,300,24131.778207
-80.443103,300,24176.744671
-16.913538,37,24182.434011
-95.355561,300,24226.501888
-42.769769,139,24248.595941
-13.569749,30,24253.116553
-90.996521,300,24297.581428
-65.57269,300,24343.099185
-13.54886,36,24348.495188
-19.319891,37,24354.06204
-71.640834,300,24400.696439
-90.775703,300,24447.517078
-30.973385,112,24464.426969
-94.358715,300,24508.909036
-93.605022,300,24554.128304
-79.307129,300,24600.308118
-30.852622,73,24612.613875
-71.875572,300,24659.096892
-72.490332,300,24703.894976
-104.545005,300,24748.456926
-22.95743,46,24755.70336
-98.178545,300,24801.673763
-100.945624,300,24847.865882
-102.398592,300,24893.253963
-110.733727,300,24937.906967
-15.652956,56,24946.700409
-35.396681,73,24957.684365
-18.998097,39,24963.636828
-101.07366,300,25009.72138
-89.608987,300,25055.362688
-54.631047,133,25075.750037
-51.088291,300,25120.683963
-27.25527,52,25128.686848
-11.76762,29,25133.480625
-33.281492,113,25150.009151
-26.223616,62,25158.933905
-27.270024,66,25168.822954
-31.720863,113,25186.10572
-94.549029,300,25230.6321
-95.1965,300,25279.962084
-22.337104,48,25287.643427
-692.572223,230,25321.738506
-29.762043,54,25330.045927
-27.085776,56,25338.715504
-34.689002,115,25356.033661
-89.788833,300,25401.278047
-21.010613,50,25408.345354
-43.799742,125,25427.37313
-94.10533,300,25471.765222
-20.585122,82,25484.091651
-14.432897,29,25488.516642
-40.570131,123,25506.84711
-21.068307,42,25513.168068
-100.76858,300,25558.217594
-91.586225,300,25603.568789
-119.586992,300,25647.895205
-23.949086,69,25658.253351
-101.726607,300,25703.321211
-122.16258,300,25748.353062
-16.582218,49,25755.686634
-125.994298,41,25762.275021
-39.370386,111,25780.154234
-26.170217,86,25792.38795
-9.723172,25,25796.207784
-101.76458,300,25841.853875
-15.165344,32,25847.022832
-131.780085,300,25892.66894
-114.645366,300,25938.474402
-15.489548,30,25943.012594
-18.798899,50,25950.52846
-22.875247,48,25957.922172
-22.559694,54,25966.122501
-112.96005,300,26011.81973
-107.71139,300,26056.764291
-92.04939,300,26103.803072
-119.227366,300,26151.027556
-7.363835,25,26155.012313
-96.887633,300,26199.955436
-16.245063,63,26209.323783
-16.200793,43,26215.752232
-110.876245,300,26260.197716
-106.827836,300,26305.348723
-110.389746,300,26351.15042
-106.374441,300,26400.131593
-39.956729,125,26419.330934
-39.555338,98,26434.025602
-105.916595,300,26478.792215
-154.248846,300,26524.099953
-50.640548,134,26544.48264
-78.287748,300,26589.929174
-48.075061,105,26605.530594
-76.323083,300,26651.68047
-264.595135,300,26696.842279
-41.417316,99,26711.432091
-32.511991,61,26720.899366
-16.712401,46,26727.997227
-43.928226,80,26740.677475
-25.779955,77,26751.967763
-94.803815,300,26796.145688
-35.539168,137,26817.196568
-39.903133,108,26833.917589
-18.320222,53,26841.626691
-20.941667,47,26848.54942
-8.844691,25,26852.545091
-99.087408,300,26897.55985
-86.071063,299,26942.744713
-21.036707,74,26953.571303
-11.570069,26,26957.554455
-666.822879,94,26971.8658
-116.052949,300,27017.557641
-65.268979,57,27026.263689
-24.708025,62,27035.475037
-26.7732,97,27050.098482
-13.741023,28,27054.178736
-113.367154,300,27099.934042
-99.7829,300,27145.697567
-672.315107,32,27150.499244
-40.797005,115,27168.284474
-34.033381,109,27185.07687
-35.28489,82,27197.309296
-87.383112,44,27204.063144
-74.706676,40,27210.53939
-131.17422,300,27255.461028
-121.612796,300,27300.70198
-17.056314,32,27305.893071
-33.59368,58,27314.907081
-44.175941,96,27329.626436
-97.315504,300,27375.534828
-26.75262,69,27386.05806
-73.023643,202,27416.382918
-97.888608,300,27462.045961
-8.533106,21,27465.43886
-22.451148,43,27471.773178
-53.172614,140,27492.556129
-117.767063,300,27537.734212
-122.341862,300,27583.208565
-114.167685,300,27628.292528
-93.576381,300,27674.137037
-93.068009,300,27719.327476
-93.042172,300,27764.861001
-87.352279,300,27810.757102
-34.368548,66,27820.788975
-10.843001,26,27824.690955
-69.125964,160,27849.26614
-56.786746,144,27871.472165
-33.597935,112,27888.466438
-33.834656,98,27903.076225
-37.117723,109,27919.595069
-31.092746,152,27942.905464
-65.123596,300,27989.904634
-100.193953,300,28035.28909
-117.27221,300,28081.743073
-15.860686,31,28086.387188
-18.670418,42,28092.558835
-88.138997,300,28138.109568
-33.843231,65,28148.236308
-19.701405,42,28154.686624
-97.375267,300,28199.846197
-22.07934,63,28209.596549
-101.945329,300,28253.537874
-55.224704,119,28271.37038
-95.966739,300,28320.571728
-47.067966,137,28340.514483
-82.681564,300,28386.646415
-32.723228,162,28410.746874
-28.494583,48,28418.234472
-84.086572,222,28451.222291
-83.414449,300,28496.121657
-102.953732,300,28542.340605
-45.012368,101,28557.480039
-30.75159,75,28569.091022
-43.1462,117,28587.220604
-37.504697,115,28604.564838
-67.448054,300,28649.530149
-98.295342,300,28694.190281
-73.50774,300,28738.979299
-14.759289,56,28747.482558
-18.267894,35,28752.628268
-71.733352,300,28798.855302
-78.482768,300,28844.043845
-74.685737,300,28889.821004
-61.961004,300,28934.396413
-12.180832,29,28939.203055
-73.639064,300,28983.778101
-22.761298,55,28992.034976
-64.582688,300,29037.085653
-56.271219,132,29056.985745
-404.25491,300,29102.817323
-166.374899,300,29148.471075
-14.705888,28,29152.827435
-19.465054,50,29161.070972
-78.163794,300,29206.369579
-10.828364,29,29210.562581
-53.019768,192,29239.054466
-35.050367,127,29260.542179
-34.468131,126,29282.648378
-46.716668,300,29327.760007
-84.62819,300,29373.35773
-57.886122,300,29417.966585
-206.145787,300,29462.477762
-59.347098,300,29508.30778
-1187.461256,253,29546.221612
-334.464127,300,29591.075682
-66.122968,300,29636.796393
-61.45945,300,29681.268492
-112.633341,64,29690.896285
-71.815328,300,29736.273658
-135.516588,300,29781.681809
-57.563527,205,29813.70346
-81.458014,300,29858.898868
-28.680229,64,29868.832907
-154.574743,300,29918.202261
-104.960218,300,29966.101879
-175.649841,300,30011.775423
-64.36824,300,30056.525218
-46.471571,300,30101.024781
-268.140677,300,30146.246175
-26.538755,69,30156.26832
-209.890772,300,30201.173391
-118.511354,50,30208.932806
-665.347193,30,30213.637661
-39.154692,99,30228.744753
-139.940656,93,30242.778731
-72.798545,40,30248.859592
-18.559959,39,30254.705946
-218.461833,234,30290.374933
-674.824671,32,30295.274921
-149.464248,67,30305.367699
-28.574125,59,30314.758681
-27.510755,80,30326.991949
-390.658803,300,30372.521522
-438.834943,299,30417.606557
-450.963344,225,30451.653829
-664.393885,25,30455.375805
-155.716252,58,30464.384872
-13.139024,30,30468.907741
-302.008214,181,30496.753197
-677.858631,33,30501.767874
-106.601669,107,30518.705656
-84.200182,27,30522.674648
-540.4656,300,30572.895015
-108.581494,34,30578.751058
-9.149748,30,30583.452845
-173.909368,83,30595.575398
-162.042477,49,30602.633324
-173.746353,135,30623.51987
-202.041113,101,30638.806394
-659.566555,23,30642.265524
-798.217806,83,30655.064408
-37.163751,83,30668.109279
-633.568717,26,30672.338251
-855.897757,75,30683.078482
-38.88709,29,30687.312317
-850.34106,74,30698.525023
-638.860548,21,30701.906933
-182.709516,56,30710.371373
-662.976135,24,30713.965663
-1187.849663,300,30760.003422
-662.174795,24,30763.907177
-187.39791,49,30770.928518
-665.183443,30,30775.610815
-79.103804,117,30792.996666
-135.449779,43,30799.681181
-633.262733,26,30803.445271
-167.763349,40,30809.416121
-671.955063,31,30813.911324
-734.743058,68,30824.921396
-24.826925,55,30833.088322
-139.60878,51,30840.918638
-231.747524,144,30863.106897
-77.248065,41,30869.689771
-640.847089,26,30873.717941
-76.470916,90,30887.840332
-51.565602,154,30913.320038
-866.016076,122,30932.088716
-659.5603,23,30935.934919
-633.205194,26,30939.879098
-640.48479,27,30944.187986
-668.428471,17,30946.819942
-1010.998352,112,30963.2828
-641.742387,27,30967.498906
-664.370126,29,30972.0265
-642.727423,28,30976.633107
-166.923567,65,30986.296044
-691.633572,57,30994.720517
-633.736824,26,30998.754695
-147.652481,33,31003.823752
-11.313615,25,31007.442532
-630.617448,20,31010.694255
-11.852448,25,31014.334753
-769.386971,45,31021.196347
-633.468401,26,31025.215723
-651.84233,28,31029.281146
-649.122416,23,31033.020192
-635.107364,27,31037.167681
-741.233046,96,31051.439091
-645.309291,28,31055.60521
-637.969861,21,31058.799693
-662.81006,24,31062.574178
-48.515038,24,31066.088518
-738.543665,129,31085.854867
-658.136447,29,31090.138983
-631.509962,26,31093.866417
-79.837348,70,31104.598959
-631.61182,21,31108.025478
-653.53441,28,31112.308691
-808.151799,86,31125.57763
-163.378234,57,31134.008458
-403.540173,300,31179.475847
-652.937851,29,31184.043614
-660.324927,25,31187.74335
-106.170346,58,31196.518207
-647.925091,22,31199.951824
-825.946895,68,31210.380008
-642.043673,27,31214.637118
-660.695296,24,31218.496953
-644.213681,27,31222.715528
-964.251429,282,31265.258912
-13.699059,25,31269.338459
-84.115531,300,31315.673005
-129.879665,85,31328.725173
-96.002899,300,31373.622003
-678.327486,32,31378.390499
-145.666641,65,31389.003735
-72.767457,300,31434.609464
-22.356868,49,31442.30901
-13.554548,27,31446.154998
-15.174188,29,31450.331124
-70.875489,300,31496.318455
-37.176873,101,31511.514767
-15.849098,35,31516.954425
-31.038709,300,31562.866091
-86.470987,300,31608.173218
-16.796777,34,31613.333102
-9.821954,21,31616.611615
-63.579222,300,31660.817677
-17.929952,38,31666.684779
-46.674842,300,31711.603883
-84.276255,234,31747.034192
-14.827591,38,31752.818588
-67.604225,300,31797.969776
-99.473056,300,31843.23505
-94.719227,300,31888.183185
-25.510225,72,31898.866613
-90.26001,300,31944.136902
-31.292372,78,31956.200848
-35.419774,72,31967.146377
-103.707,300,32013.851616
-14.998446,27,32018.122195
-39.750121,105,32034.284814
-97.628572,300,32079.995839
-85.226933,300,32125.04661
-69.017516,300,32170.633851
-18.6448,37,32175.989051
-66.625671,300,32221.900311
-9.884973,28,32226.098789
-88.614414,300,32272.216653
-15.121208,35,32278.115017
-80.332419,300,32322.476365
-50.750639,124,32340.872927
-25.520881,70,32351.691491
-24.558328,52,32359.555474
-27.542912,57,32368.364561
-82.97105,300,32413.145657
-16.325964,37,32419.030808
-100.883076,300,32463.91805
-121.489083,300,32508.037117
-82.343184,300,32552.658473
-34.057546,68,32563.19664
-113.694062,300,32607.972647
-72.059375,300,32653.763847
-35.183842,110,32670.539534
-78.263749,300,32715.160187
-37.271327,75,32726.636827
-74.900664,300,32772.818048
-56.358899,206,32803.89893
-15.391709,30,32808.31021
-50.07407,179,32835.886659
-81.055112,300,32881.510237
-107.536014,300,32927.248378
-171.445037,300,32976.286797
-110.924427,300,33021.656148
-709.364795,300,33066.883247
-1430.939205,300,33111.516781
-25.777763,54,33119.660526
-35.84243,88,33133.094146
-39.831711,147,33155.108048
-48.879285,300,33199.834843
-1335.507974,300,33244.812921
-841.867328,188,33272.548915
-21.52491,66,33282.481074
-14.157379,34,33287.391581
-27.654058,59,33296.180697
-66.570212,300,33342.209146
-256.74399,300,33387.38547
-249.046557,300,33432.88754
-941.576793,81,33445.223431
-602.002316,145,33467.814332
-26.005419,57,33476.148458
-23.740959,61,33485.29881
-145.649567,300,33531.139375
-80.717322,300,33575.256578
-15.885257,29,33579.878988
-33.325785,83,33592.285065
-1162.018309,300,33636.49099
-82.815872,300,33681.504793
-35.701989,109,33698.00279
-1033.994773,89,33711.754028
-749.127253,34,33716.804085
-46.138973,147,33738.861573
-427.768485,300,33784.728835
-35.40066,96,33798.984226
-18.237643,56,33807.334208
-45.578579,126,33826.191032
-52.03474,183,33852.551933
-90.057461,300,33897.071346
-23.832381,45,33904.032696
-93.949773,274,33944.674636
-31.410334,113,33961.778833
-25.268585,54,33970.025589
-34.708455,150,33993.033472
-42.893207,99,34008.252239
-41.228309,106,34024.220113
-97.999295,300,34070.100361
-50.149525,160,34094.992756
-11.480775,34,34100.2062
-9.377109,27,34104.493954
-19.875956,48,34111.738264
-89.290057,300,34157.612389
-66.947409,300,34203.036998
-21.455306,75,34214.425205
-30.401295,97,34229.739417
-60.236624,300,34274.934244
-341.680642,300,34319.341736
-22.919213,60,34328.101253
-37.813097,151,34351.595881
-30.298782,108,34367.851505
-70.826347,254,34406.271988
-58.004143,209,34438.198655
-22.443181,74,34449.335594
-40.353309,145,34470.504638
-93.834473,300,34515.434725
-28.505553,65,34524.995847
-69.921566,300,34570.421129
-60.91094,216,34602.989636
-69.558734,300,34648.240308
-26.040224,59,34657.117862
-18.680686,41,34663.428144
-65.919268,164,34687.523161
-39.779841,99,34702.04703
-69.686543,273,34744.124755
-26.01458,74,34754.85409
-24.969958,76,34766.838966
-57.518518,126,34785.631719
-12.417574,25,34789.577445
-26.87542,80,34801.488547
-31.88561,99,34816.999258
-83.733273,300,34862.326696
-78.049294,210,34894.788286
-35.160549,125,34913.90119
-38.484651,174,34940.239441
-33.499617,107,34956.210932
-51.285339,129,34976.203747
-11.654413,29,34980.861556
-42.427469,125,34999.496875
-16.410167,69,35010.590218
-78.197376,300,35055.479863
-47.917331,170,35081.532943
-43.211677,123,35100.033753
-68.148883,213,35133.367745
-50.615033,117,35150.710648
-58.946821,235,35186.808963
-58.186747,175,35212.342603
-17.780302,48,35219.759667
-60.911344,300,35264.954911
-20.151468,77,35276.949744
-59.692886,300,35322.719471
-36.568015,141,35344.068009
-13.706229,27,35348.500768
-58.264256,300,35393.441214
-10.976254,25,35397.558051
-37.721584,131,35418.002645
-77.647176,300,35462.882085
-40.952749,114,35479.713481
-14.445683,44,35486.460494
-38.34643,82,35498.662271
-35.811501,95,35513.241267
-22.698081,78,35524.581724
-56.84453,291,35568.113254
-31.089796,113,35585.147197
-17.888228,54,35593.255516
-7.697336,24,35596.747441
-18.915876,46,35603.575829
-37.426796,79,35616.068836
-24.510808,88,35629.290006
-23.128842,103,35645.135195
-50.935974,134,35666.092301
-26.901726,63,35675.882476
-57.751798,169,35700.468037
-36.765509,96,35715.701852
-61.133963,300,35761.110065
-42.074378,161,35785.68444
-80.169571,300,35831.903537
-26.999359,58,35840.991164
-44.29114,158,35865.077105
-15.220187,31,35870.015596
-11.350843,25,35873.87146
-38.119509,121,35891.59546
-22.529392,59,35900.50932
-22.008934,68,35910.943007
-8.965379,32,35915.588503
-28.629319,97,35930.288009
-17.309769,74,35941.114653
-23.456345,74,35953.281142
-31.566497,84,35967.363075
-13.268706,69,35979.103056
-98.408207,300,36025.264858
-55.00389,189,36053.616122
-10.63892,25,36057.600285
-39.857316,157,36080.931026
-58.587589,246,36117.150249
-38.552581,114,36135.124861
-77.440378,300,36180.920722
-24.514169,73,36191.899817
-33.272293,102,36206.814292
-10.656033,23,36210.286049
-19.817583,43,36217.243881
-13.931955,59,36226.917875
-79.434236,217,36259.867301
-79.185974,300,36305.00706
-33.076833,97,36319.838542
-62.090827,209,36352.216531
-26.748301,108,36368.40586
-39.012287,118,36386.300831
-77.693206,300,36431.755761
-40.778485,100,36447.167453
-18.359341,39,36453.402927
-28.68755,110,36469.900499
-68.381873,300,36515.431089
-9.031871,26,36519.367179
-56.439659,207,36550.222201
-7.341889,24,36553.882182
-41.763081,105,36569.548371
-8.587392,26,36573.600601
-62.96696,185,36601.619262
-17.401371,47,36608.760123
-54.154934,241,36644.947202
-22.472495,62,36654.03987
-32.72541,89,36667.205901
-111.976174,300,36712.469429
-115.002077,72,36723.364902
-135.014773,300,36769.119611
-24.720357,75,36780.525473
-53.513218,132,36799.978456
-70.387804,300,36844.989542
-9.01481,35,36850.132539
-26.226203,80,36862.318384
-19.930894,59,36871.331419
-49.166585,184,36898.760654
-35.767951,79,36910.462761
-44.444646,144,36933.178452
-46.903989,137,36953.714658
-37.022776,79,36966.162724
-102.235295,300,37012.037338
-55.23304,149,37034.619736
-53.059153,142,37055.603313
-34.344271,85,37070.19286
-32.097239,86,37085.09526
-105.331254,300,37132.208309
-27.184833,112,37148.968482
-13.047144,32,37153.823417
-20.631038,49,37161.326551
-88.877993,300,37206.147123
-31.363692,55,37214.295917
-18.006561,41,37220.240689
-17.237509,45,37227.399194
-47.902066,143,37249.189389
-73.057974,300,37293.378951
-30.321299,76,37304.89866
-21.856872,67,37314.846132
-19.54078,42,37321.328708
-12.569456,24,37324.945357
-19.620424,53,37333.078823
-37.241868,108,37349.470661
-10.360504,25,37353.34921
-8.926399,24,37357.006634
-39.029346,163,37380.902561
-26.899045,94,37395.269649
-7.092161,24,37398.847595
-118.778475,300,37444.029872
-9.082149,34,37449.234627
-77.561721,226,37483.23693
-105.01315,300,37528.996497
-49.200837,198,37558.518764
-45.069991,130,37580.353677
-87.744285,300,37626.455899
-19.158184,73,37637.464841
-32.494932,80,37649.390369
-73.240468,287,37693.24741
-17.744208,42,37699.145851
-67.227191,300,37745.438847
-13.741959,47,37752.263905
-29.925668,65,37762.129682
-13.476664,35,37767.362062
-10.559123,36,37773.155866
-6.663504,23,37777.266715
-53.907811,300,37821.565367
-41.383367,196,37851.39509
-13.107713,30,37855.950619
-20.256426,63,37865.655498
-30.015362,112,37882.289439
-59.392375,300,37928.315494
-20.4576,40,37934.343403
-14.6378,37,37939.806374
-44.112931,157,37963.5062
-24.601563,60,37972.677345
-38.801959,300,38017.392885
-37.150141,138,38039.237178
-53.753528,300,38086.243853
-54.230725,249,38123.620206
-20.702712,51,38131.218671
-32.340207,178,38158.117098
-10.686742,27,38162.110078
-15.596498,77,38173.778527
-55.437249,262,38214.168634
-48.031841,300,38264.340497
-9.351543,24,38268.011205
-61.429283,265,38308.691595
-23.275419,62,38318.412113
-519.715346,300,38363.588658
-59.981249,218,38396.81469
-8.467226,27,38401.055662
-17.583299,47,38408.333389
-16.5669,41,38415.494777
-16.34295,40,38422.158833
-12.139024,26,38426.578373
-16.360713,38,38432.998951
-19.628157,72,38444.333475
-8.40457,30,38448.989277
-58.731205,245,38486.312482
-101.429109,300,38532.363355
-16.274451,35,38537.679278
-11.036869,30,38542.085469
-10.290105,25,38546.359078
-34.352356,95,38560.649279
-95.184651,300,38606.515309
-26.384026,71,38617.084802
-21.104013,47,38623.902138
-16.236239,44,38630.684676
-31.053639,84,38643.766689
-44.044075,170,38670.013134
-69.162442,300,38715.636472
-76.064324,300,38760.779614
-18.839722,78,38772.688749
-41.436123,99,38787.458814
-46.246407,118,38805.355925
-73.219931,300,38850.116796
-81.593701,269,38888.838204
-62.854576,300,38936.735892
-26.579404,66,38946.785685
-16.482265,39,38952.705264
-73.13854,300,38997.124257
-157.150091,300,39042.307985
-165.779258,300,39086.458292
-16.563483,35,39092.165381
-83.89347,300,39137.374159
-91.415585,300,39181.253111
-58.602864,300,39227.241468
-24.513909,51,39236.250429
-37.534425,121,39257.857878
-27.859182,92,39274.456116
-70.504516,300,39320.681441
-24.676948,59,39329.633078
-20.764976,74,39340.775857
-70.899717,300,39386.798186
-15.814146,34,39391.876565
-69.276866,300,39437.9716
-27.374077,63,39447.643986
-72.443607,300,39494.210416
-77.217106,300,39547.114396
-31.722168,76,39558.74602
-15.010749,34,39564.014493
-55.505262,300,39608.649879
-44.997412,300,39653.766027
-70.71184,300,39698.135785
-62.207126,300,39741.883329
-18.449309,95,39755.491544
-45.169235,125,39774.625977
-68.286674,300,39819.966314
-51.833728,300,39864.78653
-42.023626,115,39881.384238
-26.513415,53,39889.253561
-39.376723,146,39911.884622
-9.479368,25,39916.245574
-16.032079,75,39927.806393
-79.688249,300,39973.601145
-16.785489,44,39980.247736
-37.268337,117,39997.763008
-48.734265,300,40041.743769
-87.014299,300,40086.632444
-86.45079,300,40132.276922
-74.528564,300,40177.565137
-51.972623,193,40207.439671
-60.429773,176,40233.823384
-32.884327,84,40246.465631
-51.468694,141,40268.148862
-36.103727,73,40279.208249
-13.407849,34,40284.300445
-78.15939,300,40329.912299
-19.575425,65,40339.619947
-37.906638,97,40354.846549
-33.936741,99,40370.124774
-40.638829,138,40391.205262
-20.528813,61,40400.695089
-48.387231,168,40425.900923
-70.193085,300,40471.804412
-10.81829,27,40476.009301
-41.234241,98,40490.310772
-55.242752,300,40535.135912
-68.041777,300,40584.665287
-38.792737,118,40601.901127
-9.095125,26,40605.793808
-32.934354,123,40623.973693
-52.568076,137,40644.554265
-31.730715,69,40655.471415
-34.271431,77,40667.213839
-10.198974,25,40670.967655
-27.243811,105,40687.177587
-16.29857,54,40695.430575
-70.959894,300,40741.001869
-55.026533,217,40773.367604
-33.628945,126,40792.765554
-12.296964,93,40806.966743
-45.368298,155,40830.111917
-41.439881,227,40864.955755
-19.085342,44,40871.551567
-56.002116,143,40893.727902
-12.496031,29,40898.183337
-83.812471,251,40936.263077
-8.760167,28,40940.757852
-47.989846,209,40973.454405
-17.288624,53,40981.837011
-79.600423,299,41027.512777
-69.553662,262,41066.668781
-25.438241,75,41078.200572
-28.728898,54,41086.494677
-61.790842,300,41130.625674
-48.545403,105,41146.496165
-61.501319,153,41169.33777
-60.041455,293,41213.516823
-42.745089,156,41236.375771
-37.56707,132,41256.538416
-14.00897,38,41262.671855
-37.193042,83,41275.611763
-75.288526,300,41321.192715
-20.869225,68,41331.614093
-18.401653,39,41337.171542
-57.483786,153,41359.448679
-65.261222,250,41396.958893
-39.718775,154,41419.808577
-30.784196,130,41439.707647
-29.89474,75,41451.279028
-43.089286,166,41476.743765
-20.162531,45,41483.478854
-28.939111,74,41494.6104
-15.521404,28,41498.732394
-73.317606,234,41533.665179
-56.139883,300,41579.154781
-32.10338,100,41594.044884
-34.769582,100,41609.266922
-31.366918,81,41621.59036
-29.726498,84,41634.666758
-18.815133,78,41646.605815
-47.697778,205,41678.16042
-72.243996,300,41723.763618
-59.6426,300,41769.144238
-48.687489,223,41803.522787
-41.781471,133,41823.885418
-43.360154,300,41868.332924
-56.944032,176,41895.086244
-48.159754,184,41922.875635
-16.476428,32,41927.93928
-30.270057,63,41937.50453
-44.314473,181,41964.837331
-17.518781,34,41969.845236
-38.28097,129,41989.394939
-51.901559,300,42033.34599
-1263.301228,300,42077.103881
-56.82386,153,42100.441022
-96.23678,300,42146.292407
-16.245394,38,42152.134549
-88.456801,269,42193.262287
-40.62826,106,42208.683716
-85.308567,300,42254.070224
-24.64556,73,42265.551182
-55.216746,161,42290.525432
-41.896015,120,42309.469098
-17.1335,38,42316.899668
-36.215499,104,42333.839762
-29.722394,64,42343.573902
-36.886117,97,42358.13873
-12.521152,36,42363.77571
-37.077719,88,42377.219087
-21.007521,51,42384.990953
-30.071956,79,42397.337335
-46.953337,130,42417.038585
-48.07817,300,42462.828097
-40.496429,135,42483.506667
-64.457489,300,42529.124811
-57.782127,177,42555.559644
-16.165602,57,42564.159172
-26.937185,59,42573.583289
-74.794175,209,42605.066481
-24.090365,68,42615.157356
-37.550895,66,42625.18192
-65.039012,183,42652.867285
-43.415611,96,42667.377042
-18.100908,39,42673.244074
-60.416486,209,42704.445371
-113.568097,237,42740.358574
-22.830722,60,42749.447543
-43.793681,192,42779.241785
-44.809315,111,42796.382686
-47.978853,146,42818.499152
-43.543114,153,42841.803113
-29.341203,184,42869.923327
-38.907573,195,42899.939775
-88.891546,287,42947.376718
-51.570511,300,42992.46457
-29.657051,56,43000.932363
-22.025962,49,43008.538734
-142.696885,116,43025.869658
-21.921687,45,43032.721775
-9.9927,37,43038.441013
-44.800049,133,43059.076303
-12.343506,88,43072.031367
-73.228879,300,43116.651296
-23.998113,74,43128.097509
-45.248121,229,43162.638861
-41.459169,90,43175.961964
-31.65243,101,43191.59746
-16.320104,42,43198.258857
-94.037923,241,43233.336904
-37.100245,111,43250.327926
-66.11691,161,43275.465748
-60.382219,300,43320.361109
-23.717523,67,43330.105254
-39.962432,175,43356.845603
-22.897381,117,43374.147439
-19.943905,55,43382.192686
-23.260088,125,43401.302628
-53.656568,143,43422.903184
-52.086574,194,43453.172793
-178.637555,63,43462.838545
-37.482384,75,43474.119979
-144.336584,70,43484.379029
-373.694393,300,43529.844282
-200.030963,300,43575.447672
-14.577583,46,43582.678313
-16.73581,44,43589.482228
-35.170892,111,43606.89055
-20.545535,43,43613.646022
-22.055318,45,43620.640141
-55.726251,236,43657.363378
-37.467756,78,43668.899671
-43.663909,126,43687.968288
-30.969019,129,43707.542418
-22.409558,63,43717.169522
-35.716543,177,43743.818475
-62.001681,213,43776.227145
-21.455614,101,43792.132612
-28.606671,95,43806.923381
-34.891455,115,43824.176292
-19.852205,40,43830.321479
-56.409252,240,43866.044142
-655.228201,42,43872.173776
-668.444174,18,43874.916255
-637.561316,33,43879.903291
-624.829329,24,43883.849175
-638.317507,14,43885.902901
-633.712008,20,43888.8792
-620.355105,24,43892.699569
-624.413009,23,43896.774326
-624.036592,24,43900.409084
-623.65225,24,43904.594627
-640.895189,15,43906.962695
-619.491699,23,43910.484265
-638.848752,14,43912.679986
-625.299263,24,43916.205312
-640.218918,15,43918.705521
-646.218779,15,43920.999982
-636.95096,14,43923.078435
-626.577416,24,43926.739674
-634.1147,21,43930.243438
-622.856796,20,43933.441888
-620.558057,19,43936.56736
-623.79754,24,43940.445804
-623.257956,24,43944.225844
-19.216493,47,43951.643784
-75.024044,300,43997.185923
-7.734059,23,44000.508034
-51.020461,128,44019.843029
-58.415505,209,44051.207563
-30.69061,81,44063.37535
-29.737367,69,44073.811591
-123.470935,196,44104.834649
-27.891218,98,44119.271473
-18.590355,35,44124.690651
-17.394567,43,44131.438558
-57.880292,187,44159.221517
-18.820266,48,44166.525402
-48.555692,209,44198.108191
-72.180668,300,44243.726772
-70.95484,213,44275.84234
-11.193414,36,44281.283156
-29.796202,142,44303.49178
-50.491553,208,44335.427936
-28.575654,300,44381.914114
-63.024973,219,44414.920421
-49.488542,101,44430.320948
-28.455428,64,44440.049335
-10.349596,25,44443.94052
-62.335896,300,44488.6123
-23.742318,58,44497.294784
-104.294074,300,44542.575206
-48.803027,122,44560.473228
-11.083721,36,44566.075834
-30.724062,146,44588.10623
-41.988522,240,44624.296067
-29.087871,68,44634.372971
-34.995012,107,44650.622972
-19.464512,42,44656.780993
-28.038615,115,44673.725703
-38.655499,127,44693.031649
-30.346511,96,44708.00242
-37.768688,162,44732.321762
-35.558749,97,44747.313184
-42.506411,203,44777.319573
-28.69067,98,44792.726123
-49.14597,213,44825.141531
-12.311203,27,44829.547183
-34.087651,170,44854.81232
-44.658644,133,44874.72566
-16.885199,44,44881.437249
-14.014654,32,44886.514575
-39.099186,248,44923.263583
-55.970558,193,44952.923769
-19.043704,60,44961.736515
-11.450107,26,44965.699035
-13.85727,36,44971.040678
-22.089091,99,44986.601351
-32.064988,123,45007.060246
-26.273825,70,45018.513354
-18.368971,44,45025.167837
-31.75611,104,45041.159189
-29.80721,190,45069.708402
-29.902807,111,45086.01015
-41.53304,173,45112.720706
-18.44615,37,45118.070541
-33.257213,203,45148.766607
-9.268474,25,45152.678546
-25.841144,113,45169.637231
-32.676404,180,45197.103266
-28.663499,98,45211.54634
-10.89719,29,45216.035615
-30.953491,177,45241.981766
-23.362208,105,45257.782168
-24.028903,58,45266.556079
-30.122811,73,45277.550176
-15.960513,79,45289.815007
-10.211556,24,45293.701277
-25.352473,59,45303.082253
-10.603164,26,45307.377123
-12.985444,30,45312.010183
-29.761348,109,45328.477218
-31.225739,171,45355.111001
-49.02882,217,45387.941169
-18.503767,93,45402.288642
-10.216691,47,45409.461284
-30.530422,228,45444.63463
-31.154498,80,45457.125578
-12.811304,28,45461.95923
-25.897424,125,45481.771262
-23.428565,143,45505.1113
-33.613693,76,45518.109027
-29.725222,224,45553.825881
-25.437801,101,45569.652099
-34.441424,135,45590.511802
-1089.774971,128,45609.764162
-18.79007,54,45617.928029
-14.932371,41,45624.715731
-1534.547666,300,45670.78863
-28.755073,113,45688.353746
-21.524946,128,45707.761832
-9.313994,22,45711.075137
-30.57952,61,45721.25175
-23.544172,53,45729.520203
-10.200527,35,45735.124734
-41.317527,279,45778.67154
-37.747668,220,45811.346698
-22.2287,52,45819.038572
-34.492714,169,45845.438422
-35.718696,180,45872.329349
-8.411653,25,45876.108326
-14.35323,37,45881.365572
-28.462299,100,45896.759622
-32.471112,133,45916.795045
-27.686522,100,45932.118292
-29.413012,118,45950.641159
-9.882984,26,45954.767203
-31.967236,100,45969.942206
-29.83586,300,46015.395027
-25.359722,99,46032.585748
-31.610128,108,46051.392876
-32.954633,88,46064.311555
-27.941291,300,46110.740003
-30.599619,90,46124.550916
-96.818235,300,46169.995643
-12.783216,33,46175.3888
-30.01366,101,46191.452954
-25.918611,157,46215.419688
-18.081991,40,46221.88256
-39.774845,200,46256.084138
-30.391643,105,46272.710308
-32.553183,255,46312.967522
-31.457945,300,46360.65254
-12.342159,30,46365.354803
-15.172053,45,46372.962607
-25.772113,193,46403.509056
-20.104997,46,46410.458647
-16.695417,42,46416.730602
-32.970748,195,46446.459756
-25.924643,148,46469.007874
-38.979322,150,46492.430948
-24.127359,111,46509.119264
-16.699463,37,46514.75529
-38.12453,108,46531.164998
-42.591087,208,46562.093053
-54.503269,225,46596.184431
-60.897059,166,46621.324015
-27.592262,75,46632.859455
-33.835228,103,46649.759454
-18.221327,41,46656.357615
-53.566197,208,46689.303642
-37.973997,215,46722.342511
-46.922674,205,46753.657867
-67.104285,300,46799.605555
-48.943154,199,46829.001456
-12.168705,32,46833.660996
-65.335861,215,46865.642245
-11.658394,26,46870.191535
-46.408488,233,46905.253569
-26.600924,72,46916.443926
-22.598439,124,46934.871328
-46.729816,92,46948.587348
-79.946939,300,46993.165159
-38.042536,125,47012.528976
-32.038708,93,47026.692379
-10.916533,27,47030.89604
-39.862172,162,47055.872784
-29.743364,68,47067.69722
-113.592441,298,47115.421911
-53.943378,136,47136.888521
-11.529723,31,47141.78321
-24.853958,54,47150.038141
-42.47816,300,47195.273098
-31.55331,58,47204.161773
-23.810391,49,47212.010073
-21.815893,54,47220.31226
-63.241207,192,47249.094126
-47.020488,129,47268.887215
-11.573782,23,47272.607619
-11.974573,41,47278.7262
-37.580711,124,47297.778604
-18.801234,38,47303.511744
-62.370845,128,47323.374813
-37.689638,129,47342.696668
-47.581301,143,47364.499094
-29.953222,68,47374.974015
-39.23148,180,47402.454219
-11.252822,26,47406.326365
-46.072021,300,47452.523373
-34.188505,105,47468.821692
-58.579665,268,47510.317259
-26.411652,91,47524.148263
-40.532148,125,47543.301342
-58.122817,270,47584.057091
-29.557232,79,47596.003385
-38.013257,191,47624.531798
-50.051542,300,47670.007805
-45.600929,179,47696.802887
-42.926853,189,47726.148659
-442.334185,300,47770.462894
-700.449357,262,47810.383352
-211.414606,237,47845.930136
-25.140396,47,47853.03625
-26.411681,68,47863.637863
-15.368778,39,47870.19495
-62.718762,76,47882.135672
-7.480631,22,47885.494578
-115.031439,300,47930.953751
-32.34899,142,47952.41209
-140.199772,300,47998.380345
-25.217679,70,48009.063715
-34.246692,73,48020.453395
-67.817307,291,48064.12123
-50.701874,140,48085.632928
-15.9676,38,48091.362565
-38.59868,110,48108.302418
-20.650701,66,48118.566898
-25.742836,85,48132.197256
-43.489446,104,48147.885973
-61.097982,270,48189.442084
-38.130455,125,48207.898216
-30.930629,152,48230.727175
-32.76809,111,48247.496714
-33.830941,150,48270.052918
-42.544707,216,48302.190434
-27.108868,80,48315.43938
-38.916678,110,48332.166254
-65.892241,179,48358.740672
-26.88971,107,48374.705875
-17.177614,41,48381.01982
-71.010448,300,48425.661353
-38.057432,100,48440.77631
-16.075541,44,48447.659408
-45.211519,186,48475.533878
-27.257609,68,48485.90735
-18.47841,36,48491.515053
-23.639687,59,48500.385855
-57.510566,232,48535.542862
-25.851046,60,48544.639127
-13.199068,32,48549.559545
-48.476229,175,48575.615748
-84.407802,300,48621.087911
-37.762394,100,48636.242949
-51.972909,141,48657.295625
-26.427214,76,48669.149191
-25.733743,68,48679.736549
-30.798526,92,48693.542066
-19.877118,39,48699.239908
-40.001604,141,48722.661689
-29.400499,95,48739.130782
-39.96174,191,48768.828214
-36.275132,118,48787.576303
-34.675554,69,48797.897769
-38.353509,137,48818.76458
-20.643669,61,48828.658923
-15.730204,29,48833.251877
-42.49098,118,48851.489951
-41.11348,300,48896.81306
-40.353819,133,48917.573132
-24.78896,64,48927.931504
-28.281415,112,48945.588253
-11.052684,23,48949.077577
-41.296132,209,48980.286618
-18.687865,57,48988.820884
-14.339158,30,48993.343413
-15.094356,38,48999.483742
-48.846355,183,49026.203521
-21.088549,52,49033.876698
-23.109194,55,49042.265815
-38.008403,210,49073.829225
-89.670756,300,49117.774092
-43.964135,175,49144.461646
-43.755308,200,49173.534471
-14.209452,32,49178.40102
-84.722783,300,49223.34244
-47.043406,211,49255.85423
-60.553542,278,49298.502166
-34.440031,122,49318.609271
-48.267386,204,49351.564231
-60.371146,300,49396.030117
-28.155676,121,49414.537898
-16.591236,37,49420.076493
-17.906776,55,49428.58551
-23.28523,67,49438.712236
-52.63099,300,49484.102401
-27.065774,71,49495.343506
-29.091873,92,49509.386913
-31.325469,78,49521.09972
-52.992771,239,49557.735335
-61.611795,300,49603.388371
-37.109443,124,49622.50696
-11.885901,29,49627.088375
-22.441454,57,49635.993174
-76.790835,300,49679.339696
-45.425174,149,49701.725528
-51.537465,245,49738.394629
-26.070043,56,49747.036379
-32.966579,72,49758.127464
-45.065652,300,49803.230601
-46.885389,138,49823.814902
-30.684217,142,49845.623115
-35.81203,177,49873.148762
-20.687297,55,49881.799474
-26.753049,89,49894.749816
-55.364234,234,49929.859186
-60.532303,300,49975.731048
-52.131323,164,50000.331794
-32.936938,130,50019.875136
-40.007314,105,50035.83393
-15.207833,50,50043.56249
-10.111861,26,50047.53662
-44.18095,121,50066.524153
-82.641201,300,50112.375945
-40.455057,122,50130.71701
-13.66929,34,50136.020457
-45.809119,211,50168.083416
-15.856271,40,50174.136803
-10.547426,27,50178.32128
-60.39813,113,50195.403055
-26.179127,75,50206.944885
-15.021274,33,50212.02539
-15.975711,38,50218.351368
-38.359135,86,50231.749572
-9.914081,26,50235.637022
-56.563897,184,50264.829039
-35.039787,98,50280.082429
-49.53031,268,50321.457213
-21.694061,56,50330.196223
-47.998036,195,50360.021542
-36.730952,149,50382.774027
-61.649568,192,50411.820967
-22.831645,50,50419.524606
-12.923303,27,50423.689499
-64.453623,300,50467.766711
-27.805099,61,50477.692883
-30.760318,107,50494.432114
-31.563962,154,50519.094344
-24.797583,48,50526.230839
-34.548551,170,50552.086062
-79.509684,297,50596.305409
-31.8386,88,50609.326337
-44.426859,114,50627.018483
-57.405326,251,50664.785459
-23.793157,48,50672.014274
-61.498823,300,50716.253323
-26.270669,97,50731.205582
-41.179723,170,50756.465428
-27.965966,67,50766.65234
-24.068425,111,50783.423642
-64.677129,217,50816.773731
-60.00099,216,50848.807127
-32.428547,80,50861.020789
-37.576598,135,50881.764455
-16.815505,39,50887.742129
-9.569463,22,50891.148089
-43.499922,180,50919.018129
-11.205654,29,50923.667206
-22.211008,49,50931.627486
-44.239616,182,50958.898788
-95.45215,300,51003.741731
-34.446556,106,51019.250544
-34.216833,132,51039.127919
-31.777014,108,51055.319012
-9.753768,23,51058.945518
-30.269885,93,51073.188809
-52.261892,144,51095.009507
-48.844148,253,51133.710815
-23.483326,50,51141.253761
-45.718738,300,51188.085218
-19.511377,40,51193.845459
-53.649224,177,51220.439071
-21.231831,53,51228.650746
-26.157188,71,51239.243896
-36.315995,139,51260.214002
-31.730639,75,51271.827709
-29.428336,73,51283.011221
-35.373065,100,51298.18622
-27.862227,73,51309.595922
-32.365604,135,51330.378711
-23.034769,50,51338.322002
-45.881409,177,51366.218023
-51.455434,283,51411.797482
-879.458119,135,51433.206412
-31.900153,85,51446.333065
-21.008439,69,51456.690427
-61.273163,237,51492.340525
-35.578116,143,51513.704829
-18.157742,32,51518.793003
-15.278727,37,51524.595956
-14.21488,41,51530.744493
-54.945739,172,51556.437447
-41.93353,123,51575.184111
-24.187039,85,51588.097138
-50.704811,164,51613.13876
-28.009492,66,51623.686536
-35.04395,88,51636.91458
-53.148264,178,51664.338009
-14.266785,46,51671.587436
-29.86225,90,51685.431561
-46.258391,159,51709.075483
-21.29439,48,51716.716763
-35.800005,143,51738.952018
-83.220072,206,51770.479893
-7.310446,25,51774.493146
-309.184278,185,51802.767588
-20.737923,46,51809.762267
-168.765453,84,51822.740114
-41.640263,132,51842.368469
-68.044633,241,51879.332896
-751.836835,60,51888.588605
-30.549485,77,51900.372673
-72.370208,215,51933.124485
-57.165738,153,51955.977548
-11.616743,33,51961.094817
-37.170582,170,51986.655843
-25.733477,63,51995.936582
-42.449286,114,52012.768504
-25.142166,91,52027.219095
-15.598589,31,52031.693209
-10.680559,30,52036.245989
-35.794766,134,52056.390565
-19.756112,71,52067.152131
-45.520612,300,52113.226511
-68.665029,148,52135.519258
-16.487031,71,52146.204005
-35.831111,172,52171.770979
-19.063781,94,52186.160994
-29.699891,78,52197.977785
-20.039702,48,52204.85224
-22.336415,50,52212.59833
-35.232134,114,52229.971675
-11.984762,32,52234.813476
-17.077373,44,52241.568741
-20.212726,68,52251.900486
-15.543112,38,52257.242821
-237.142999,92,52271.110716
-97.145334,300,52316.036874
-24.137022,58,52324.606795
-401.434289,272,52366.058454
-209.539335,221,52399.081672
-94.816896,219,52432.56923
-43.095831,300,52477.023593
-54.785203,218,52509.248669
-72.367735,271,52550.487431
-33.898242,113,52567.804594
-92.065349,269,52608.849887
-79.547368,300,52653.797817
-38.11858,118,52672.302404
-61.979083,300,52719.481768
-100.133111,300,52769.217493
-32.262871,150,52792.4218
-20.678114,60,52801.701325
-18.548267,44,52808.220157
-42.327639,184,52835.820423
-62.558354,300,52880.908181
-106.000183,233,52916.256577
-29.411174,149,52939.847173
-16.414337,33,52944.81434
-65.918354,300,52988.398558
-21.542186,48,52995.850161
-941.496942,93,53010.005473
-738.677166,27,53014.183893
-709.777553,54,53021.941646
-665.126812,33,53026.631913
-740.520003,39,53032.694403
-707.508492,59,53041.750707
-673.10149,21,53044.906484
-715.402523,69,53055.174092
-57.32455,187,53083.260439
-12.319662,37,53089.728663
-33.987155,107,53108.486208
-11.290925,33,53113.340119
-42.081729,199,53143.547248
-9.109583,27,53148.009511
-14.858151,30,53152.781583
-20.522631,70,53163.700092
-16.266588,34,53168.737883
-1691.530068,300,53215.113716
-1361.074881,300,53261.101892
-14.605699,39,53267.146302
-52.790409,60,53276.200596
-37.926406,136,53297.156626
-92.247426,300,53342.904305
-14.419078,34,53348.514366
-86.733195,288,53393.294019
-78.458801,225,53427.177098
-16.179895,42,53433.535323
-724.276179,58,53442.099412
-18.889091,36,53447.665293
-44.660859,169,53472.499562
-788.118624,70,53483.43706
-882.447792,104,53499.092947
-1226.691483,107,53515.628427
-679.614221,39,53521.692534
-646.714315,15,53524.253622
-634.258425,29,53528.637066
-633.139973,25,53532.352176
-639.420514,22,53535.642331
-649.985969,28,53540.084353
-648.56578,19,53543.264768
-648.659851,17,53546.018486
-9.553111,39,53552.00237
-651.233052,53,53560.145984
-644.740312,21,53563.418972
-9.263787,28,53567.638875
-643.677729,33,53572.635853
-663.871704,98,53587.158242
-650.917802,84,53600.05946
-192.048061,200,53630.627472
-49.814453,247,53667.901998
-78.508739,197,53697.711697
-29.971077,132,53718.041848
-34.306248,94,53732.301705
-26.988085,71,53742.894141
-61.171424,165,53768.611664
-228.421518,83,53781.508346
-413.705617,300,53826.660937
-1620.919031,300,53871.596003
-397.941919,300,53916.280358
-326.374708,300,53961.577577
-111.523199,300,54006.346516
-865.863669,300,54051.629805
-21.355103,68,54063.121653
-10.471206,27,54067.850047
-44.481101,129,54091.085555
-48.835016,143,54112.705949
-52.671253,165,54139.071999
-51.545389,220,54172.672937
-32.693362,87,54186.04144
-21.370677,80,54198.360948
-73.895177,300,54242.762832
-22.075938,61,54251.96915
-24.10919,55,54260.532533
-50.164404,210,54292.250726
-52.815853,211,54324.081977
-34.435902,145,54345.962123
-16.072981,40,54352.088716
-40.611975,118,54369.549549
-36.141476,122,54387.884497
-15.496571,54,54396.011063
-16.974718,52,54403.595598
-49.770046,166,54428.433039
-17.34404,58,54437.354274
-42.919602,199,54467.443082
-30.472939,78,54479.565872
-19.386688,62,54488.828111
-47.423616,145,54511.612363
-24.929968,70,54522.356734
-22.665218,76,54534.307572
-41.535744,172,54560.573241
-20.298762,89,54575.452338
-16.251619,43,54582.924543
-38.518129,129,54603.730002
-9.4944,23,54607.038326
-17.122651,72,54617.83533
-52.77916,177,54644.641371
-44.453877,132,54664.542742
-34.057504,84,54677.14085
-12.68374,45,54684.092613
-86.8248,188,54712.978429
-24.795309,84,54725.686943
-28.244621,72,54736.896827
-12.088086,32,54742.228636
-38.10152,109,54758.429471
-33.695791,108,54774.778567
-43.372164,178,54802.215924
-25.185997,72,54812.685812
-13.913659,45,54819.392929
-15.889137,39,54825.225989
-73.040513,122,54843.684346
-29.125748,77,54855.335102
-21.490766,51,54862.740289
-29.682182,100,54878.165428
-25.136932,67,54888.319125
-552.555115,300,54934.746458
-21.849457,66,54946.201489
-13.369896,31,54951.0667
-106.5222,262,54991.127772
-21.115346,66,55001.395998
-120.436104,261,55040.460723
-9.049503,29,55045.278678
-41.827066,146,55068.142818
-11.028248,38,55073.767018
-25.800221,79,55085.661198
-14.566398,46,55092.615906
-15.095426,46,55099.857505
-37.872157,112,55116.726033
-46.863964,190,55145.650872
-11.889427,41,55152.04507
-10.525181,59,55160.823821
-22.24617,69,55170.821391
-24.619694,71,55181.981795
-81.097951,105,55197.749449
-41.675325,128,55217.335533
-29.164466,84,55229.912382
-13.990644,49,55237.816247
-34.090594,96,55252.092692
-53.483807,246,55288.553191
-61.881092,235,55323.914832
-35.095788,106,55339.956277
-37.629398,120,55358.875327
-14.530816,33,55363.876725
-45.428395,187,55391.536268
-19.089488,63,55401.466391
-14.741624,29,55406.19401
-27.950015,90,55419.837482
-11.509432,34,55424.987718
-47.761914,169,55451.146629
-79.517383,300,55496.723837
-60.871791,206,55527.464526
-26.915571,65,55537.468265
-10.216718,28,55542.03014
-19.182182,51,55550.866961
-33.355483,114,55570.602841
-13.911791,49,55578.531459
-28.411443,99,55594.428233
-55.317416,187,55622.87034
-49.887009,138,55643.885108
-18.478205,71,55654.524801
-51.414337,233,55689.296416
-95.711362,201,55719.303283
-20.356728,76,55731.715745
-52.9637,136,55751.925625
-39.958923,107,55768.069274
-12.292757,36,55773.629733
-49.171457,193,55802.632157
-30.591351,130,55822.284077
-11.843241,50,55830.202111
-7.978872,28,55834.548609
-7.727511,33,55839.364257
-584.992828,229,55874.647816
-15.15237,52,55882.430537
-51.642798,179,55909.089656
-26.871388,61,55918.529659
-16.650154,57,55927.126058
-21.623993,46,55934.34696
-21.808792,74,55946.27821
-15.525681,46,55953.428182
-16.215866,66,55963.555399
-17.103785,52,55971.662649
-24.623233,82,55984.824
-41.834023,125,56003.828095
-19.417678,66,56013.692214
-23.491119,70,56024.439559
-41.561048,172,56051.132152
-80.383038,300,56097.644585
-28.493664,83,56109.952195
-9.773408,26,56114.151905
-38.118251,155,56138.090816
-927.023614,252,56175.960272
-33.641269,89,56189.222187
-653.63306,206,56221.366477
-706.889711,25,56225.210529
-640.738752,29,56229.921741
-1352.835648,177,56256.918226
-858.084287,54,56264.915637
-78.534802,36,56270.608474
-14.956579,58,56279.876164
-675.742036,19,56282.810858
-640.272535,18,56285.421186
-634.663165,14,56287.809025
-12.403954,40,56293.879533
-12.779816,46,56300.765365
-728.388924,46,56307.727806
-1243.127805,103,56323.969415
-154.36509,148,56346.179048
-34.796561,182,56374.082559
-37.925336,175,56403.918949
-22.073942,62,56413.923385
-15.320859,34,56419.199066
-19.025323,40,56425.495143
-12.730905,46,56432.182295
-870.361702,90,56446.164687
-1661.437684,139,56468.401996
-1177.686115,99,56483.410856
-28.672836,58,56492.135466
-1111.141092,73,56503.986984
-35.165094,125,56522.669633
-569.09709,300,56569.162437
-255.061807,225,56603.607625
-7.838414,31,56608.546878
-14.28385,46,56615.645255
-32.103042,147,56637.850825
-19.700222,45,56645.32321
-13.149807,40,56651.733314
-20.532241,41,56657.879893
-46.790991,193,56686.741111
-23.954746,75,56697.988725
-570.351646,300,56744.224654
-1250.612487,280,56786.435502
-395.13212,147,56808.594942
-593.123398,138,56828.940331
-38.379584,108,56845.079152
-20.451845,59,56854.244727
-11.307878,24,56858.260613
-15.650735,56,56866.85178
-11.863988,34,56872.385804
-18.032379,40,56878.570893
-9.56466,22,56881.928749
-69.063044,257,56921.131005
-37.222671,88,56934.307971
-29.22652,83,56946.741776
-22.787521,99,56961.792808
-64.1559,300,57006.737773
-43.616903,132,57026.556439
-92.740994,152,57049.798271
-18.125342,61,57059.151895
-20.963472,55,57067.554359
-32.191297,121,57085.903535
-79.952734,257,57125.203565
-75.318902,263,57165.626266
-28.837516,106,57182.135711
-101.800394,155,57205.597245
-49.232199,173,57231.969916
-26.403113,82,57244.074025
-44.374177,154,57266.952928
-23.462983,77,57278.655218
-35.588337,128,57298.605691
-57.554911,133,57318.393735
-21.218074,63,57328.713671
-21.483559,87,57342.401607
-32.808253,122,57361.617033
-33.306543,122,57381.937413
-11.912617,33,57387.509256
-19.921949,59,57397.286907
-19.050013,59,57406.430105
-11.548887,34,57411.719767
-43.785374,118,57429.096993
-9.138636,22,57432.427632
-73.976721,300,57478.656528
-45.237525,105,57494.73439
-47.167284,165,57520.464416
-27.721896,100,57536.645694
-18.416247,67,57547.200234
-30.533884,105,57564.268187
-21.057909,61,57575.476439
-25.948598,81,57588.752624
-52.724876,180,57617.358573
-83.207142,264,57657.310372
-103.387772,300,57705.351965
-140.486418,300,57752.916358
-25.72473,46,57760.054472
-93.245646,300,57806.913118
-22.983266,46,57813.888756
-37.725247,136,57835.786248
-34.677941,92,57849.957597
-33.029382,112,57866.61011
-31.996812,78,57878.517128
-78.635305,256,57916.800679
-23.601067,49,57924.582886
-23.403134,71,57936.08638
-64.741071,300,57983.991142
-68.931013,300,58029.368991
-43.976643,132,58049.188346
-13.510174,24,58052.746124
-77.384674,300,58101.710926
-29.747871,81,58114.166993
-23.682354,66,58124.692777
-31.913389,101,58140.479681
-107.604787,300,58187.095796
-13.167609,26,58191.175505
-52.009368,185,58218.58451
-12.651168,35,58224.116155
-244.506239,300,58271.088721
-112.0382,258,58311.897487
-15.716857,32,58316.989842
-16.750016,49,58324.803373
-92.38517,223,58360.302912
-21.520713,44,58366.977285
-27.461452,55,58375.487024
-45.134595,151,58399.073049
-26.688854,79,58411.217749
-32.586149,90,58425.013184
-92.887386,222,58459.126863
-38.873644,133,58479.345865
-65.314135,294,58522.65472
-36.27195,116,58539.936591
-218.749935,300,58585.117284
-30.651153,82,58597.147928
-28.721887,84,58609.911485
-62.340035,214,58642.922565
-35.060853,126,58663.120786
-79.933315,300,58709.349877
-29.361931,70,58720.233078
-23.598195,42,58726.346061
-81.388125,276,58768.818681
-64.496402,95,58783.718164
-33.664721,109,58800.950438
-89.022099,300,58848.546958
-33.038455,89,58862.432364
-77.24191,300,58909.335157
-84.327989,300,58956.197475
-47.153335,180,58983.181277
-18.259719,63,58993.782383
-34.117434,140,59018.160008
-29.635178,104,59035.221591
-125.396057,300,59080.498778
-12.847061,24,59084.142331
-37.689621,154,59108.188602
-29.825985,61,59117.616462
-53.524597,253,59156.304386
-62.594726,300,59202.563938
-79.055643,300,59248.535921
-39.001028,160,59274.574537
-76.692392,300,59321.929039
-23.851491,51,59330.055324
-48.139587,205,59361.245162
-88.426895,300,59407.49186
-38.662827,118,59429.41704
-102.26663,300,59483.871608
-20.487675,60,59494.62128
-37.56666,93,59510.500061
-10.550909,24,59514.473144
-70.933833,92,59528.222868
-76.326982,300,59575.195052
-31.18032,103,59590.772273
-9.78974,22,59594.104553
-11.260737,27,59598.356419
-17.656306,42,59604.518254
-15.01045,43,59611.493732
-73.927051,300,59660.662884
-36.815942,119,59680.170005
-49.347157,93,59694.399786
-45.539043,118,59714.272002
-419.58813,159,59739.239064
-53.432165,235,59775.832661
-30.397291,81,59788.367959
-10.453007,29,59792.653656
-17.38623,66,59803.312826
-80.256669,300,59848.859241
-31.185081,115,59866.181571
-37.922331,104,59881.928735
-74.20394,300,59927.215897
-69.379235,300,59971.510157
-166.746277,300,60017.015091
-48.739161,127,60036.2406
-6.910309,25,60040.199111
-9.812169,23,60043.822817
-52.921485,300,60089.522078
-15.502197,36,60095.288644
-23.434643,75,60107.408784
-51.553449,136,60128.098593
-11.226177,34,60133.418641
-38.061387,153,60158.367071
-51.908352,300,60204.115752
-37.751094,174,60230.342094
-27.253712,95,60246.175391
-25.503896,57,60255.237847
-33.481554,91,60269.548468
-87.064158,199,60299.184101
-46.592387,220,60332.578242
-66.968772,300,60378.111227
-75.633546,300,60424.187665
-62.974861,223,60458.321094
-36.678279,90,60471.454555
-17.376542,46,60478.208156
-71.765009,296,60522.855751
-38.555473,123,60541.40131
-37.664732,120,60559.702453
-36.13859,94,60573.557546
-37.992608,129,60593.769652
-34.360506,111,60609.960409
-71.730883,300,60655.544814
-29.596451,74,60666.593951
-33.05535,81,60678.731204
-31.371183,72,60689.697769
-30.790529,79,60701.965431
-19.050464,51,60709.386245
-20.302857,73,60720.358566
-27.750172,67,60730.709209
-36.416905,103,60747.135928
-53.580532,283,60790.426916
-11.371881,26,60794.653748
-420.24781,300,60840.219176
-31.370992,76,60851.755175
-17.323588,37,60857.424212
-71.017056,300,60902.908857
-29.868174,97,60917.430573
-25.552696,51,60925.39819
-30.973672,97,60940.611869
-16.262669,35,60945.906163
-47.236937,300,60992.12768
-31.821389,78,61004.211003
-38.059768,300,61051.843129
-9.897057,24,61055.579822
-51.201744,161,61080.199426
-87.395902,263,61121.816293
-9.783069,33,61127.335218
-11.494426,31,61132.538246
-194.340669,144,61155.264632
-32.091379,87,61168.347362
-53.568764,300,61213.612076
-14.472625,32,61218.370146
-43.649469,300,61266.963745
-28.463359,106,61282.910512
-23.977647,74,61293.971628
-19.386488,52,61302.018079
-42.513157,300,61346.798531
-25.332308,80,61359.147013
-37.645909,120,61377.261793
-19.602866,75,61388.649751
-69.887526,300,61433.235098
-10.698142,26,61437.490012
-39.862474,147,61459.375849
-42.862394,130,61478.972125
-54.954836,300,61525.207953
-37.848171,102,61541.033019
-67.146601,221,61575.107226
-43.544027,114,61592.55495
-14.631368,30,61597.190366
-28.002053,65,61607.834036
-25.358699,49,61615.986745
-62.370913,300,61661.214002
-73.052643,300,61706.203052
-22.963569,53,61714.393355
-16.868162,55,61723.070382
-31.732481,80,61735.005541
-35.618824,300,61781.026613
-73.427669,182,61807.855766
-101.098616,298,61852.547085
-66.462705,300,61898.0036
-38.657828,145,61921.027296
-25.031021,54,61929.323926
-11.945046,26,61933.168076
-60.981973,35,61938.51677
-75.58572,300,61984.443216
-34.784301,122,62002.614498
-16.902234,44,62009.678545
-53.303349,300,62056.587578
-33.985495,72,62067.644837
-41.060769,99,62082.598441
-24.014779,53,62090.822657
-55.159113,300,62135.441838
-19.702143,38,62141.089892
-38.126658,120,62159.393703
-10.33375,28,62163.71871
-54.890773,154,62186.951423
-17.516032,46,62193.807387
-60.925678,226,62228.26783
-42.544889,161,62251.834428
-17.262576,36,62257.369128
-24.655914,66,62267.883699
-21.549942,60,62277.079188
-58.539302,300,62322.894185
-16.494399,43,62329.180413
-20.617502,43,62335.822091
-39.683314,300,62381.948977
-59.539169,300,62427.511402
-67.636556,278,62470.173047
-19.571302,59,62479.694822
-145.453339,255,62518.588607
-17.273546,49,62526.219961
-58.369242,300,62571.821659
-56.619022,288,62614.629534
-78.869859,300,62660.491775
-59.242463,300,62705.721316
-56.077275,300,62750.977429
-13.036307,30,62755.778253
-47.434232,300,62801.562544
-77.393794,262,62840.519284
-54.293708,300,62885.965583
-52.181336,300,62932.022195
-35.710826,92,62945.919873
-56.686873,247,62983.752051
-37.850799,82,62996.295977
-88.450086,300,63045.092577
-35.839781,73,63056.757699
-33.762682,89,63070.104743
-102.806676,300,63115.623809
-60.698835,259,63155.214321
-35.939868,115,63172.557176
-35.16182,121,63191.116416
-15.321815,38,63196.634382
-26.453735,59,63205.874686
-46.532412,132,63226.138701
-68.98381,300,63271.865283
-104.486058,300,63318.713332
-149.590034,300,63371.07154
-45.538048,116,63389.691855
-25.919811,89,63403.756519
-12.326556,27,63407.985266
-10.82423,25,63412.590436
-44.535871,130,63437.162859
-81.813054,300,63485.682949
-26.521222,51,63493.551337
-17.702574,71,63504.558034
-37.570914,134,63526.590647
-88.319655,300,63576.786832
-109.654899,300,63623.652154
-46.190348,161,63647.680136
-91.788285,300,63693.604801
-17.965574,44,63700.345181
-45.256647,179,63727.630685
-64.405603,300,63772.038637
-27.426,107,63788.384635
-39.706924,101,63804.361291
-39.988125,121,63824.095429
-40.984517,187,63854.009391
-18.615095,45,63860.818186
-14.079103,31,63865.532736
-15.218187,50,63873.09603
-39.270789,126,63891.971105
-29.259106,116,63909.551396
-9.059923,24,63913.166382
-18.510339,60,63922.817333
-23.617828,82,63935.528843
-77.811824,235,63969.930645
-63.782504,217,64003.059515
-71.978977,271,64044.591568
-20.212868,38,64050.17729
-13.428957,43,64056.773709
-38.361177,130,64077.374379
-57.625294,267,64117.997291
-27.468118,91,64131.696779
-22.435585,48,64138.84009
-38.610707,121,64157.893103
-34.539501,131,64178.638404
-63.237483,300,64224.196342
-28.95384,74,64236.043384
-11.246139,24,64239.855819
-42.442034,115,64257.270315
-17.178651,54,64265.812069
-58.668481,207,64297.841816
-84.825401,300,64345.277638
-17.302667,50,64353.042538
-12.857202,30,64357.471772
-73.980567,280,64400.289349
-28.480712,69,64410.903091
-23.67885,105,64426.636444
-24.933227,63,64436.23686
-30.074463,81,64448.487167
-34.840739,122,64466.667001
-50.911154,123,64486.780457
-74.906897,218,64521.615047
-15.32949,39,64527.445569
-11.464953,55,64535.929671
-26.081858,67,64546.125456
-35.788354,114,64564.474727
-48.460142,145,64585.378795
-68.575231,196,64616.292263
-33.567353,88,64629.491672
-73.356883,300,64675.13862
-36.291314,116,64692.616454
-91.309315,300,64738.274112
-20.989651,89,64751.472679
-99.672558,300,64797.148596
-33.133612,117,64815.911561
-75.082914,300,64865.41085
-48.478924,197,64896.67921
-42.823396,160,64920.862396
-83.181384,206,64951.964629
-52.357723,155,64975.778938
-33.314597,117,64993.647058
-30.074558,77,65005.338572
-40.882782,164,65033.558204
-74.1564,300,65079.563246
-21.267985,43,65086.232403
-15.77228,34,65092.275309
-49.350786,171,65119.292436
-73.013492,300,65165.796366
-11.642015,23,65169.482331
-12.412797,29,65174.214039
-25.816212,66,65184.741876
-10.496603,28,65189.147679
-78.606461,300,65236.581469
-37.509839,158,65260.982667
-95.26666,300,65306.58152
-55.382854,208,65338.040595
-89.183083,300,65384.672355
-72.15488,221,65419.778049
-20.878379,50,65428.043877
-24.158322,63,65438.012273
-97.710239,300,65484.731839
-70.579877,300,65533.239498
-19.586822,66,65543.688383
-30.391446,65,65553.808128
-30.588905,97,65568.4399
-55.962739,300,65614.222685
-71.265909,257,65652.924164
-96.290018,300,65703.103079
-41.947179,122,65724.492888
-22.203688,48,65732.057476
-49.756466,126,65751.705098
-26.785894,108,65768.391768
-55.757854,239,65805.469789
-22.183002,75,65817.156854
-103.682945,300,65864.031487
-24.687333,62,65873.413982
-32.114849,89,65887.346173
-32.682087,79,65901.141417
-13.614283,48,65909.958409
-31.442607,71,65922.275533
-24.222224,64,65932.690709
-27.22314,73,65945.183135
-72.355286,239,65981.801634
-18.320374,46,65989.498584
-18.321468,61,66000.410151
-44.103378,108,66017.849432
-11.778012,50,66025.895388
-52.728591,159,66051.413713
-84.406743,300,66098.680295
-61.884143,232,66135.195752
-99.238705,300,66182.96218
-25.396558,62,66192.262999
-33.46634,116,66209.723423
-70.638725,300,66256.809608
-12.514513,27,66261.026768
-107.13725,300,66307.275592
-102.411468,300,66352.626037
-118.439455,300,66398.539493
-11.208472,33,66403.627489
-40.501171,123,66422.502581
-64.620983,300,66468.7433
-34.486093,76,66480.282963
-32.394597,113,66498.526546
-54.155925,246,66538.400505
-47.612397,189,66567.973355
-25.386509,99,66583.879366
-13.924828,35,66589.73072
-49.392973,300,66636.159323
-55.599217,179,66663.291862
-52.463784,255,66703.378345
-100.204995,300,66753.860898
-40.354169,135,66778.077632
-49.98789,300,66825.947716
-64.82298,300,66873.334208
-29.780776,128,66893.59204
-68.64417,300,66939.666737
-216.098091,300,66986.068933
-88.38572,300,67034.376824
-26.716322,80,67047.893257
-61.823893,300,67095.740852
-45.764703,176,67122.901083
-72.803833,300,67168.732643
-49.467653,300,67213.497207
-40.448124,153,67235.90133
-56.145137,148,67258.209642
-48.068351,300,67303.803725
-29.450634,78,67315.071792
-47.101499,300,67360.985518
-25.265636,62,67370.577482
-53.126185,141,67391.892227
-21.499346,66,67402.040315
-33.373572,300,67447.741907
-55.220832,300,67496.746158
-10.541587,28,67501.301744
-20.317867,52,67509.542044
-33.912358,102,67525.829025
-208.913072,300,67575.064998
-13.573818,27,67579.646099
-37.319878,121,67599.297943
-51.308271,300,67651.224738
-36.534244,101,67668.847536
-88.280983,300,67720.554258
-34.015166,165,67749.554971
-88.258584,245,67789.44563
-51.690593,177,67818.446275
-37.067248,125,67839.161871
-76.099363,300,67888.467248
-30.683104,98,67904.266602
-36.196765,74,67916.719258
-28.828369,84,67929.750974
-10.27,30,67934.838898
-30.861242,100,67951.855251
-22.959708,134,67976.618675
-85.719883,251,68021.477296
-30.512018,77,68033.899766
-42.685489,181,68062.535758
-39.872051,120,68081.880398
-10.66133,24,68085.822199
-55.848114,104,68102.601564
-83.866341,300,68150.251606
-37.123924,176,68179.021388
-75.300126,219,68214.074766
-45.916156,99,68230.40835
-19.939906,64,68240.840222
-42.002305,80,68253.331092
-22.746535,50,68261.772327
-60.629128,129,68283.055089
-50.485,161,68308.772799
-31.431873,72,68319.974931
-50.965502,240,68358.940112
-55.379714,161,68385.038988
-21.680647,52,68393.66946
-32.935858,141,68416.388454
-101.562567,300,68462.447792
-74.229534,300,68507.625266
-29.964076,111,68524.31218
-41.845323,83,68537.497962
-80.141222,223,68571.691154
-35.275037,72,68582.55239
-28.824643,61,68591.640472
-24.741333,43,68598.413533
-36.359907,65,68608.369705
-71.106192,300,68653.774696
-46.06717,164,68679.821836
-28.341708,54,68689.169487
-43.623335,165,68715.10206
-44.066962,194,68745.991107
-117.333963,300,68793.330878
-17.037218,40,68799.866195
-60.909543,222,68835.172903
-40.765076,112,68852.856003
-63.256355,300,68899.723399
-35.070692,112,68917.50341
-45.969462,94,68933.146926
-14.934578,49,68940.926272
-66.535749,300,68987.979944
-34.247886,111,69005.315206
-57.310774,300,69052.695106
-15.23502,36,69058.311578
-42.510836,150,69082.237199
-67.28643,300,69131.221596
-93.200376,300,69179.290299
-18.788711,37,69185.664411
-58.254767,178,69213.82626
-40.729907,101,69229.873394
-49.375463,138,69252.024882
-35.359167,79,69264.60565
-60.146608,213,69299.923468
-74.654818,300,69348.198764
-22.758329,54,69357.431184
-61.844189,204,69390.18767
-23.40586,70,69401.687593
-30.825675,129,69422.21874
-62.575988,191,69452.926823
-75.983934,300,69500.836904
-26.673192,63,69510.423022
-8.491229,34,69515.688597
-31.880909,102,69532.269321
-33.314683,139,69554.624185
-63.945702,184,69583.383683
-45.727707,116,69601.663532
-46.507524,137,69623.022182
-22.663198,46,69630.570947
-74.466942,300,69681.94582
-23.681088,49,69691.113579
-49.054829,136,69713.73351
-78.728857,232,69752.73164
-20.167728,38,69758.543522
-94.097321,300,69805.711944
-14.705135,35,69811.45187
-13.729153,25,69815.507439
-61.625542,219,69850.622956
-39.753858,151,69875.004988
-42.459913,88,69888.744365
-33.743842,94,69904.131264
-10.94019,24,69908.009711
-92.036987,300,69952.765339
-22.467198,55,69961.247804
-16.774534,33,69966.038296
-49.142844,151,69988.164249
-35.982651,66,69997.903222
-22.291702,46,70004.67938
-68.877184,300,70048.598652
-41.018079,200,70078.137924
-16.034019,55,70086.605358
-10.296098,25,70090.171817
-63.535709,300,70134.244881
-25.501247,87,70146.727977
-41.171433,134,70166.33884
-82.57105,300,70210.528573
-134.199469,300,70254.62983
-123.494667,300,70298.699611
-720.957447,30,70303.04109
-78.256079,300,70348.899021
-15.636047,29,70354.185983
-19.346122,74,70366.312675
-116.406115,300,70410.140988
-656.76302,17,70412.791306
-60.099048,117,70429.745956
-677.497529,18,70432.351351
-262.16302,202,70461.674645
-38.370827,57,70470.993118
-84.547448,300,70514.797613
-23.029349,61,70524.204663
-21.968294,52,70532.776878
-49.433869,160,70556.459722
-22.428658,44,70563.138013
-23.315533,38,70569.114354
-1060.568485,63,70578.37651
-634.595474,21,70581.394217
-636.387289,14,70583.827116
-80.720126,238,70619.789284
-20.253157,42,70626.710519
-191.551336,300,70671.673761
-634.577757,14,70673.799645
-44.557774,118,70691.636103
-41.350689,84,70704.144701
-633.407331,14,70706.362087
-69.377805,202,70734.516679
-633.867719,14,70736.570008
-72.614598,233,70769.501601
-26.29201,44,70775.664807
-48.775246,142,70794.96912
-25.266937,47,70801.794391
-116.179411,219,70832.107759
-68.115299,300,70873.900909
-56.321403,54,70881.483131
-79.13214,300,70920.665628
-101.382887,300,70958.821828
-153.667758,300,70997.414747
-98.156448,300,71035.266206
-145.506222,300,71073.197091
-116.168863,300,71112.557414
-111.431688,300,71150.184303
-44.974088,124,71165.855203
-15.12523,32,71169.836448
-118.661497,300,71207.875983
-205.139517,300,71245.621602
-73.05028,300,71283.543338
-70.500139,300,71321.368223
-30.421294,104,71334.731357
-56.168769,150,71353.743981
-94.253812,300,71391.441551
-72.312977,300,71429.551862
-74.959136,173,71451.363592
-79.54411,300,71488.914191
-25.092023,79,71499.122146
-64.29815,203,71524.872892
-38.438681,194,71549.498957
-44.194389,147,71568.38278
-17.009352,70,71577.415468
-67.542266,300,71615.335764
-12.118615,26,71618.673586
-15.60656,61,71626.378224
-137.03348,300,71663.980242
-75.816997,300,71702.133203
-13.071769,52,71708.928348
-18.018578,40,71714.009265
-30.611851,72,71723.425613
-16.081489,34,71727.664483
-63.37838,210,71754.211759
-12.764414,60,71761.853628
-37.296052,110,71776.041197
-13.643152,30,71780.101954
-38.325875,170,71801.778843
-25.784186,84,71812.40004
-67.560204,300,71849.986814
-39.810361,109,71864.072368
-23.517028,89,71875.242217
-66.008994,300,71913.271355
-9.882163,52,71920.38576
-385.225826,300,71958.357318
-67.043956,300,71996.48681
-102.082279,300,72033.703326
-97.191786,300,72071.700306
-16.848693,71,72081.054914
-43.973342,125,72096.960451
-95.571388,300,72135.417768
-69.503746,227,72164.308806
-80.241995,300,72202.132822
-13.212559,26,72205.591988
-80.476929,300,72243.130533
-69.9787,244,72274.040795
-73.572305,300,72312.405865
-34.965724,79,72322.490246
-43.675883,148,72341.434707
-63.422691,134,72358.222257
-84.952217,300,72396.389422
-85.216617,300,72437.796171
-84.643912,300,72475.833445
-30.55557,78,72486.045923
-91.408463,300,72525.615066
-89.5293,300,72565.672622
-110.441698,300,72606.495172
-100.05627,300,72646.209425
-84.478915,300,72686.919545
-88.904883,300,72727.935238
-52.589312,122,72744.214969
-116.580258,300,72783.482579
-50.52228,153,72804.917869
-38.475093,103,72818.575395
-65.558446,200,72845.71446
-27.547261,47,72852.064941
-78.415094,300,72892.837507
-45.322471,97,72906.062597
-78.969616,299,72947.201255
-62.205433,178,72971.654542
-42.153818,106,72985.699359
-16.635612,32,72990.16281
-36.131244,75,73000.274557
-59.274775,162,73022.080537
-38.113513,97,73034.796235
-41.957272,109,73050.639302
-55.812173,144,73069.43375
-55.547482,300,73108.983052
-73.823699,219,73135.50175
-33.735226,76,73144.873943
-22.588383,44,73150.398613
-52.234083,155,73169.05393
-84.853016,300,73205.104283
-32.477354,71,73213.463586
-43.325359,90,73224.36986
-34.47256,86,73234.555649
-79.097051,274,73267.86625
-37.408354,86,73278.416889
-51.71009,121,73293.117431
-49.37193,114,73307.516224
-113.523552,300,73344.67265
-22.059016,47,73350.772417
-63.63599,204,73375.505075
-131.551943,300,73412.893116
-55.628518,56,73420.301451
-69.117492,221,73447.175235
-96.011316,300,73481.872485
-55.58319,159,73500.536531
-136.132948,139,73516.707194
-28.096619,66,73524.257765
-22.975033,39,73528.957382
-33.400872,87,73538.948154
-72.657752,300,73572.949892
-202.196105,286,73606.18024
-35.561634,90,73616.541085
-80.046714,230,73642.986946
-74.072002,220,73668.470683
-19.034967,41,73673.067342
-31.939879,71,73681.487563
-40.999077,105,73693.409699
-46.644971,119,73707.040967
-52.029569,115,73720.523997
-49.580667,109,73732.917216
-35.267296,82,73742.385033
-12.589428,26,73745.394113
-71.611395,177,73766.523777
-46.445622,100,73777.952516
-24.607677,47,73783.335768
-54.226897,177,73803.497471
-48.219609,98,73814.465328
-148.455746,300,73849.040382
-46.424778,121,73863.213014
-25.762015,68,73871.166375
-74.992337,211,73895.336313
-34.682374,83,73905.295652
-89.577847,296,73939.483009
-74.810428,243,73967.979455
-33.807735,74,73976.574108
-99.826904,216,74001.419974
-80.211162,300,74035.92815
-25.137826,64,74043.39195
-34.794441,100,74054.854133
-51.663798,154,74072.56489
-20.32506,40,74077.127196
-51.262517,106,74089.655454
-71.951676,300,74123.801281
-59.978873,300,74158.802407
-26.850545,78,74167.74642
-32.745153,91,74178.304951
-72.027015,234,74205.984199
-40.930228,89,74216.587113
-71.191044,283,74249.132415
-29.037523,74,74257.548227
-12.268515,23,74260.226277
-38.617451,112,74273.288254
-44.831416,131,74288.231549
-29.77676,70,74296.380264
-39.706678,125,74310.666566
-62.313098,300,74345.259479
-75.290255,300,74379.074307
-78.1277,300,74413.695307
-51.811623,168,74433.098914
-16.247056,35,74437.08614
-75.6512,262,74467.368927
-32.050891,74,74476.17065
-77.066796,278,74507.908019
-16.37737,34,74511.809539
-33.949306,102,74523.560949
-58.26286,137,74539.226347
-47.133092,129,74553.991554
-25.711458,49,74559.637659
-20.14706,70,74568.022655
-32.517613,85,74577.81631
-15.223721,33,74581.668951
-35.946742,114,74594.844547
-81.03322,294,74629.105231
-80.878014,300,74664.240015
-47.574714,213,74688.61206
-57.95319,300,74722.722131
-61.929726,300,74757.236409
-42.743242,126,74771.948783
-17.239284,41,74776.674393
-32.142081,98,74787.841735
-23.533204,115,74801.235692
-93.312627,300,74835.883461
-67.910264,300,74870.407439
-40.333587,141,74887.561595
-60.014279,300,74922.530352
-26.099271,75,74931.034845
-18.699578,36,74935.209885
-64.148897,300,74970.102755
-61.559288,208,74994.37076
-62.211293,161,75013.083873
-20.210983,40,75017.796898
-56.879266,193,75040.160782
