time_elapsed,total timesteps,mean 100 episode reward per step,fps,episodes,current_lr,mean 100 episode reward,n_updates,qf1_loss,entropy,ep_rewmean,policy_loss,ent_coef_loss,eplenmean,ent_coef,qf2_loss,value_loss
8,100,-inf,11,1,0.0003,-inf,0,,,,,,,,,
19,200,-9.536097981553796,10,3,0.0003,-669.1,100,2762.9573,2.4359837,-669.116454,0.14763933,-0.080608875,97.5,0.9708923,2768.6501,0.9292455
31,300,-17.865793753260697,9,6,0.0003,-646.0,200,5331.2363,2.402372,-645.9697429999999,3.5018241,-0.15244344,55.2,0.9472639,5340.4214,1.579121
43,400,-23.022025101500677,9,11,0.0003,-645.5,300,7.827366,2.3266175,-645.5426947,4.5356464,-0.22114398,39.8,0.9207466,11.238651,1.5260404
56,500,-23.19547916656863,8,14,0.0003,-641.9,400,2584.7856,2.4629066,-641.9448733076922,5.8360143,-0.3342443,36.76923076923077,0.89396095,2589.261,0.99134946
68,600,-23.977756324164357,8,18,0.0003,-640.6,500,2547.8406,2.3451653,-640.614005117647,6.4170456,-0.42281178,34.35294117647059,0.8662641,2552.169,0.7846534
81,700,-24.06231294700103,8,21,0.0003,-644.4,600,2517.9312,2.4225624,-644.4464925,10.182738,-0.4701361,33.65,0.8394996,2521.5686,1.9228394
94,800,-24.193359650735545,8,25,0.0003,-647.1,700,4.4650197,2.4465926,-647.094910375,7.137868,-0.62990797,33.083333333333336,0.8142476,4.8122406,0.8118368
108,900,-24.128878219487177,8,26,0.0003,-646.5,800,9797.072,2.4381452,-646.50219668,13.181623,-0.747237,32.88,0.7886842,9809.893,1.8257143
122,1000,-23.41192816485136,8,27,0.0003,-647.2,900,4853.926,2.4449587,-647.177858076923,11.687767,-0.8125382,36.26923076923077,0.7641797,4860.2754,0.8924215
139,1100,-23.356497343080502,7,31,0.0003,-646.0,1000,2403.4934,2.572227,-646.0055012666666,11.921292,-0.9439517,36.5,0.7400964,2406.7126,0.8881635
154,1200,-22.344300081621,7,34,0.0003,-627.2,1100,2.4528613,2.516177,-627.1703611818181,11.754302,-1.0874482,36.121212121212125,0.7162057,3.2834992,0.59765637
170,1300,-21.913474157052285,7,36,0.0003,-628.3,1200,9795.296,2.518873,-628.3328331142857,16.428812,-1.2082038,37.0,0.69311464,9797.908,1.0943224
185,1400,-21.680190182064408,7,37,0.0003,-629.3,1300,2328.887,2.5458126,-629.2749016944445,14.867292,-1.2353742,37.333333333333336,0.6709874,2333.2556,5.141417
200,1500,-21.34084814642583,7,40,0.0003,-631.7,1400,2308.124,2.6018493,-631.7011461025642,14.084503,-1.4313123,37.84615384615385,0.6498524,2312.2668,0.5735964
215,1600,-21.34084814642583,7,40,0.0003,-631.7,1500,7312.3887,2.5910447,-631.7011461025642,15.922766,-1.5404398,37.84615384615385,0.6293228,7313.338,0.6944767
232,1700,-21.34084814642583,7,40,0.0003,-631.7,1600,4531.5986,2.5669537,-631.7011461025642,13.887556,-1.6484158,37.84615384615385,0.609702,4536.795,0.52312326
247,1800,-20.8151180296391,7,41,0.0003,-618.1,1700,2.0782516,2.648397,-618.0745396,14.831549,-1.7578113,43.85,0.5908041,2.9415889,0.6411662
262,1900,-20.0528748891847,7,43,0.0003,-605.8,1800,2226.5642,2.5782914,-605.8331657619048,15.332946,-1.8689923,44.833333333333336,0.5725505,2229.2388,1.1079184
277,2000,-19.779012448511175,7,44,0.0003,-611.0,1900,2205.7644,2.5073497,-610.9923710697675,14.999271,-1.9290534,46.116279069767444,0.55519706,2208.7625,0.60902023
293,2100,-19.16455041274128,7,47,0.0003,-599.9,2000,2185.6545,2.681437,-599.8750153043478,14.86743,-2.1040878,45.5,0.5384159,2188.734,0.7969674
308,2200,-18.381676405189157,7,49,0.0003,-575.3,2100,4890.6006,2.4869537,-575.2593890416666,19.610085,-2.1415844,44.625,0.52211225,4888.2197,1.5369071
325,2300,-18.06780526584568,7,50,0.0003,-571.0,2200,4305.481,2.3519719,-570.9937454081632,17.21869,-2.2076907,46.204081632653065,0.50653607,4311.4673,0.9637784
340,2400,-17.72640851432215,7,53,0.0003,-564.3,2300,4851.5923,2.454373,-564.3356571730768,14.171642,-2.3324661,45.73076923076923,0.4915534,4849.434,0.39640564
355,2500,-17.463404917371214,7,56,0.0003,-558.4,2400,9061.19,2.5036001,-558.4216247454544,23.993633,-2.4229722,44.96363636363636,0.47687632,9063.825,1.3925188
370,2600,-17.278281249957512,7,58,0.0003,-562.8,2500,2710.8713,2.5566938,-562.7832303859649,18.514421,-2.4925818,45.56140350877193,0.46283847,2706.134,0.77214795
385,2700,-16.697143582602948,6,61,0.0003,-546.4,2600,5.6787004,2.4357924,-546.3678883166667,15.824268,-2.600667,44.983333333333334,0.4493927,6.484496,0.49700963
400,2800,-16.622861785270295,6,62,0.0003,-550.4,2700,2073.9836,2.514893,-550.3747591311476,17.878265,-2.6614091,45.31147540983606,0.43620035,2077.0798,2.6636128
416,2900,-16.531376680033457,6,63,0.0003,-552.3,2800,4.278413,2.5290697,-552.2719065806452,15.396738,-2.763341,45.564516129032256,0.4233377,4.926086,0.604842
431,3000,-16.349840471952703,6,65,0.0003,-557.7,2900,5.053822,2.4371562,-557.725505828125,18.559156,-2.7328596,46.71875,0.41108996,5.4649706,0.15017058
446,3100,-16.2557188596473,6,66,0.0003,-558.9,3000,2680.2078,2.5658326,-558.904805923077,21.126265,-2.769567,46.95384615384615,0.39925396,2677.4348,2.7549925
462,3200,-16.36878602630346,6,68,0.0003,-556.1,3100,6.350744,2.5371552,-556.0930077462688,19.495964,-2.993641,47.73134328358209,0.3877204,6.8262453,1.2301979
480,3300,-16.133358854241536,6,69,0.0003,-548.3,3200,4687.002,2.5466127,-548.317229882353,19.812687,-3.0701578,48.14705882352941,0.37644857,4685.262,0.25810194
497,3400,-16.133358854241536,6,69,0.0003,-548.3,3300,2665.108,2.432762,-548.317229882353,22.734398,-3.0758486,48.14705882352941,0.36556607,2663.068,1.2288685
516,3500,-15.965939698077344,6,70,0.0003,-551.5,3400,1995.7888,2.4831781,-551.4590090434784,21.984524,-3.360123,49.869565217391305,0.3548056,1996.9807,2.3263116
536,3600,-15.74156820170478,6,71,0.0003,-544.1,3500,1982.2211,2.4980006,-544.1231732428573,22.74323,-3.4462762,51.24285714285714,0.3444484,1983.3953,2.1548502
557,3700,-15.789434490646292,6,72,0.0003,-545.6,3600,2645.8728,2.4511685,-545.6251361690142,23.35159,-3.1471486,51.0,0.3344528,2643.662,0.5387671
578,3800,-15.72813794748145,6,73,0.0003,-550.7,3700,2643.4573,2.4258966,-550.6871019166667,22.32864,-3.6753688,51.40277777777778,0.32468438,2641.267,0.7668825
597,3900,-15.72813794748145,6,73,0.0003,-550.7,3800,6.7933245,2.3455877,-550.6871019166667,20.976612,-3.6707957,51.40277777777778,0.31520942,6.4455795,0.49361572
614,4000,-15.565030219651838,6,74,0.0003,-555.6,3900,3867.3542,2.5500755,-555.6018425342467,27.49421,-3.776346,53.95890410958904,0.30598205,3867.3096,1.3367472
632,4100,-15.443055385885415,6,75,0.0003,-557.6,4000,2627.7244,2.4838781,-557.6369580675677,24.692503,-3.9109194,54.689189189189186,0.29687434,2625.9849,0.60683995
648,4200,-15.14681969267624,6,77,0.0003,-552.1,4100,2623.7988,2.5265958,-552.0940191710528,29.189825,-3.7684891,55.078947368421055,0.28818864,2622.204,1.0796396
665,4300,-15.163191839607643,6,78,0.0003,-553.4,4200,2615.4885,2.4892871,-553.4473306103897,25.98459,-3.9864373,54.883116883116884,0.27972862,2613.9934,2.6486745
681,4400,-15.049976384148986,6,79,0.0003,-555.7,4300,6387.2876,2.6182494,-555.6880625897437,29.121906,-4.251812,55.65384615384615,0.27143168,6384.534,3.209512
698,4500,-14.83132379665364,6,81,0.0003,-551.6,4400,1887.6881,2.5227313,-551.5694657125,26.386904,-4.253793,56.1875,0.26315868,1887.4142,1.2335206
713,4600,-14.746600109048162,6,82,0.0003,-553.1,4500,1879.182,2.5140977,-553.1221875308643,29.241535,-4.4152355,56.54320987654321,0.25531384,1878.761,1.260232
729,4700,-14.732291749864094,6,84,0.0003,-558.4,4600,7.3124723,2.4327927,-558.3767251927711,23.962433,-4.5705805,56.53012048192771,0.24780954,7.6033506,0.051894493
745,4800,-14.732291749864094,6,84,0.0003,-558.4,4700,2594.9453,2.4820902,-558.3767251927711,30.996058,-4.4399357,56.53012048192771,0.24050209,2593.7617,0.50585324
761,4900,-14.732291749864094,6,84,0.0003,-558.4,4800,1851.7683,2.6087112,-558.3767251927711,28.442669,-4.6379104,56.53012048192771,0.23335545,1850.813,0.23309515
776,5000,-14.61326528114932,6,85,0.0003,-565.0,4900,1845.4562,2.465065,-564.9735030714286,32.688587,-4.5568686,58.654761904761905,0.22648145,1844.5784,0.7554204
792,5100,-14.61326528114932,6,85,0.0003,-565.0,5000,8.463099,2.4649103,-564.9735030714286,32.381664,-4.6819973,58.654761904761905,0.21985053,9.2178135,1.4176499
808,5200,-14.490843549953265,6,86,0.0003,-568.2,5100,7.9352155,2.4919705,-568.1770643176471,30.3961,-4.970409,60.305882352941175,0.21334755,8.278368,0.8656492
823,5300,-14.405453438173488,6,87,0.0003,-569.5,5200,7.847287,2.5833898,-569.4656208255815,31.06712,-5.1634526,60.7093023255814,0.2069793,8.301634,1.3652692
839,5400,-14.405453438173488,6,87,0.0003,-569.5,5300,2562.269,2.573342,-569.4656208255815,28.955114,-5.246519,60.7093023255814,0.20090787,2561.5068,0.6076505
855,5500,-14.405453438173488,6,87,0.0003,-569.5,5400,7.562093,2.515696,-569.4656208255815,29.995913,-5.3285575,60.7093023255814,0.19491465,8.26453,0.20616043
871,5600,-14.202311069447466,6,89,0.0003,-566.2,5500,7.5746903,2.4945447,-566.1925379886364,36.310604,-4.9739895,63.54545454545455,0.18922955,8.1293125,0.74306804
888,5700,-13.953660433598237,6,92,0.0003,-555.6,5600,2551.4587,2.592371,-555.6327454615385,32.685402,-5.4406214,62.582417582417584,0.1836662,2550.6255,0.14574604
906,5800,-13.953660433598237,6,92,0.0003,-555.6,5700,13.745443,2.6716688,-555.6327454615385,29.746578,-5.599971,62.582417582417584,0.17819677,14.133861,0.0028525353
922,5900,-13.86752456344241,6,93,0.0003,-557.1,5800,1759.9285,2.5861855,-557.1297095760871,34.61859,-5.538786,63.15217391304348,0.17298639,1760.1879,5.5661497
940,6000,-13.811537257965595,6,96,0.0003,-554.9,5900,15.619274,2.5778518,-554.8918817263158,32.457474,-5.7384562,63.136842105263156,0.16781831,16.092255,0.07430403
958,6100,-13.77433480975138,6,97,0.0003,-557.4,6000,4267.3525,2.5703735,-557.4318410416666,32.95751,-5.850148,63.291666666666664,0.16289183,4264.4814,0.3000189
976,6200,-13.636071395480242,6,98,0.0003,-551.9,6100,10.045959,2.3787842,-551.8908230824742,34.011272,-6.003125,63.20618556701031,0.15805429,9.879285,0.7326121
994,6300,-13.557792711067693,6,100,0.0003,-556.9,6200,6.7450686,2.7019966,-556.9116156666668,31.83861,-6.193095,63.62626262626262,0.15336536,7.0906897,0.0012283362
1012,6400,-13.557792711067693,6,100,0.0003,-556.9,6300,2524.1934,2.5067184,-556.9116156666668,38.047062,-5.841409,63.62626262626262,0.14876245,2523.1301,0.5803117
1030,6500,-13.424565665707695,6,101,0.0003,-551.6,6400,6.615473,2.485317,-551.61990356,32.41372,-6.462813,64.17,0.14439468,6.954624,0.0034604198
1047,6600,-13.44751976481221,6,102,0.0003,-551.6,6500,1709.5238,2.4900122,-551.6062288400001,37.319122,-6.4049063,63.67,0.14015336,1707.1991,0.40873578
1064,6700,-13.186194390633247,6,104,0.0003,-546.9,6600,8.74436,2.3198946,-546.8953944199999,39.577076,-5.846464,64.55,0.13602965,8.920158,0.5686719
1080,6800,-13.025132683662832,6,105,0.0003,-547.1,6700,11.660115,2.443828,-547.13778624,36.528698,-6.499439,65.27,0.13209939,11.600797,0.7610978
1097,6900,-12.934076920410751,6,106,0.0003,-547.5,6800,10.068295,2.5478673,-547.50401295,40.456654,-6.077242,65.49,0.128189,10.280048,4.571435
1115,7000,-12.747823558750218,6,107,0.0003,-541.1,6900,10.852396,2.640564,-541.1334799199999,40.7928,-6.706835,65.96,0.12438514,11.151117,1.0189254
1132,7100,-12.747823558750218,6,107,0.0003,-541.1,7000,19.27963,2.555358,-541.1334799199999,36.84164,-6.9402175,65.96,0.120674014,19.737568,0.35198253
1149,7200,-12.747823558750218,6,107,0.0003,-541.1,7100,16.956306,2.5177765,-541.1334799199999,38.48022,-6.3181634,65.96,0.11708715,17.297733,0.69171506
1165,7300,-12.488754797480096,6,108,0.0003,-535.5,7200,2494.4866,2.4382286,-535.54059217,36.059574,-7.017905,68.72,0.11366161,2494.1387,0.050829906
1181,7400,-12.126936171520711,6,109,0.0003,-530.6,7300,6.8999043,2.642644,-530.59216508,35.517677,-7.2949743,69.56,0.110308036,7.381544,0.063420005
1198,7500,-12.126936171520711,6,109,0.0003,-530.6,7400,1636.4567,2.4940262,-530.59216508,41.35002,-6.684244,69.56,0.10703429,1633.5571,1.772953
1215,7600,-11.769094640088618,6,111,0.0003,-534.5,7500,3253.6733,2.5243726,-534.51725217,43.07269,-6.7062893,71.68,0.10385763,3247.7156,1.459151
1231,7700,-11.597165160517013,6,112,0.0003,-535.0,7600,8.393837,2.4456034,-535.01952823,40.409245,-7.2919865,72.51,0.10080497,8.646172,1.2678336
1247,7800,-11.597165160517013,6,112,0.0003,-535.0,7700,4950.8213,2.5041249,-535.01952823,39.979008,-6.985918,72.51,0.09783985,4949.424,0.9374619
1262,7900,-11.597165160517013,6,112,0.0003,-535.0,7800,20.283955,2.45937,-535.01952823,41.97315,-7.351048,72.51,0.09498624,20.607494,3.3639328
1278,8000,-11.336657369492073,6,113,0.0003,-529.5,7900,9.764479,2.489128,-529.5490237500001,40.09449,-7.536912,75.27,0.09221483,9.23371,0.6620753
1293,8100,-11.336657369492073,6,113,0.0003,-529.5,8000,9.802643,2.5321367,-529.5490237500001,38.64671,-7.7947326,75.27,0.089518584,9.912165,0.03436298
1309,8200,-11.16962646610212,6,114,0.0003,-531.2,8100,13.546951,2.5388775,-531.21268969,43.452988,-7.4870014,76.6,0.086902924,13.333843,5.1290064
1325,8300,-10.961609819895548,6,115,0.0003,-532.3,8200,1584.022,2.6720834,-532.30365164,43.725513,-8.045027,77.64,0.08432169,1580.8168,1.0159181
1341,8400,-10.680524032270478,6,116,0.0003,-526.5,8300,20.004421,2.6659694,-526.49879844,40.44794,-8.242986,78.42,0.0818381,20.073183,0.034750108
1356,8500,-10.532958455023781,6,117,0.0003,-520.3,8400,9.855949,2.5015478,-520.34642954,41.473915,-8.022217,78.57,0.07943668,9.963622,0.046758544
1371,8600,-10.177977323372502,6,118,0.0003,-514.4,8500,1566.5544,2.5852005,-514.37071789,43.199623,-8.0382805,80.06,0.07709729,1563.7021,0.7343215
1385,8700,-9.676690826688347,6,120,0.0003,-501.3,8600,1569.7708,2.4087894,-501.30094422,41.499336,-8.472446,80.48,0.074823946,1567.3809,0.17125869
1399,8800,-9.529410401044048,6,121,0.0003,-501.7,8700,4004.3442,2.4651663,-501.71488271000004,44.64066,-8.12936,81.06,0.07261203,4000.5825,0.81111604
1414,8900,-9.529410401044048,6,121,0.0003,-501.7,8800,15.1694145,2.3179715,-501.71488271000004,40.397926,-7.008648,81.06,0.07055408,21.367477,0.73839414
1428,9000,-9.529410401044048,6,121,0.0003,-501.7,8900,35.949844,2.3738444,-501.71488271000004,39.16423,-7.8850937,81.06,0.06876717,44.45382,0.011898327
1443,9100,-9.304989671448379,6,122,0.0003,-496.2,9000,2441.706,2.6016884,-496.21797399,40.093044,-8.573839,83.78,0.066963166,2451.9927,0.17440276
1457,9200,-8.760037159394363,6,124,0.0003,-483.5,9100,8.356596,2.576155,-483.45823762,43.87105,-8.331071,84.18,0.06505959,11.271044,1.212136
1472,9300,-8.335980340079256,6,126,0.0003,-471.3,9200,2437.0605,2.530735,-471.32780318,43.674297,-8.239489,84.78,0.06317818,2452.2212,0.8420346
1486,9400,-8.285661154477856,6,127,0.0003,-464.9,9300,5.870269,2.4527605,-464.87417513,41.33589,-9.046789,83.98,0.06133254,7.3932276,0.15775831
1501,9500,-8.285661154477856,6,127,0.0003,-464.9,9400,2437.2358,2.5071971,-464.87417513,40.911728,-8.796186,83.98,0.059519306,2458.7852,0.12386377
1514,9600,-8.285661154477856,6,127,0.0003,-464.9,9500,4848.2847,2.554183,-464.87417513,41.91544,-8.481813,83.98,0.0577834,4884.693,1.8178247
1530,9700,-8.131312368366249,6,129,0.0003,-466.6,9600,6.6603074,2.610128,-466.58533352,44.44545,-8.219831,86.13,0.05612714,8.230889,0.62565434
1545,9800,-7.642071882972082,6,131,0.0003,-461.1,9700,22.008778,2.578993,-461.06485165000004,44.41787,-8.997943,86.78,0.054561447,22.665878,0.8463722
1559,9900,-7.5109070751530735,6,133,0.0003,-461.1,9800,1500.0029,2.627627,-461.08090738000004,45.034706,-9.220446,87.32,0.052964255,1499.548,4.3328385
1573,10000,-7.423939389163763,6,135,0.0003,-454.7,9900,6.3340583,2.668659,-454.7489964799999,41.837635,-9.984252,87.23,0.051351894,8.884047,0.3776508
1588,10100,-7.158864053613286,6,138,0.0003,-441.9,10000,2415.7703,2.5982132,-441.9398572899999,45.355774,-9.056718,86.7,0.04980041,2437.3464,0.9201912
1602,10200,-6.844032123205848,6,140,0.0003,-435.3,10100,10.177455,2.600631,-435.32372115000004,43.68708,-8.462423,87.19,0.04830321,5.967902,2.879098
1617,10300,-6.926300228373772,6,141,0.0003,-441.2,10200,7.359269,2.4445448,-441.20273094,44.70509,-9.468702,85.2,0.046860877,5.04401,1.3693306
1631,10400,-7.118992673321341,6,143,0.0003,-447.2,10300,2414.0078,2.2570581,-447.2110571900001,43.438354,-8.310923,84.86,0.045496903,2418.1733,0.4163112
1645,10500,-7.378032423541885,6,146,0.0003,-445.2,10400,21.59506,2.4076061,-445.15120586000006,43.202835,-8.39975,83.97,0.04427426,14.904593,0.7283194
1659,10600,-7.9477817997798255,6,149,0.0003,-457.8,10500,21.18333,2.40316,-457.81721271000004,43.38878,-8.430435,84.4,0.043071166,16.850784,0.32717502
1674,10700,-8.693082879443187,6,153,0.0003,-466.3,10600,2420.813,2.6002612,-466.30911367,42.281944,-10.585522,83.0,0.041880067,2405.4795,0.75013727
1688,10800,-8.693082879443187,6,153,0.0003,-466.3,10700,3840.6104,2.4702272,-466.30911367,44.44265,-8.9839115,83.0,0.04070596,3818.977,1.6441342
1703,10900,-8.788364996332248,6,155,0.0003,-472.0,10800,8.403604,2.465372,-472.0442752199999,44.329716,-8.439091,83.98,0.039624527,5.755215,0.29025722
1717,11000,-8.788364996332248,6,155,0.0003,-472.0,10900,3825.088,2.5060103,-472.0442752199999,45.16151,-8.99115,83.98,0.03853336,3798.3777,1.6415862
1731,11100,-8.788364996332248,6,155,0.0003,-472.0,11000,21.01023,2.5258474,-472.0442752199999,43.38724,-9.6006,83.98,0.037449572,18.64101,0.65985906
1746,11200,-8.756757995516272,6,157,0.0003,-465.6,11100,21.43182,2.3517907,-465.57105114999996,44.03888,-9.864063,86.08,0.036409985,20.764671,0.61707973
1760,11300,-8.89330854834819,6,159,0.0003,-464.9,11200,2397.8147,2.3962145,-464.88807577999995,47.428127,-9.625953,85.91,0.035388935,2374.7378,0.9018526
1774,11400,-8.89330854834819,6,159,0.0003,-464.9,11300,8.817789,2.5208669,-464.88807577999995,46.7968,-8.6116,85.91,0.034381926,8.182727,0.69829047
1788,11500,-8.91553670010298,6,160,0.0003,-471.6,11400,10.158813,2.5681872,-471.56477558,46.424522,-9.41431,88.22,0.033386357,8.729359,14.177778
1803,11600,-9.189759152680287,6,163,0.0003,-469.9,11500,10.133466,2.424177,-469.9268870899999,47.68019,-9.382238,87.46,0.032439303,8.153624,5.209569
1816,11700,-9.189759152680287,6,163,0.0003,-469.9,11600,24.869545,2.473012,-469.9268870899999,49.551697,-8.21793,87.46,0.03149644,23.996082,1.006854
1828,11800,-9.248229622654794,6,165,0.0003,-468.6,11700,8.478175,2.4716692,-468.59563057000014,46.28142,-9.347427,87.99,0.030604279,7.477679,0.3700923
1841,11900,-9.248229622654794,6,165,0.0003,-468.6,11800,4762.864,2.3568778,-468.59563057000014,44.653656,-8.842281,87.99,0.029732853,4706.7803,1.0250103
1854,12000,-9.796837119118173,6,169,0.0003,-472.2,11900,10.353928,2.4841535,-472.2317932600001,48.372902,-8.761517,87.08,0.028877659,9.632069,1.1624248
1866,12100,-9.796837119118173,6,169,0.0003,-472.2,12000,2397.4585,2.5154362,-472.2317932600001,44.531666,-11.027677,87.08,0.028058037,2366.759,0.510298
1879,12200,-9.796837119118173,6,169,0.0003,-472.2,12100,8.837616,2.7194633,-472.2317932600001,44.988876,-11.2773285,87.08,0.02721744,7.481916,0.53934556
1892,12300,-9.75561420479079,6,171,0.0003,-465.1,12200,23.14104,2.536447,-465.11671056,46.895523,-10.019868,86.75,0.026392376,21.416418,0.8305024
1904,12400,-9.662063460012511,6,173,0.0003,-456.3,12300,7.789716,2.5583057,-456.31314187,45.25795,-11.021608,86.37,0.025607804,6.8638105,0.5661516
1918,12500,-9.626550315979406,6,174,0.0003,-447.4,12400,2378.5115,2.5376377,-447.43177813999995,46.093185,-8.494976,84.78,0.024859544,2347.5059,3.1653407
1931,12600,-9.618735821367633,6,175,0.0003,-447.3,12500,2375.7554,2.6862755,-447.33628032,43.527058,-11.67788,84.91,0.024300225,2357.3672,0.6111693
1943,12700,-9.619890099040708,6,176,0.0003,-447.5,12600,4709.6255,2.8348978,-447.53447112000003,45.26351,-10.747248,85.22,0.023543473,4681.8438,0.41478658
1956,12800,-9.473941471064066,6,178,0.0003,-441.5,12700,7.451767,2.6539578,-441.54775377999994,48.175785,-10.039183,85.65,0.022813259,9.670787,2.634471
1969,12900,-9.953027236266902,6,181,0.0003,-445.8,12800,2365.254,2.4543495,-445.81909802999996,44.68683,-10.51674,83.98,0.022137517,2357.6914,0.47407663
1981,13000,-9.953027236266902,6,181,0.0003,-445.8,12900,4698.889,2.708171,-445.81909802999996,47.20845,-10.988102,83.98,0.021471936,4686.9683,1.0961828
1994,13100,-9.876883355214193,6,182,0.0003,-439.4,13000,2360.0098,2.7220945,-439.44607691000004,46.69765,-11.184437,84.26,0.020820303,2355.9368,0.3094415
2007,13200,-9.74103078634185,6,183,0.0003,-437.6,13100,1.4528685,2.3033423,-437.60471856000004,42.99539,-7.486649,85.59,0.020346737,8.303465,0.47682846
2021,13300,-11.122570254115667,6,188,0.0003,-435.4,13200,4653.7974,2.334935,-435.44178813999997,43.313343,-9.783162,77.73,0.019898761,4674.303,0.7635635
2033,13400,-11.463915090934305,6,191,0.0003,-439.6,13300,0.47746116,2.3955314,-439.57976104,42.126743,-8.129401,77.13,0.019520659,6.821267,0.6879257
2046,13500,-11.611054879645456,6,193,0.0003,-439.3,13400,1.1117094,2.087853,-439.27797605,44.52189,-3.7818277,76.7,0.019240072,6.593505,1.0951474
2059,13600,-11.73676074473793,6,196,0.0003,-438.1,13500,15.814482,2.5378177,-438.14026085999996,47.181705,-9.378362,75.98,0.018772284,21.3012,3.39132
2072,13700,-11.73676074473793,6,196,0.0003,-438.1,13600,4.711459,1.8935549,-438.14026085999996,48.818043,-2.7540374,75.98,0.018289873,8.49707,1.2028229
2085,13800,-12.97826550567795,6,201,0.0003,-439.9,13700,2263.8215,2.3034506,-439.94057888000003,43.14872,4.9105287,73.73,0.018431822,2330.6199,2.451924
2098,13900,-14.404510924502352,6,206,0.0003,-443.5,13800,4495.372,2.5766325,-443.4775736699999,44.704414,-8.255138,70.53,0.018261397,4640.1963,1.9657148
2110,14000,-14.811024683565769,6,208,0.0003,-455.5,13900,2254.9856,2.8437018,-455.47143015999995,47.41066,-10.95849,67.35,0.017780285,2335.7388,1.3327662
2122,14100,-14.811024683565769,6,208,0.0003,-455.5,14000,2231.077,1.9769468,-455.47143015999995,46.30664,-8.081423,67.35,0.017277362,2314.8093,1.6586294
2135,14200,-14.811024683565769,6,208,0.0003,-455.5,14100,2238.0737,2.6404963,-455.47143015999995,50.330036,-10.586952,67.35,0.016867938,2325.6077,4.534377
2148,14300,-15.222206043683224,6,211,0.0003,-451.1,14200,1282.4482,2.3195772,-451.10765129,49.065582,-3.1470723,67.19,0.016477766,1287.0673,3.2222624
2161,14400,-15.69236483213593,6,214,0.0003,-455.2,14300,2212.1135,3.0344162,-455.22626313999996,46.774,-7.7509737,62.57,0.01606632,2321.3457,4.1638694
2174,14500,-16.11609660319949,6,216,0.0003,-460.6,14400,3464.9434,2.136194,-460.60171276,51.289413,-7.0070357,60.84,0.015667189,3572.98,3.244525
2187,14600,-16.117607967643025,6,218,0.0003,-460.4,14500,3.968368,1.6843883,-460.36209519,46.691986,-4.9201326,59.65,0.015361081,11.45496,3.8974047
2200,14700,-16.117607967643025,6,218,0.0003,-460.4,14600,1.1235292,1.7370172,-460.36209519,44.73379,5.8452415,59.65,0.015185406,11.122266,1.8178484
2213,14800,-16.86165774157392,6,222,0.0003,-477.5,14700,2134.7144,2.1013129,-477.51842714,45.98736,2.108816,56.98,0.015559394,2290.4795,1.9460024
2226,14900,-17.82567501601267,6,226,0.0003,-501.5,14800,2.6427178,2.4203982,-501.5327316600001,48.159798,-8.0306635,55.85,0.015501897,13.717667,3.7464683
2239,15000,-18.493586467669488,6,229,0.0003,-506.0,14900,33.68306,2.3550582,-506.04634838000004,48.77518,1.2448065,53.28,0.015457852,48.92194,2.323506
2253,15100,-18.95876857817176,6,231,0.0003,-511.5,15000,18.428728,1.0546606,-511.49149646999996,49.939644,0.035897493,52.62,0.015215892,28.38642,1.699037
2266,15200,-18.95876857817176,6,231,0.0003,-511.5,15100,5.185324,2.2956085,-511.49149646999996,50.067493,-4.2557235,52.62,0.015043666,14.432011,1.8479571
2282,15300,-18.95876857817176,6,231,0.0003,-511.5,15200,8.881905,1.700574,-511.49149646999996,51.749386,-5.860992,52.62,0.0148210665,18.74091,3.847807
2296,15400,-18.883587673280957,6,232,0.0003,-505.8,15300,2069.7896,2.1129577,-505.7919194299999,50.83568,-4.0954924,54.79,0.014567462,2268.587,2.585994
2310,15500,-18.73243375274988,6,233,0.0003,-499.4,15400,6.7590256,2.270048,-499.43808976,53.73609,-8.143599,55.18,0.014233156,14.764776,3.059476
2323,15600,-18.731315202728613,6,234,0.0003,-499.7,15500,19.186823,1.9879904,-499.73274030999994,53.470978,11.636929,56.68,0.013832689,34.918945,2.4556246
2337,15700,-19.827981921382296,6,238,0.0003,-518.3,15600,2047.9313,3.6103234,-518.2595244699999,53.625168,-7.3928413,56.02,0.014046764,2264.576,4.5322337
2351,15800,-19.896441366352324,6,240,0.0003,-518.0,15700,11.850155,1.603718,-517.99239817,59.77591,0.2823347,55.8,0.013897281,24.124739,9.065364
2365,15900,-19.81520213370555,6,241,0.0003,-511.7,15800,4032.6611,2.420766,-511.65740494000005,58.13611,-5.8111115,56.0,0.0136834225,4497.631,9.628929
2378,16000,-19.81520213370555,6,241,0.0003,-511.7,15900,4016.6697,2.0056446,-511.65740494000005,54.942738,-1.3968246,56.0,0.013369748,4493.0225,4.2504644
2392,16100,-19.81520213370555,6,241,0.0003,-511.7,16000,2001.1807,2.1008883,-511.65740494000005,55.829754,-2.688193,56.0,0.013028422,2249.768,4.006995
2405,16200,-19.644605186090516,6,242,0.0003,-505.7,16100,2007.9899,2.2732694,-505.72820396000003,55.998463,-6.99796,58.61,0.012686279,2241.6191,3.247837
2417,16300,-19.644605186090516,6,242,0.0003,-505.7,16200,4.97902,2.0946004,-505.72820396000003,57.25441,-5.374068,58.61,0.012520915,20.411503,1.6137941
2430,16400,-19.644605186090516,6,242,0.0003,-505.7,16300,3925.077,2.2002888,-505.72820396000003,54.29933,-3.6073437,58.61,0.01230458,4464.732,4.3382754
2443,16500,-19.532144686021216,6,243,0.0003,-500.2,16400,10.123808,2.201157,-500.1675365700001,57.222725,-3.6978097,61.05,0.012049022,30.765049,3.233047
2455,16600,-19.183546172564245,6,245,0.0003,-487.7,16500,1196.4039,2.2129076,-487.67069718999994,60.65087,-3.856684,61.52,0.011749479,1216.4912,2.9331832
2468,16700,-18.89341594167891,6,246,0.0003,-481.4,16600,1979.6504,2.16542,-481.39541297999995,56.39646,-4.0133963,61.85,0.011386563,2263.4507,4.3680363
2480,16800,-18.89341594167891,6,246,0.0003,-481.4,16700,1930.4397,2.5732746,-481.39541297999995,57.64575,-4.5462685,61.85,0.011135249,2228.8882,7.7564054
2493,16900,-18.72154758261542,6,248,0.0003,-475.7,16800,3862.5566,2.1240516,-475.69255673,58.985558,-4.8607316,63.0,0.010975856,4453.326,3.7990718
2506,17000,-18.008383387373318,6,250,0.0003,-463.3,16900,1914.1815,1.7566631,-463.3207827600001,56.033737,2.5223503,63.77,0.010756278,2266.0906,11.022446
2519,17100,-18.008383387373318,6,250,0.0003,-463.3,17000,1.3803394,2.0057876,-463.3207827600001,51.77171,-9.518488,63.77,0.010593775,16.767689,0.48264736
2532,17200,-17.82291701231965,6,251,0.0003,-457.5,17100,3.2842371,2.4255905,-457.5270563400001,54.81173,-10.571295,65.28,0.010288468,30.728579,1.655956
2544,17300,-17.82291701231965,6,251,0.0003,-457.5,17200,1874.8347,2.140365,-457.5270563400001,55.89592,-6.6872787,65.28,0.009999045,2215.165,1.7957857
2557,17400,-17.551793929899063,6,252,0.0003,-451.6,17300,3752.6958,2.323433,-451.63376841000013,57.32292,-10.672138,67.19,0.009696303,4421.762,6.940439
2569,17500,-17.551793929899063,6,252,0.0003,-451.6,17400,5.3253508,2.39594,-451.63376841000013,55.97796,-9.872696,67.19,0.009361554,23.938053,4.904351
2582,17600,-17.197310499582496,6,253,0.0003,-445.7,17500,1877.1818,2.4173532,-445.68888386,59.146946,-4.9611635,68.43,0.009250498,2238.6492,5.2897754
2594,17700,-17.197310499582496,6,253,0.0003,-445.7,17600,1868.7932,2.0064282,-445.68888386,57.98368,-4.692754,68.43,0.009165534,2221.869,2.4449215
2607,17800,-17.197310499582496,6,253,0.0003,-445.7,17700,6.560682,0.96273726,-445.68888386,60.727314,4.7393317,68.43,0.00908615,26.498043,2.6823375
2621,17900,-16.919976307118134,6,255,0.0003,-435.2,17800,34.12455,2.0630167,-435.21494598,58.127483,-7.5450034,70.37,0.008995259,53.876232,13.326958
2634,18000,-16.921177493170337,6,256,0.0003,-434.8,17900,31.430365,2.1632318,-434.79862190999995,60.8345,-4.0240116,68.26,0.008751708,58.189285,2.8549497
2647,18100,-16.68075155130673,6,257,0.0003,-428.7,18000,1852.5347,2.153024,-428.69724769,61.013992,-7.78603,68.61,0.008454467,2232.1768,2.4319222
2660,18200,-16.68075155130673,6,257,0.0003,-428.7,18100,8.875315,2.2057133,-428.69724769,62.785294,-7.909981,68.61,0.008214161,41.97268,1.8188269
2673,18300,-16.68075155130673,6,257,0.0003,-428.7,18200,5.0966024,2.2379637,-428.69724769,59.415554,-7.9566774,68.61,0.007948041,29.044428,0.84909123
2686,18400,-16.548837819962294,6,258,0.0003,-423.2,18300,1813.0804,2.1924005,-423.24431541000007,57.762264,-6.606611,71.14,0.0077071097,2192.61,1.2136761
2699,18500,-16.22949162837273,6,259,0.0003,-417.0,18400,8.041517,2.375163,-417.03050092000007,57.71012,-11.216558,71.71,0.007470407,19.071451,4.5228863
2712,18600,-16.22949162837273,6,259,0.0003,-417.0,18500,6.962246,2.3797565,-417.03050092000007,59.55133,-6.408064,71.71,0.0072453017,48.99848,2.0867703
2725,18700,-16.22949162837273,6,259,0.0003,-417.0,18600,3605.098,2.182629,-417.03050092000007,67.70445,-4.6179852,71.71,0.007018524,4360.5254,9.113755
2737,18800,-15.883975082952336,6,261,0.0003,-404.6,18700,1810.683,2.3874369,-404.5783,58.228226,-10.503343,72.24,0.0067902105,2190.791,5.4191
2750,18900,-15.881547195949622,6,262,0.0003,-404.7,18800,1792.9033,2.3066306,-404.7070941,59.706234,-7.9452252,72.88,0.006576059,2205.51,1.8292235
2764,19000,-15.707550062704287,6,263,0.0003,-398.7,18900,5.946103,2.412443,-398.71034577,60.27629,-8.048971,73.62,0.006385252,38.5975,3.7154365
2776,19100,-15.707550062704287,6,263,0.0003,-398.7,19000,1809.4181,2.4984941,-398.71034577,66.25355,-3.525177,73.62,0.00617953,2243.6797,7.4515915
2789,19200,-15.6750855949567,6,264,0.0003,-392.6,19100,1130.8423,1.9388558,-392.55330662,59.942783,-8.529819,73.76,0.0060115755,1166.3204,2.0081496
2803,19300,-15.440070944796469,6,265,0.0003,-386.5,19200,2875.9573,2.004219,-386.47194956,60.454216,-6.309621,74.9,0.00586068,3302.9167,3.0505402
2815,19400,-15.440070944796469,6,265,0.0003,-386.5,19300,1778.0049,2.3210258,-386.47194956,61.07462,-6.463028,74.9,0.005679515,2197.7224,4.295898
2828,19500,-15.440070944796469,6,265,0.0003,-386.5,19400,2886.2773,2.3334427,-386.47194956,60.327435,-8.126134,74.9,0.0055040135,3333.0054,2.3785498
2841,19600,-15.440825469551264,6,266,0.0003,-387.0,19500,4.3662353,2.424312,-386.99338807,57.43063,-12.673752,76.06,0.0053294073,36.860027,0.5004153
2855,19700,-15.045814829326876,6,267,0.0003,-381.0,19600,1089.1719,2.036309,-380.99427520999996,64.80381,-4.466324,76.75,0.0051682424,1133.2085,11.607497
2867,19800,-15.045814829326876,6,267,0.0003,-381.0,19700,1086.0983,2.3263538,-380.99427520999996,59.550766,-11.024287,76.75,0.00501521,1143.7137,2.735272
2880,19900,-15.045814829326876,6,267,0.0003,-381.0,19800,28.285074,2.363343,-380.99427520999996,57.88635,-10.134792,76.75,0.0048714452,73.07116,0.4832542
2894,20000,-14.771139739846816,6,268,0.0003,-375.4,19900,4.9587126,2.3435564,-375.39395365999997,56.476917,-13.663322,79.52,0.004717853,27.57262,0.46834788
2907,20100,-14.771139739846816,6,268,0.0003,-375.4,20000,2826.4626,2.0576172,-375.39395365999997,63.715096,-4.8664737,79.52,0.00458027,3305.7124,4.393576
2922,20200,-14.771139739846816,6,268,0.0003,-375.4,20100,25.497238,2.3696108,-375.39395365999997,55.223763,-12.017379,79.52,0.0044440436,35.315918,0.21274453
2935,20300,-14.399346273125836,6,270,0.0003,-369.2,20200,3495.4248,2.2569554,-369.2485632900001,58.316067,-7.2765946,80.51,0.004328113,4351.3535,4.257471
2948,20400,-14.398030103740645,6,271,0.0003,-369.2,20300,1755.1764,2.0665045,-369.22854296,57.43711,-0.84806466,80.62,0.004212725,2192.9014,15.015191
2961,20500,-14.398496203349167,6,272,0.0003,-369.6,20400,12.715135,2.7248263,-369.6257599400001,61.129223,-14.06529,81.78,0.0040851873,33.74577,6.3912754
2973,20600,-14.192499103796399,6,273,0.0003,-363.0,20500,1785.786,2.491416,-363.03385276,55.549244,-13.188973,81.78,0.004014024,2224.2727,0.96969444
2986,20700,-14.19324978324275,6,274,0.0003,-363.4,20600,6.4808207,2.2244062,-363.36227777,57.754757,-6.5793495,82.56,0.003899076,42.19583,1.4031999
2999,20800,-14.13831463812649,6,275,0.0003,-356.6,20700,1057.4333,2.770488,-356.55148950999995,60.16268,-6.4857106,81.94,0.0038245418,1137.46,2.809121
3012,20900,-14.138096554356764,6,276,0.0003,-356.5,20800,6.1091785,2.311361,-356.53686156,57.693523,-11.196984,81.95,0.0037785196,43.27379,1.1793307
3026,21000,-14.138096554356764,6,276,0.0003,-356.5,20900,1049.2643,2.1971242,-356.53686156,63.73266,15.428009,81.95,0.0037927167,1129.3588,5.638171
3041,21100,-14.138096554356764,6,276,0.0003,-356.5,21000,1746.1486,2.7108693,-356.53686156,56.930214,-6.7531404,81.95,0.0039058363,2210.7434,1.8078729
3054,21200,-14.142447486734119,6,277,0.0003,-358.3,21100,3.7572455,2.3157854,-358.28064135999995,55.72663,-5.8609076,84.02,0.003843997,29.599438,0.88276154
3067,21300,-14.142447486734119,6,277,0.0003,-358.3,21200,1710.1908,1.223532,-358.28064135999995,52.600258,8.952098,84.02,0.0038656814,2170.4932,1.0301727
3080,21400,-14.142447486734119,6,277,0.0003,-358.3,21300,40.381317,1.6834426,-358.28064135999995,54.078728,4.299822,84.02,0.003934284,89.51099,0.9083926
3094,21500,-14.048460442583828,6,278,0.0003,-351.9,21400,1.3515859,2.4325504,-351.90227051,53.909683,-8.429445,86.28,0.0039303857,27.392824,0.3921447
3107,21600,-13.93312000683999,6,279,0.0003,-345.8,21500,3.4289174,2.372838,-345.79011463999996,55.652527,-4.687202,87.12,0.0038591155,43.123276,1.4551946
3121,21700,-13.64290999811873,6,280,0.0003,-339.8,21600,1164.1884,2.422864,-339.75322855999997,60.905003,-9.739595,87.99,0.0037559678,1237.43,3.59747
3136,21800,-13.391505389480653,6,282,0.0003,-333.2,21700,1735.4926,2.3673298,-333.2401995,56.85736,-10.541559,87.34,0.0036400515,2253.2375,3.2458193
3151,21900,-13.391505389480653,6,282,0.0003,-333.2,21800,1670.6212,2.28231,-333.2401995,62.606297,-4.933491,87.34,0.003526673,2208.4949,1.9590971
3166,22000,-13.391505389480653,6,282,0.0003,-333.2,21900,1673.1974,0.6563926,-333.2401995,53.87143,27.967375,87.34,0.0036253708,2195.1414,2.7409348
3179,22100,-12.922014077401045,6,286,0.0003,-322.0,22000,4.2419453,1.8022374,-321.95450009999996,53.269653,11.08738,88.39,0.0038294306,40.931984,1.9074231
3194,22200,-12.678554605655119,6,287,0.0003,-317.6,22100,3325.7031,1.6619606,-317.60957033,57.984985,9.856348,88.62,0.003912892,4341.8105,28.672298
3209,22300,-12.678554605655119,6,287,0.0003,-317.6,22200,4.628429,2.222752,-317.60957033,53.659172,-1.0142299,88.62,0.0039467663,50.451637,7.0429244
3224,22400,-12.678554605655119,6,287,0.0003,-317.6,22300,10.072856,2.1864605,-317.60957033,56.76421,18.10839,88.62,0.004016908,69.41673,4.654349
3237,22500,-12.078739150899318,6,289,0.0003,-305.9,22400,999.2868,0.51539695,-305.88347422,55.990997,11.556686,91.55,0.0040717334,1065.8391,2.8848436
3251,22600,-12.078739150899318,6,289,0.0003,-305.9,22500,1623.9946,1.7093703,-305.88347422,64.24852,-5.2021127,91.55,0.0041038347,2306.42,15.308748
3266,22700,-12.078739150899318,6,289,0.0003,-305.9,22600,17.299793,1.5385662,-305.88347422,62.463093,0.33792806,91.55,0.0040953313,103.74805,8.971126
3280,22800,-11.885715523840062,6,290,0.0003,-300.5,22700,28.963062,1.6507826,-300.45138693999996,56.385143,-8.874844,94.23,0.00405844,80.189766,4.8265877
3293,22900,-11.650299564697441,6,291,0.0003,-294.6,22800,1614.4196,1.6956623,-294.63262586,54.910522,-7.0572414,94.99,0.0039883326,2188.8188,2.4540308
3306,23000,-11.449408452115101,6,293,0.0003,-288.2,22900,2569.2507,1.9227887,-288.23279677,58.202984,-7.1381283,94.66,0.0039085937,3214.9734,6.157118
3319,23100,-11.20294703208559,6,294,0.0003,-282.4,23000,1587.3159,2.03022,-282.3995785,55.95237,-5.552124,95.77,0.0038166859,2185.0254,2.4254298
3333,23200,-10.982447443715607,6,295,0.0003,-276.3,23100,24.06711,2.161971,-276.32787729000006,53.90268,-9.661987,96.04,0.0037280682,43.83771,0.9482784
3347,23300,-10.974289349650086,6,297,0.0003,-275.8,23200,11.959591,2.470279,-275.78677880000004,59.716965,-8.860916,95.78,0.0036304723,65.3689,52.69101
3360,23400,-10.57438954575482,6,298,0.0003,-269.6,23300,3.2434487,2.4158962,-269.63893354,52.600258,-11.50791,96.25,0.003534722,12.9214,0.31145814
3373,23500,-10.321465860992616,6,299,0.0003,-263.2,23400,2.7792163,2.297327,-263.15212898000004,54.756844,-11.94146,96.43,0.0034531578,48.183342,2.7309523
3385,23600,-9.448066730627506,6,301,0.0003,-250.9,23500,12.3461485,2.1379092,-250.92288116000006,57.940483,-4.229724,97.91,0.0033692643,85.02064,9.098184
3398,23700,-9.448066730627506,6,301,0.0003,-250.9,23600,23.897236,2.281551,-250.92288116000006,54.977818,-10.937974,97.91,0.003286749,83.00148,0.35911682
3410,23800,-9.13900824338312,6,302,0.0003,-245.3,23700,6.4006314,0.6336764,-245.31923197,54.986267,30.834223,99.86,0.003224224,55.146065,0.8263265
3423,23900,-9.13900824338312,6,302,0.0003,-245.3,23800,9.381588,1.3738288,-245.31923197,55.930244,22.149254,99.86,0.00344192,37.806614,26.05106
3436,24000,-9.13900824338312,6,302,0.0003,-245.3,23900,2.6692817,1.9552506,-245.31923197,55.560577,8.257861,99.86,0.003567671,30.517105,0.94584423
3449,24100,-8.829464713552497,6,303,0.0003,-240.2,24000,3105.7935,3.1042783,-240.23043232000003,59.540657,-4.2637787,102.66,0.0035900604,4355.456,4.792983
3463,24200,-8.407023083032568,6,304,0.0003,-234.0,24100,3.160736,2.9095259,-233.95366934,55.69406,-3.0803018,102.81,0.0036065148,22.875923,2.9462347
3478,24300,-8.407023083032568,6,304,0.0003,-234.0,24200,3.0449004,2.75079,-233.95366934,54.939957,-6.3766084,102.81,0.0035332576,65.33656,1.4008348
3490,24400,-8.407023083032568,6,304,0.0003,-234.0,24300,7.5756774,1.8354665,-233.95366934,55.08487,5.7551813,102.81,0.0035846652,55.981293,7.6164947
3503,24500,-8.030622352740346,6,305,0.0003,-228.4,24400,1542.0787,2.3699694,-228.37066288000003,54.751984,-2.4310427,105.64,0.0036304083,2169.0708,6.7806277
3517,24600,-8.030622352740346,6,305,0.0003,-228.4,24500,1540.4972,3.327499,-228.37066288000003,56.316547,4.702986,105.64,0.0036088238,2191.5476,4.7180533
3530,24700,-8.030622352740346,6,305,0.0003,-228.4,24600,3090.0034,2.5860672,-228.37066288000003,59.56261,-4.315997,105.64,0.0036190131,4399.2295,8.869348
3542,24800,-7.231629235420273,6,308,0.0003,-210.4,24700,6.9646482,2.267808,-210.37726099,55.396343,-5.2091312,108.43,0.0035534839,72.031204,5.734253
3555,24900,-6.59528093454531,7,311,0.0003,-196.9,24800,1527.549,2.2616372,-196.85485733000002,53.547615,-10.136724,106.04,0.0034736812,2159.9395,2.9411147
3567,25000,-6.347022719962808,7,312,0.0003,-190.9,24900,3.868419,2.451128,-190.86351287999997,53.00114,-12.724473,106.69,0.0033915534,39.987717,1.8610439
3580,25100,-6.347022719962808,7,312,0.0003,-190.9,25000,4.081139,1.5737455,-190.86351287999997,54.508533,-0.4692002,106.69,0.0034023023,45.266823,4.731101
3592,25200,-6.347022719962808,7,312,0.0003,-190.9,25100,1542.5625,2.0789313,-190.86351287999997,58.043625,-3.9656909,106.69,0.0033785729,2235.5063,3.6451213
3606,25300,-6.1508808646650746,7,313,0.0003,-185.5,25200,11.729385,2.16869,-185.4960734,54.806732,-11.464501,109.37,0.0033128082,17.559317,1.1522378
3618,25400,-6.021549134507442,7,314,0.0003,-178.9,25300,21.341187,2.1065755,-178.87031589999998,53.630703,-9.994829,110.03,0.003228578,78.31998,0.5147201
3632,25500,-6.021549134507442,7,314,0.0003,-178.9,25400,6.866336,2.0409198,-178.87031589999998,56.14961,-7.97679,110.03,0.003126143,85.36012,3.1696076
3645,25600,-6.021549134507442,7,314,0.0003,-178.9,25500,1506.0101,2.0185828,-178.87031589999998,53.2757,25.028599,110.03,0.003136263,2180.327,5.0420985
3657,25700,-5.795878641763741,7,315,0.0003,-173.0,25600,935.77094,2.4526107,-172.99274125,57.728867,-3.6589463,112.74,0.0031926667,1039.2487,23.161886
3671,25800,-5.795878641763741,7,315,0.0003,-173.0,25700,12.855771,2.4259963,-172.99274125,54.55061,-9.405262,112.74,0.0031346946,18.416962,3.5350523
3684,25900,-5.795878641763741,7,315,0.0003,-173.0,25800,40.234047,2.3235154,-172.99274125,51.86704,-11.567547,112.74,0.003045096,54.928467,1.3114469
3696,26000,-5.540221829002455,7,316,0.0003,-167.2,25900,909.62,2.3856456,-167.24903228,54.732117,-10.778345,115.48,0.002970218,1017.9188,38.218082
3709,26100,-5.540256519261176,7,317,0.0003,-167.4,26000,1490.9354,2.3716142,-167.36921875,58.145645,-4.380937,115.74,0.0029270062,2269.25,5.5873065
3722,26200,-5.541315577181098,7,318,0.0003,-167.4,26100,4451.852,2.2390552,-167.43234226999996,58.941063,-6.633858,115.78,0.0028631166,6460.713,6.7341266
3734,26300,-5.541315577181098,7,318,0.0003,-167.4,26200,22.91679,2.3246078,-167.43234226999996,52.86514,-8.864725,115.78,0.0027866913,74.95593,1.473026
3747,26400,-5.541315577181098,7,318,0.0003,-167.4,26300,1483.7056,2.257392,-167.43234226999996,55.820805,-8.236588,115.78,0.0027092774,2217.3787,6.10843
3759,26500,-5.2432974273369215,7,320,0.0003,-155.4,26400,1487.3995,2.3894477,-155.37587757999998,58.164852,-13.2903595,117.52,0.0026271055,2206.9692,6.5584054
3773,26600,-4.987882029254427,7,321,0.0003,-149.2,26500,1472.5391,1.8480153,-149.24142942,53.93436,0.7068289,117.51,0.0025581839,2183.5222,5.1176653
3786,26700,-4.987882029254427,7,321,0.0003,-149.2,26600,10.741075,2.0530863,-149.24142942,53.17111,14.722628,117.51,0.0026583695,25.309809,5.8281374
3800,26800,-4.987882029254427,7,321,0.0003,-149.2,26700,2.1263278,2.4419656,-149.24142942,54.84349,-1.9468589,117.51,0.0027053158,88.970665,1.0961887
3813,26900,-4.720595056179366,7,322,0.0003,-144.0,26800,22.475874,2.6107666,-143.9579994,52.292282,-8.303191,120.28,0.0026840759,56.04489,1.3126132
3825,27000,-4.720595056179366,7,322,0.0003,-144.0,26900,4.540786,2.7360427,-143.9579994,52.715324,-7.5370574,120.28,0.0026439165,52.890476,3.689783
3838,27100,-4.720595056179366,7,322,0.0003,-144.0,27000,7.670365,2.862823,-143.9579994,56.457844,-6.6312566,120.28,0.0025866362,148.9365,10.818139
3850,27200,-4.16670055711067,7,324,0.0003,-132.6,27100,2905.0073,2.6840415,-132.60292184,55.096054,-10.308136,123.5,0.0025369932,4312.076,4.474833
3863,27300,-3.749885038706654,7,326,0.0003,-120.0,27200,1442.2599,2.284363,-120.03936752999998,53.0671,0.47613,123.65,0.0025311895,2151.4517,2.0846665
3875,27400,-3.662149924130963,7,327,0.0003,-113.9,27300,2288.7253,2.2893057,-113.89528591999996,57.778027,-7.164542,123.89,0.0024943652,3149.7246,6.6328864
3888,27500,-3.662149924130963,7,327,0.0003,-113.9,27400,2.9795852,2.0595398,-113.89528591999996,54.07279,7.7344837,123.89,0.002468649,35.451122,2.2396605
3900,27600,-3.662149924130963,7,327,0.0003,-113.9,27500,46.19709,2.4629457,-113.89528591999996,58.89256,-0.14581168,123.89,0.0025337762,77.42824,8.791616
3913,27700,-3.2394716926537224,7,328,0.0003,-108.4,27600,65.71596,2.265561,-108.39096334,58.79448,9.399631,126.74,0.002535363,138.20302,10.8958235
3925,27800,-2.9282962054108195,7,329,0.0003,-102.6,27700,38.967197,2.4731507,-102.63391134,51.870327,-12.006542,127.81,0.0024939098,84.89276,2.5112815
3938,27900,-2.9282962054108195,7,329,0.0003,-102.6,27800,21.8698,1.9292972,-102.63391134,55.505577,-2.9664514,127.81,0.0024347133,114.73562,0.89493996
3952,28000,-2.9282962054108195,7,329,0.0003,-102.6,27900,19.7714,2.03089,-102.63391134,52.95218,3.707622,127.81,0.0023832608,102.372925,3.282051
3966,28100,-2.61648950926757,7,330,0.0003,-97.3,28000,1421.0525,2.4872386,-97.26584150000001,56.55222,3.287354,130.61,0.0024219821,2189.7708,13.4044485
3979,28200,-2.354081209674936,7,331,0.0003,-91.3,28100,7.0216136,2.6296175,-91.28512597999999,52.42157,-11.869046,131.37,0.002390529,55.4334,45.96306
3993,28300,-2.354081209674936,7,331,0.0003,-91.3,28200,4.4974957,2.547957,-91.28512597999999,52.56368,-9.074473,131.37,0.0023561497,12.579565,0.47732437
4007,28400,-2.354081209674936,7,331,0.0003,-91.3,28300,1429.0028,2.3953319,-91.28512597999999,57.719822,0.091915965,131.37,0.0023210938,2188.3586,11.23993
4021,28500,-2.3555328816795957,7,332,0.0003,-91.7,28400,1445.7274,2.454432,-91.72062758000001,56.215385,-5.4829974,131.37,0.00228782,2282.6794,5.346556
4034,28600,-2.35633700078097,7,333,0.0003,-91.6,28500,4.882147,2.456873,-91.57761972,50.790318,-1.5546176,130.91,0.002232339,40.49764,3.0489476
4048,28700,-2.35633700078097,7,333,0.0003,-91.6,28600,1.4444289,2.2809696,-91.57761972,48.674812,-9.127797,130.91,0.0021708768,11.300614,0.08088557
4060,28800,-2.35633700078097,7,333,0.0003,-91.6,28700,1.4761572,2.4799614,-91.57761972,49.13679,-12.30209,130.91,0.002104979,9.984175,0.12987244
4074,28900,-2.356355702230117,7,334,0.0003,-91.8,28800,12.921674,2.492929,-91.84184905000001,53.43994,-6.8419,132.08,0.0020346197,45.92682,5.9473467
4086,29000,-2.356355702230117,7,334,0.0003,-91.8,28900,1405.4432,2.4934192,-91.84184905000001,57.947514,-4.6301765,132.08,0.0019708017,2244.614,5.9197145
4099,29100,-2.356355702230117,7,334,0.0003,-91.8,29000,3.4803147,2.324471,-91.84184905000001,51.863472,-5.365799,132.08,0.0019410293,16.65697,0.98078895
4112,29200,-1.590501488832725,7,336,0.0003,-80.3,29100,3.636773,2.485819,-80.30352055,50.513477,-9.140234,135.51,0.0018930652,54.09942,1.6482103
4125,29300,-1.590501488832725,7,336,0.0003,-80.3,29200,7.9034576,2.3811655,-80.30352055,55.572838,-8.904802,135.51,0.0018315699,137.88206,5.425683
4138,29400,-1.3437408954168826,7,337,0.0003,-74.7,29300,24.476805,2.2820525,-74.69728368,50.475464,13.057212,137.22,0.0017683607,87.27495,23.946165
4151,29500,-1.1009213078831335,7,338,0.0003,-68.5,29400,19.562506,2.7118597,-68.48331321999999,52.528473,-0.73449016,137.46,0.0018207219,166.0744,1.7733024
4163,29600,-0.9301477717654895,7,339,0.0003,-62.5,29500,3.8345852,2.8093648,-62.48120322999999,50.19903,-6.1154146,137.9,0.0018085681,72.86534,1.4871747
4177,29700,-0.9305946908430854,7,340,0.0003,-62.9,29600,1417.2805,2.7459154,-62.85056473999999,55.138687,-6.8062143,138.67,0.0017630834,2329.0317,4.097499
4190,29800,-0.9305946908430854,7,340,0.0003,-62.9,29700,1398.7476,2.2588212,-62.85056473999999,54.64895,-6.5574555,138.67,0.0017122279,2297.2317,6.2280307
4205,29900,-0.9305946908430854,7,340,0.0003,-62.9,29800,3608.0972,2.6036751,-62.85056473999999,55.38747,-4.4115734,138.67,0.0016693851,5208.439,27.932278
4220,30000,-0.9302772489675679,7,341,0.0003,-63.6,29900,793.2755,2.7469366,-63.58853894,62.82139,1.2352433,140.68,0.0016824742,1089.5974,27.63865
4234,30100,-0.9312295004282841,7,342,0.0003,-63.1,30000,17.32435,1.0024165,-63.099101499999996,47.767647,6.055653,138.6,0.0016663311,26.820168,7.127508
4246,30200,-0.931465670214561,7,344,0.0003,-62.5,30100,1377.1367,1.566407,-62.47701601,54.306454,7.761737,136.47,0.0017110911,2199.5083,6.8727913
4259,30300,-0.931465670214561,7,344,0.0003,-62.5,30200,6.5203214,2.1731973,-62.47701601,53.41765,0.65041244,136.47,0.0016939455,102.90084,6.560143
4272,30400,-0.931465670214561,7,344,0.0003,-62.5,30300,36.146255,2.3735063,-62.47701601,51.47989,5.4707794,136.47,0.001717128,146.45448,5.505769
4285,30500,-0.9316884448681946,7,345,0.0003,-63.2,30400,14.340954,2.5685754,-63.21625142,51.525436,-3.2582364,138.71,0.001698474,16.434952,6.2629414
4297,30600,-0.9316884448681946,7,345,0.0003,-63.2,30500,15.409449,1.834192,-63.21625142,57.700027,6.572124,138.71,0.0016631606,267.12262,23.394016
4310,30700,-0.9316884448681946,7,345,0.0003,-63.2,30600,13.568096,1.6236594,-63.21625142,51.161686,27.402622,138.71,0.0016889353,43.812733,12.80179
4323,30800,-0.9314552091802512,7,346,0.0003,-63.9,30700,16.554071,2.0292513,-63.94498714999999,48.535305,19.871515,141.16,0.0018101615,76.44778,1.0488942
4335,30900,-0.9314552091802512,7,346,0.0003,-63.9,30800,1389.6118,2.2456522,-63.94498714999999,49.542862,2.5871317,141.16,0.0018656836,2205.5186,6.821559
4347,31000,-0.9314552091802512,7,346,0.0003,-63.9,30900,2720.013,2.3434343,-63.94498714999999,53.441338,12.9746,141.16,0.0018894201,4347.9824,71.75332
4360,31100,-0.9313651376513415,7,347,0.0003,-64.3,31000,758.3473,2.3386593,-64.29799204,51.4042,0.9778581,142.1,0.0019148631,948.9344,6.5452523
