# {"t_start": 1565015067.9175298, "env_id": "highway-discrete-v0"} 
r,l,t
-630.859363,72,3.100146
-704.589937,225,7.836881
-644.848509,113,10.189136
-666.384707,163,13.572367
-149.066787,300,19.825285
-607.442646,37,20.590626
-610.581369,24,23.984971
-628.508837,100,26.076883
-662.23588,215,30.422209
-616.444107,45,31.331404
-620.654024,68,32.726517
-609.874978,37,33.510974
-624.158031,60,34.741499
-626.444975,92,36.643839
-613.542177,42,37.501151
-613.184894,42,38.353672
-614.688456,39,45.706348
-639.54048,128,48.315373
-612.152784,35,49.04619
-702.667039,194,53.065984
-663.279433,145,55.916832
-631.534241,80,57.516772
-147.781206,300,63.99984
-619.68993,62,68.054176
-643.865662,114,70.618623
-139.708568,300,77.260484
-633.72996,67,78.607187
-84.653791,300,84.779184
-612.788174,50,85.82486
-624.271925,76,87.421012
-626.254062,61,90.063165
-628.574671,80,91.695579
-613.599146,44,92.600199
-619.077745,67,93.970807
-681.875981,205,98.177622
-629.648699,84,99.878403
-633.020617,73,101.361688
-136.433888,300,107.771305
-610.202795,31,108.430941
-635.869799,103,112.479456
-623.883216,98,114.561863
-680.824629,189,118.483077
-620.787449,50,119.512587
-614.681714,51,120.569461
-603.783833,24,121.075703
-619.999469,48,122.0274
-622.391591,96,124.016335
-620.111902,48,125.018756
-694.364309,224,129.771269
-614.575248,42,130.643741
-606.73377,25,131.154301
-681.817639,258,137.37829
-652.260733,137,140.152634
-623.881852,57,141.312606
-609.262845,32,141.961804
-176.835942,300,148.356728
-629.888428,83,150.057563
-617.826664,64,151.402271
-153.570221,300,159.975127
-643.850049,112,162.291482
-620.034864,80,163.957009
-613.976128,67,165.347969
-609.187997,28,165.920414
-164.589377,300,172.162145
-626.24133,100,174.176524
-120.583491,300,181.274171
-610.717139,31,181.9214
-622.062251,90,183.819992
-610.293316,31,184.451525
-625.361892,65,185.777434
-626.388477,64,187.081737
-118.872265,300,193.267967
-616.038275,53,194.351191
-625.915805,64,195.674694
-620.48246,65,197.841753
-129.644617,300,203.95502
-605.25443,29,204.548736
-622.225938,51,205.593419
-609.967926,33,206.266037
-609.983778,25,206.767077
-121.827076,300,212.843672
-607.641225,29,213.437751
-626.484097,64,214.748777
-614.339036,83,216.3836
-145.966549,300,224.029362
-638.242652,116,226.413039
-628.582299,97,228.437078
-618.4764,60,229.659476
-645.874827,90,231.549237
-644.323209,108,233.761634
-613.995283,43,240.15803
-655.412081,207,244.165778
-608.958386,26,244.753998
-614.111929,44,245.764139
-615.119761,42,246.699095
-620.263242,55,247.925877
-110.154416,300,254.103485
-626.933415,69,255.532108
-644.838207,110,257.757028
-170.594441,300,267.184374
-627.691612,95,269.097245
-610.740926,26,269.62409
-122.327536,300,275.699923
-613.264092,38,276.478616
-110.910398,300,288.484384
-119.901709,300,294.609852
-702.896024,186,298.438426
-638.878773,120,300.871181
-608.143052,27,304.342297
-650.21527,100,306.353063
-605.310967,26,306.90404
-612.1758,43,307.777864
-613.358156,43,308.654338
-677.381956,197,312.682577
-146.254083,300,318.977162
-630.375049,85,320.769353
-617.893458,45,321.689934
-613.682341,30,325.805706
-134.918867,300,332.066678
-610.450198,31,332.725539
-130.184186,300,338.945387
-638.899309,88,340.737016
-159.313818,300,353.530367
-619.063388,46,354.448316
-657.414111,169,357.863759
-131.496033,300,364.080055
-643.654787,157,367.346802
-619.610605,77,370.408834
-627.204456,67,371.775798
-634.199784,110,374.091577
-627.513554,80,375.709227
-607.171745,24,376.206571
-612.158609,47,377.171058
-618.358058,56,378.319067
-674.395344,174,381.94128
-620.358248,99,383.931275
-617.698429,56,385.12575
-621.850654,73,386.600985
-623.599592,102,392.347088
-623.374825,78,393.937965
-623.928833,64,395.249006
-676.319614,136,398.023147
-619.448593,46,398.971997
-611.076209,59,400.16707
-126.112254,300,406.332002
-612.686122,37,407.095776
-641.497177,130,409.738299
-636.782529,136,414.437427
-653.242019,168,417.887771
-625.399091,64,419.173442
-609.015053,40,420.00765
-612.899173,32,420.662239
-149.907285,300,427.099559
-634.567498,78,428.684372
-635.324966,117,431.035003
-650.373653,128,435.692675
-647.313336,126,438.243716
-716.667125,291,444.340819
-625.982323,92,446.213266
-105.012261,300,452.280845
-628.230631,70,453.670259
-655.14422,130,457.017905
-612.49016,31,457.652208
-641.943325,109,459.888712
-647.239131,103,461.970391
-151.919528,300,468.468893
-619.182698,67,469.822684
-609.644735,31,470.477945
-613.413363,57,471.664429
-605.691293,29,472.255731
-620.188772,45,473.189793
-613.520829,61,474.402662
-630.865937,82,477.630763
-634.541544,85,479.358167
-607.173617,27,479.912295
-626.017079,49,480.887585
-613.772182,53,481.959956
-155.325078,300,488.138367
-650.12841,151,491.276116
-603.017105,26,491.804575
-648.952517,95,493.745458
-610.059405,31,497.904454
-696.087642,219,502.633745
-619.237361,52,503.691558
-679.84201,193,507.641095
-128.119257,300,513.806841
-696.020557,222,518.177894
-611.995803,37,519.469503
-663.951453,207,523.809499
-129.406627,300,529.985383
-633.651423,77,531.578712
-643.117581,156,534.729933
-620.721768,41,535.562695
-619.663983,65,536.901134
-636.217924,94,542.269675
-159.526577,300,548.548427
-641.716585,103,550.650735
-606.793801,36,551.401781
-631.471053,74,552.891003
-611.189436,31,553.520925
-659.279782,168,556.991984
-121.304814,300,568.105915
-610.573787,33,568.79368
-623.274117,70,570.227987
-134.817427,300,576.499683
-637.572162,83,578.210344
-633.134748,108,585.65556
-125.080456,300,591.263593
-190.726195,300,597.574806
-124.43906,300,603.651462
-187.012529,300,610.499794
-626.752431,72,611.945408
-96.918843,300,618.067138
-135.878456,300,624.193343
-611.564811,30,626.210094
-614.658895,39,626.994515
-616.10832,60,628.20261
-131.198348,300,634.366382
-612.710789,34,635.068554
-617.015266,59,636.259709
-623.903232,68,637.660248
-626.069093,81,639.30567
-145.362766,300,645.489684
-629.250378,84,648.630075
-623.987452,64,649.941983
-618.338168,59,651.231259
-613.792138,44,652.256871
-642.208061,131,655.260468
-667.52263,168,658.978474
-646.248128,85,660.727181
-619.062944,56,661.877109
-654.529181,100,663.816622
-611.824004,27,669.570276
-150.888317,300,675.951962
-609.789021,29,676.547147
-126.3099,300,682.786348
-618.472474,56,683.937385
-132.30615,300,690.374269
-166.342834,300,697.343354
-127.239907,300,703.638305
-143.602655,300,709.842515
-605.699816,25,713.283246
-113.806795,300,719.557609
-666.314857,163,722.915976
-649.531825,119,725.391202
-662.599344,235,730.161271
-621.676815,54,731.271638
-670.664061,128,733.96989
-697.746302,246,739.442953
-159.668604,300,745.821257
-126.409782,300,751.933511
-169.344022,300,763.250018
-625.090384,53,764.430643
-702.812087,180,768.129509
-625.698611,93,770.040995
-633.123802,92,771.962898
-614.90816,43,772.854313
-606.583489,29,773.449974
-635.41054,90,780.391483
-612.976255,42,781.228978
-604.241701,23,781.700302
-672.646066,212,786.098081
-144.999614,300,792.748367
-631.781993,90,794.585239
-621.489795,81,796.285109
-620.111999,54,801.674217
-123.405666,300,808.028065
-130.049842,300,814.11487
-620.364987,61,815.35237
-624.314083,63,816.660443
-670.305676,142,819.496223
-640.395426,93,821.35822
-118.548442,300,828.386468
-661.54203,123,831.182231
-670.245759,198,835.660945
-154.160658,300,842.465039
-683.195694,244,850.800122
-618.612911,81,852.62195
-693.094829,236,857.230574
-632.900161,131,860.184641
-619.515693,61,861.580169
-614.659074,43,862.486893
-620.819705,71,863.957724
-153.15926,300,873.714233
-684.498003,187,877.437637
-125.680944,300,883.417854
-625.7705,74,890.157401
-610.752461,32,890.816188
-640.936117,103,892.939173
-124.201003,300,899.195045
-709.93665,289,905.075226
-646.948861,90,906.931775
-628.678895,98,908.925707
-175.38621,300,916.40844
-619.77172,90,918.126025
-123.075179,300,924.282538
-92.59019,300,930.308192
-142.094247,300,937.966997
-625.743065,63,939.281143
-628.993529,56,940.421562
-116.924934,300,946.652699
-632.051382,111,948.944776
-616.639623,47,949.898605
-637.151826,91,955.14437
-607.706324,29,955.755473
-609.666437,40,956.562433
-672.469701,125,959.162326
-136.316531,300,965.530404
-631.705953,78,967.113875
-633.646263,111,969.291024
-618.402854,67,970.682744
-627.190402,101,976.929598
-634.478129,98,978.963743
-644.293571,125,981.542087
-616.503041,55,982.657792
-610.99807,31,983.301572
-676.227441,263,988.838921
-737.741674,283,994.433308
-611.811853,35,996.956717
-611.806249,54,998.056397
-643.472195,115,1000.422791
-122.394887,300,1006.593533
-620.486232,53,1007.679708
-99.89425,300,1013.973995
-633.868734,148,1017.004336
-612.880791,62,1019.121598
-618.469719,47,1020.086807
-613.018731,48,1021.045297
-93.029014,300,1027.283056
-688.854061,288,1032.657321
-630.818315,78,1034.302359
-627.316319,93,1036.196738
-142.033171,300,1044.619493
-670.768171,221,1048.974291
-612.793518,64,1050.299801
-688.026697,162,1053.558078
-626.859288,88,1055.368487
-674.784135,188,1063.407619
-189.91314,300,1069.671949
-121.1666,300,1075.965966
-630.59848,119,1078.376348
-620.228089,79,1082.900927
-701.673809,259,1088.286803
-158.850514,300,1095.132699
-682.942596,185,1098.901608
-609.603951,40,1099.714673
-665.456015,157,1106.637365
-618.71842,57,1107.813013
-671.033956,222,1112.387755
-132.492981,300,1118.765002
-634.106339,111,1121.00382
-158.013868,300,1131.560535
-692.811513,242,1136.867731
-618.107849,39,1137.659565
-641.72743,105,1139.751217
-711.269211,220,1144.28357
-623.530735,72,1145.76568
-657.898019,184,1151.031911
-651.504979,109,1153.307562
-157.572818,300,1159.500463
-136.478011,300,1165.541898
-115.880218,300,1174.419515
-612.660491,37,1175.167096
-121.391482,300,1181.669721
-619.24463,78,1183.293084
-700.815519,196,1187.292972
-626.246832,47,1191.066082
-641.347327,113,1193.382559
-652.308801,153,1196.478157
-640.851543,88,1198.258663
-725.55459,256,1203.435841
-625.202127,72,1204.927738
-676.726243,151,1207.903589
-119.739493,300,1217.261329
-616.253934,42,1218.135067
-624.523893,67,1219.506547
-626.4604,94,1221.411605
-613.73878,34,1222.103133
-621.054918,54,1223.199603
-127.971096,300,1228.687019
-618.73975,76,1233.447944
-617.143633,59,1234.662432
-608.091361,23,1235.137844
-611.014905,54,1236.364253
-632.33849,97,1238.307585
-114.979897,300,1244.503438
-693.34666,194,1248.520521
-676.545862,140,1251.231723
-635.531268,141,1256.388442
-635.10658,77,1257.964715
-129.672725,300,1264.205353
-656.603121,122,1266.733014
-628.254732,75,1268.257773
-635.717645,95,1270.198258
-704.580575,291,1280.968034
-609.77669,33,1281.649673
-608.293086,31,1282.284431
-628.064753,76,1283.822836
-610.065078,30,1284.443439
-653.205458,121,1286.897055
-169.806704,300,1292.803592
-608.471171,30,1293.42312
-620.98398,47,1297.164886
-149.286838,300,1303.214511
-624.190874,66,1304.572519
-641.679764,159,1307.831686
-606.801599,23,1308.300556
-154.731081,300,1314.407258
-609.433888,30,1315.025378
-624.559378,93,1319.371161
-174.518109,300,1325.410834
-727.866336,293,1331.431706
-145.260348,300,1337.616357
-631.731423,104,1340.996805
-612.643697,42,1341.857712
-624.055029,75,1343.393047
-132.478835,300,1349.947592
-165.866278,300,1355.882804
-657.302093,180,1364.225302
-631.887647,72,1365.691997
-651.050607,123,1368.177839
-619.781453,70,1369.627889
-614.155641,56,1370.773523
-629.162119,77,1372.319795
-615.52433,31,1372.961486
-162.405926,300,1378.656402
-623.436442,62,1382.767993
-97.715662,300,1388.919405
-150.870829,300,1395.381007
-160.378302,300,1402.283202
-614.473448,62,1403.697303
-139.956332,300,1411.097534
-740.472708,235,1416.533274
-108.071789,300,1422.979038
-631.834454,76,1424.50984
-611.779139,43,1428.19069
-655.442174,116,1430.494373
-735.932468,285,1436.618824
-112.052028,300,1443.632119
-620.296844,59,1451.316488
-673.586556,180,1455.071152
-628.657523,122,1457.610731
-635.412643,123,1460.16173
-144.740094,300,1466.544379
-677.791329,141,1469.451427
-617.08529,66,1473.313597
-173.499576,300,1479.787053
-649.090788,106,1481.982872
-136.698214,300,1488.099468
-627.825965,71,1489.542288
-681.501041,136,1496.497185
-677.977638,191,1500.518981
-125.59997,300,1506.889178
-621.499153,81,1508.589764
-170.509018,300,1514.782088
-641.256844,126,1518.217588
-682.487369,177,1521.905506
-627.863634,57,1523.101453
-694.023687,183,1526.853564
-648.912676,162,1530.320136
-691.109695,236,1535.209543
-128.836828,300,1543.825479
-154.518392,300,1549.859511
-616.854154,62,1551.138308
-696.360489,254,1556.326526
-701.751678,218,1563.508999
-607.911492,40,1564.335894
-631.173842,77,1565.859826
-144.037264,300,1571.958679
-736.051465,250,1577.058785
-655.253611,120,1579.502916
-139.785685,300,1586.797559
-101.147113,300,1593.250798
-181.67232,300,1599.468887
-627.216341,80,1601.107309
-139.00174,300,1608.610518
-168.49798,300,1614.764808
-615.501474,60,1615.987866
-638.373745,67,1617.340746
-156.877775,300,1630.167701
-717.462202,287,1636.046943
-138.258765,300,1642.249968
-109.730585,300,1651.866139
-139.3195,300,1658.171035
-150.249963,300,1664.371099
-131.771535,300,1673.687825
-142.884397,300,1679.824032
-112.880675,300,1685.932786
-168.029003,300,1695.259928
-691.095441,186,1699.035526
-625.817507,77,1700.582529
-170.892928,300,1705.76306
-619.956506,76,1711.317877
-651.175935,144,1714.303979
-612.900368,42,1715.143178
-622.425101,61,1716.378376
-669.810969,132,1719.036855
-627.601241,64,1720.350164
-143.553375,300,1726.427353
-640.188109,81,1728.155621
-622.481809,68,1729.566702
-132.656176,300,1737.632254
-124.989086,300,1744.187878
-662.329384,146,1747.240652
-87.861593,300,1759.821322
-168.668421,300,1766.467004
-681.378542,177,1770.057148
-607.376929,33,1776.324926
-609.207342,50,1777.364271
-612.370234,38,1778.149396
-607.472081,29,1778.753607
-118.927386,300,1784.984421
-121.656742,300,1790.774666
-707.954689,191,1794.745995
-611.886535,47,1795.715074
-606.112306,29,1797.636772
-144.392418,300,1803.789272
-614.278567,53,1804.877154
-610.492393,32,1805.539717
-132.477419,300,1811.625944
-657.310877,189,1815.404608
-635.343667,102,1817.495457
-627.622212,101,1820.856138
-647.690366,102,1823.178282
-133.774368,300,1829.690507
-753.429012,258,1834.959088
-148.555302,300,1847.023077
-630.820484,101,1849.067744
-137.906828,300,1855.23396
-619.061265,55,1856.332929
-708.972518,233,1861.130097
-136.643511,300,1868.558256
-156.252208,300,1874.600236
-614.367852,67,1875.937506
-618.375451,51,1876.981394
-641.680419,104,1879.094218
-621.058267,54,1880.198368
-631.755491,118,1886.125745
-137.655652,300,1892.237992
-130.733666,300,1898.294434
-147.111449,300,1904.800642
-131.199188,300,1912.440477
-619.378196,64,1913.863106
-116.398522,300,1920.899715
-615.67619,45,1921.916092
-615.739628,51,1922.943349
-621.217519,60,1924.113588
-621.260155,61,1930.140468
-623.888904,67,1931.518981
-133.33999,300,1937.697583
-112.570091,300,1943.965097
-699.420691,219,1948.51842
-134.326068,300,1956.932553
-146.466697,300,1963.005791
-127.880057,300,1969.164818
-133.467658,300,1978.652504
-157.211727,300,1984.832789
-132.425848,300,1990.953792
-92.287514,300,2000.249339
-668.508352,192,2004.212108
-707.082809,218,2008.616702
-110.915914,300,2014.685558
-613.789409,95,2017.536183
-138.900353,300,2023.538321
-611.257981,34,2024.243541
-106.212716,300,2030.646889
-645.218622,123,2033.177345
-626.94768,129,2039.937756
-127.344967,300,2046.482835
-148.872748,300,2052.855345
-672.733096,145,2062.114659
-123.370194,300,2067.238957
-135.761066,300,2073.519917
-679.171468,164,2076.858566
-609.648158,29,2080.39346
-616.994774,41,2081.224975
-607.985085,32,2081.884421
-141.932684,300,2088.324159
-142.481261,300,2094.698318
-101.763993,300,2100.869275
-119.996998,300,2108.225258
-91.565232,300,2114.228565
-627.363666,86,2115.981869
-640.930386,103,2118.030227
-620.861777,54,2119.135806
-603.56871,24,2119.628893
-137.765111,300,2129.297205
-102.991991,300,2135.472508
-87.048561,300,2141.569594
-661.917649,121,2144.037941
-129.41016,300,2151.004547
-109.027167,300,2157.351538
-619.704097,58,2158.543939
-122.871595,300,2164.677608
-747.589253,293,2172.831101
-115.020579,300,2178.996114
-133.777501,300,2185.247826
-612.550556,32,2185.897785
-95.907337,300,2194.706501
-612.958736,38,2195.477709
-611.278266,35,2196.184985
-606.778067,29,2196.772381
-660.23933,134,2199.55983
-608.567015,28,2200.145845
-718.462779,291,2206.106027
-127.976029,300,2216.503419
-604.313064,25,2217.013177
-132.963904,300,2223.390051
-616.08071,48,2224.395818
-123.643265,300,2230.678712
-750.079266,275,2238.071079
-150.178371,300,2244.351558
-168.420483,300,2250.415109
-120.65476,300,2260.364035
-98.32989,300,2266.839704
-138.676945,300,2272.972188
-689.661565,277,2281.860383
-88.705016,300,2288.05612
-134.282145,300,2293.982872
-640.023812,103,2296.041255
-696.408063,204,2301.846731
-113.557852,300,2307.68567
-133.348147,300,2313.977599
-120.4921,300,2325.036776
-672.706832,173,2328.570126
-113.203649,300,2334.892241
-119.216138,300,2346.974625
-605.642408,29,2347.58149
-101.928864,300,2353.876213
-660.282416,212,2358.355608
-679.064324,277,2368.351991
-613.879959,36,2369.108806
-651.219512,158,2372.367485
-87.806104,300,2378.183582
-81.841349,300,2389.589943
-146.59289,300,2395.655518
-631.356156,173,2399.119363
-620.262347,129,2412.096135
-616.369,52,2413.14766
-113.066931,300,2419.208272
-115.17824,300,2425.474895
-127.70528,300,2437.540931
-619.746097,51,2438.579984
-94.247078,300,2444.800262
-143.316427,300,2451.128726
-635.526355,145,2456.211795
-95.115327,300,2462.120714
-640.50623,100,2464.187516
-613.748989,53,2465.265458
-128.549782,300,2471.36091
-644.320108,115,2476.916957
-113.404161,300,2483.118007
-131.946459,300,2489.166118
-111.568726,300,2495.386082
-133.734381,300,2502.675001
-93.54982,300,2509.019457
-610.368351,46,2509.941329
-87.076671,300,2515.755054
-120.732497,300,2524.15357
-608.287125,27,2524.708527
-92.39879,300,2530.904426
-129.257832,300,2537.04537
-662.13744,198,2543.765194
-628.127211,73,2545.299519
-72.977577,300,2551.489311
-142.890837,300,2557.911536
-619.709141,63,2559.191098
-641.023044,116,2564.042196
-665.974462,150,2567.148702
-124.332344,300,2573.460629
-117.924839,300,2579.923844
-608.898282,36,2584.610425
-697.432885,250,2589.460447
-653.181671,167,2592.85149
-102.074432,300,2598.619782
-669.803947,274,2610.43398
-97.732145,300,2616.565891
-106.78747,300,2622.741998
-650.244529,194,2630.349255
-100.498005,300,2636.563932
-102.823233,300,2642.571058
-111.566667,300,2654.159781
-661.445863,174,2657.757522
-81.385238,300,2663.884001
-76.95127,300,2675.930209
-133.39114,300,2682.09782
-610.73818,40,2682.932992
-662.993497,211,2687.337601
-131.381194,300,2698.142867
-146.683262,300,2704.201013
-631.085846,98,2706.218476
-89.487842,300,2712.402816
-140.164982,300,2720.017269
-130.653092,300,2726.145377
-675.181713,214,2731.020212
-615.030711,38,2737.435143
-98.021319,300,2744.283231
-76.405587,300,2750.858802
-111.658786,300,2757.130216
-135.533708,300,2765.737192
-613.776278,50,2766.74406
-142.701114,300,2772.827112
-613.711647,57,2774.011919
-623.279118,83,2775.734019
-150.019802,300,2787.465801
-113.575129,300,2793.607443
-647.684685,143,2796.553688
-121.74852,300,2809.025496
-123.648058,300,2815.022324
-627.548173,82,2816.688773
-133.498409,300,2823.092888
-612.477841,56,2825.812839
-116.768935,300,2831.942501
-135.179628,300,2838.012961
-608.675002,31,2838.652029
-606.999979,22,2839.104764
-89.434934,300,2845.127318
-110.809011,300,2852.258404
-106.820318,300,2858.251016
-654.562156,154,2861.385536
-81.920161,300,2873.946781
-703.425255,281,2879.614462
-701.352324,275,2885.230402
-95.271556,300,2895.527904
-127.786818,300,2901.560511
-99.847947,300,2907.859138
-626.32098,67,2912.455695
-601.529589,23,2912.925706
-105.640881,300,2919.041121
-100.425906,300,2925.084331
-86.240127,300,2931.213559
-74.665099,300,2938.640034
-63.052223,300,2944.629596
-114.12035,300,2950.711467
-77.443548,300,2960.134068
-685.589781,261,2965.708844
-73.805997,300,2972.073357
-94.316358,300,2982.144374
-80.695933,300,2988.511782
-120.213969,300,2994.821556
-101.649206,300,3004.378301
-625.956381,77,3005.946611
-79.230105,300,3012.024781
-106.702791,300,3017.981307
-125.837148,300,3027.048072
-107.590215,300,3033.17966
-56.65136,300,3039.328773
-619.622069,79,3040.926224
-122.308405,300,3048.540182
-84.945121,300,3054.317952
-75.555806,300,3060.474444
-71.332425,300,3070.009713
-630.091624,98,3071.977795
-126.505626,300,3077.777221
-102.100453,300,3083.849947
-104.880189,300,3091.289341
-130.3562,300,3097.417955
-91.970678,300,3103.441405
-607.71506,45,3107.977199
-84.278312,300,3114.12284
-72.633597,300,3120.090309
-77.998554,300,3126.022905
-611.476301,50,3127.017064
-89.385182,300,3134.084724
-57.049174,300,3140.382215
-59.306902,300,3146.959003
-57.201115,300,3157.259609
-81.457159,300,3164.011534
-83.541782,300,3170.620431
-609.153549,37,3171.354958
-79.802959,300,3180.29291
-88.587344,300,3186.364958
-106.127173,300,3192.522793
-118.376408,300,3201.900581
-646.029505,153,3204.989588
-98.049853,300,3211.10644
-627.181039,217,3215.41523
-608.554059,81,3218.915445
-112.440983,300,3225.08426
-87.98502,300,3231.326861
-88.543605,300,3237.652332
-92.172136,300,3245.435506
-63.239296,300,3250.718639
-602.665864,25,3251.232418
-615.81352,89,3253.01158
-603.059849,26,3253.531272
-81.459187,300,3266.116458
-609.28247,33,3266.778993
-118.828666,300,3272.896469
-65.784223,300,3279.549129
-106.632755,300,3289.276262
-89.872502,300,3295.89378
-67.75956,300,3302.774139
-607.017141,79,3308.241522
-89.389255,300,3314.215096
-118.550418,300,3320.45217
-37.295547,300,3326.415805
-102.501759,300,3334.492849
-660.560819,153,3337.581038
-634.402531,143,3340.476478
-612.265421,63,3341.73589
-611.964789,86,3343.399285
-634.42536,122,3352.139961
-95.863401,300,3358.189777
-606.822661,36,3358.901566
-100.194278,300,3364.900814
-84.983471,300,3376.895398
-611.675279,38,3377.664702
-127.968279,300,3383.871836
-91.085501,300,3389.776717
-70.313056,300,3398.394118
-94.986808,300,3404.406775
-83.765541,300,3410.496503
-609.861989,31,3411.119156
-99.243072,300,3419.978203
-47.812861,300,3426.178523
-107.579894,300,3432.348537
-101.971943,300,3441.823711
-99.985765,300,3447.973426
-85.060805,300,3454.197649
-614.707754,47,3458.48871
-69.524498,300,3464.660142
-103.175069,300,3470.870826
-72.586026,300,3476.842266
-609.394799,43,3477.709036
-69.428398,300,3485.366033
-120.603971,300,3491.510921
-67.213564,300,3497.275509
-56.101131,300,3506.836438
-81.20629,300,3513.020462
-652.813143,201,3517.026972
-611.145849,61,3523.702624
-68.538828,300,3529.767798
-65.247473,300,3535.902765
-110.67213,300,3542.173839
-55.188977,300,3550.30737
-627.135338,148,3553.240856
-607.773642,28,3553.807509
-65.778027,300,3559.873422
-624.817804,87,3561.624393
-621.648734,84,3563.297688
-605.292454,37,3564.049706
-54.59033,300,3571.810564
-610.499174,43,3572.674259
-605.848303,58,3573.829434
-72.945709,300,3580.163124
-74.70832,300,3586.205001
-92.412143,300,3593.864475
-611.149244,51,3595.062467
-56.400772,300,3601.707273
-69.863536,300,3607.799496
-616.237846,44,3608.70012
-114.772763,300,3616.158903
-95.415686,300,3621.921026
-100.876329,300,3627.676141
-67.763921,300,3637.856114
-72.522262,300,3644.477664
-619.534038,129,3647.092776
-616.046538,109,3649.262238
-622.545622,118,3655.991163
-620.138572,88,3657.772425
-93.256655,300,3663.74007
-82.650188,300,3669.832215
-614.083745,106,3677.342267
-620.948757,112,3679.541311
-88.374596,300,3685.565228
-125.613126,300,3691.599757
-628.019297,182,3700.623677
-87.584446,300,3706.38639
-33.028834,300,3712.415571
-96.190144,300,3723.764708
-82.874734,300,3729.793728
-103.7025,300,3735.878013
-607.912155,47,3740.197821
-59.91251,300,3745.830438
-624.431769,135,3748.590144
-92.810597,300,3754.763365
-98.96807,300,3767.555142
-631.482296,104,3769.881331
-608.132255,28,3770.50602
-104.111659,300,3777.003299
-61.091746,300,3790.121786
-89.976866,300,3796.109859
-89.506025,300,3801.96492
-86.238751,300,3811.347899
-615.672933,152,3814.439612
-75.262279,300,3820.594256
-69.025932,300,3833.29893
-646.677273,168,3836.652581
-90.096464,300,3843.037176
-610.590642,34,3843.724598
-89.459905,300,3854.454313
-62.366584,300,3860.577291
-639.97395,136,3863.292377
-76.515508,300,3876.036126
-622.140248,98,3877.973739
-41.831869,300,3883.762851
-51.348323,300,3889.79233
-96.9788,300,3897.453948
-613.041742,52,3898.49354
-90.78941,300,3904.274645
-654.211513,241,3909.212588
-611.39454,56,3913.933217
-87.336519,300,3920.070594
-140.795698,300,3926.243092
-85.359036,300,3932.365648
-101.816555,300,3940.482099
-608.083346,26,3941.01526
-635.024823,112,3943.24054
-49.809681,300,3949.303681
-612.252624,68,3950.716287
-614.907076,49,3957.143581
-53.258331,300,3963.302331
-614.403404,73,3964.780725
-104.392107,300,3970.814237
-618.941982,72,3972.281084
-111.975857,300,3983.567971
-81.571897,300,3989.246173
-75.593939,300,3995.541694
-93.55201,300,4005.220477
-102.862663,300,4011.294815
-104.981952,300,4017.478821
-666.427414,297,4026.954339
-98.291068,300,4033.283066
-55.499236,300,4039.146894
-58.592326,300,4048.73408
-70.222748,300,4054.849869
-87.296325,300,4060.385304
-612.866222,113,4066.092659
-614.429752,66,4067.421774
-131.534145,300,4073.554414
-607.364274,37,4074.303751
-114.289084,300,4080.175454
-53.543677,300,4091.499278
-630.78617,131,4094.150014
-117.374553,300,4099.832637
-82.452766,300,4112.488473
-613.680962,160,4115.73382
-117.296419,300,4121.713281
-652.809513,192,4132.206239
-103.857845,300,4138.284066
-124.098362,300,4144.464073
-125.454404,300,4156.28866
-119.677457,300,4162.315613
-613.98801,66,4163.652239
-64.647597,300,4169.675968
-618.180328,85,4173.516294
-86.288793,300,4178.774892
-50.81796,300,4184.826915
-89.785982,300,4191.39012
-90.188541,300,4199.13457
-97.131327,300,4205.365072
-110.207563,300,4212.350856
-119.85233,300,4221.944788
-91.462386,300,4228.079591
-68.177819,300,4234.311225
-616.982353,60,4235.544648
-631.431892,137,4240.588765
-73.581946,300,4246.747038
-87.022794,300,4252.89148
-621.694358,98,4254.887323
-93.148221,300,4265.706847
-666.382166,270,4271.218954
-58.852614,300,4277.163377
-74.918744,300,4287.248427
-104.244546,300,4293.288658
-608.123888,27,4293.833397
-95.533356,300,4298.986027
-70.831387,300,4308.111256
-613.372047,131,4310.793662
-41.690033,300,4316.894167
-673.408579,204,4321.117481
-101.766905,300,4329.530427
-104.848281,300,4335.683858
-76.660331,300,4341.832299
-92.197659,300,4351.592735
-626.357398,121,4354.098605
-607.23445,31,4354.742646
-121.714103,300,4361.143176
-58.70175,300,4373.782679
-51.578952,300,4380.243382
-53.488389,300,4386.538505
-612.435376,44,4390.91353
-64.919035,300,4396.782017
-55.839119,300,4402.256602
-604.333983,30,4402.873759
-667.848044,297,4408.391307
-58.574401,300,4417.111362
-79.422348,300,4422.91265
-64.726506,300,4429.084595
-38.115067,300,4439.120532
-56.412303,300,4445.052528
-68.477864,300,4450.781343
-108.681679,300,4460.582962
-70.698757,300,4466.857736
-631.544672,126,4469.450655
-55.933402,300,4482.41149
-62.980985,300,4488.625896
-33.340054,300,4495.228716
-609.311777,51,4496.272887
-92.649785,300,4504.899556
-609.144829,44,4505.779333
-618.56647,73,4507.274684
-612.087254,39,4508.069503
-126.250971,300,4514.342899
-60.490343,300,4527.54721
-59.645731,300,4533.572171
-613.760286,170,4537.016303
-130.143876,300,4549.760751
-618.359546,78,4551.440954
-618.597984,102,4553.671496
-102.339609,300,4559.645747
-64.820265,300,4571.826293
-75.561273,300,4577.934151
-47.530078,300,4584.082402
-105.10183,300,4593.559844
-81.097653,300,4599.715294
-78.353473,300,4605.923641
-64.719557,300,4615.722955
-113.696121,300,4621.577779
-111.393073,300,4627.720205
-70.555541,300,4637.31101
-614.60302,47,4638.239913
-604.030403,23,4638.706788
-632.305218,299,4644.777049
-89.820078,300,4650.894941
-60.996942,300,4659.349656
-67.184164,300,4665.006206
-92.479212,300,4671.484783
-618.157786,234,4679.846656
-108.807064,300,4685.913583
-96.107261,300,4691.906945
-626.577934,82,4693.559047
-45.550067,300,4702.909783
-603.112927,23,4703.37453
-103.032526,300,4709.434663
-610.356693,59,4710.632161
-602.710904,21,4711.061305
-608.351616,42,4711.913293
-113.174778,300,4724.855324
-624.017206,108,4727.073121
-80.816654,300,4732.663961
-82.600435,300,4738.962335
-69.568848,300,4746.395927
-83.055159,300,4752.706083
-94.973236,300,4758.717382
-602.156854,23,4762.776969
-76.882111,300,4768.942172
-60.597108,300,4774.995344
-86.962448,300,4781.122703
-606.132102,40,4785.473106
-633.635321,109,4787.662813
-99.548869,300,4793.628786
-94.750825,300,4799.726913
-114.999369,300,4812.414085
-75.140443,300,4818.320149
-611.522399,43,4819.195051
-52.713238,300,4825.633026
-606.612968,37,4826.375817
-72.178734,300,4834.410629
-614.786774,61,4835.619536
-118.658637,300,4841.766202
-617.521285,163,4845.031692
-68.854038,300,4856.084278
-35.568809,300,4862.327405
-66.166844,300,4868.529899
-74.504073,300,4878.520349
-64.278717,300,4884.715708
-56.814884,300,4890.869526
-58.891708,300,4900.448911
-608.904535,41,4901.27134
-64.402132,300,4907.468105
-610.272193,95,4909.57927
-103.073629,300,4922.606204
-625.918703,93,4924.497928
-113.752071,300,4929.869532
-68.090645,300,4936.024247
-47.916386,300,4943.761601
-643.888178,292,4949.649474
-73.304566,300,4955.567701
-608.100377,48,4956.542783
-609.605973,96,4961.254404
-68.875273,300,4967.473105
-59.722707,300,4973.234285
-73.889587,300,4979.271971
-602.364075,24,4979.754031
-604.709199,39,4981.735779
-89.622123,300,4988.007569
-44.207923,300,4994.16023
-73.629705,300,5000.197426
-622.615707,112,5005.44093
-51.674763,300,5011.448
-69.09596,300,5017.661683
-610.666746,32,5018.310019
-60.399138,300,5031.539863
-64.72442,300,5037.689486
-59.504282,300,5043.881124
-615.069899,123,5050.043059
-83.457936,300,5056.374321
-610.164667,78,5057.992949
-81.708276,300,5064.284847
-57.31837,300,5076.324387
-46.681648,300,5082.597444
-607.237427,83,5084.284706
-617.854068,66,5085.613836
-83.824689,300,5098.850735
-36.787758,300,5105.066137
-77.377845,300,5111.263799
-43.750066,300,5121.062487
-608.609526,82,5122.701338
-638.134406,146,5125.650408
-80.80724,300,5131.741393
-81.319828,300,5142.717271
-607.765009,31,5143.342227
-615.367426,151,5146.397485
-71.265916,300,5152.595921
-612.608485,33,5159.400191
-628.451075,289,5165.236009
-629.746857,141,5168.188613
-97.405362,300,5174.334365
-623.8623,131,5177.070402
-657.529785,159,5184.075813
-59.283129,300,5190.192581
-69.597458,300,5196.217391
-609.451053,47,5197.170704
-607.066911,32,5203.540956
-62.09634,300,5209.847855
-609.937826,71,5211.304755
-75.668371,300,5217.443951
-610.669925,54,5218.571627
-89.318998,300,5231.344732
-624.659594,117,5233.772025
-68.565685,300,5239.839523
-99.007606,300,5245.604363
-607.626691,40,5247.836617
-81.91349,300,5254.453271
-61.958004,300,5260.852216
-618.496167,127,5263.727507
-93.541083,300,5277.387532
-63.201219,300,5284.161585
-85.908116,300,5290.901958
-603.244928,30,5291.578647
-611.926897,47,5292.632747
-67.389996,300,5301.581065
-85.254917,300,5308.322328
-55.107217,300,5314.963391
-608.231615,82,5320.762223
-88.822281,300,5327.387905
-69.171871,300,5334.300901
-631.80018,144,5337.543153
-605.860401,70,5344.33991
-63.520069,300,5350.440606
-67.532863,300,5356.547967
-106.847195,300,5362.514854
-67.729109,300,5370.660979
-643.937315,171,5374.160714
-54.671415,300,5380.22615
-117.740083,300,5392.790193
-77.757396,300,5399.033804
-629.870906,109,5401.165629
-610.309733,98,5403.147813
-614.072615,84,5404.864039
-620.026925,94,5406.767718
-75.970953,300,5414.758439
-105.948593,300,5420.94025
-63.695518,300,5426.391624
-69.633546,300,5439.187736
-75.567859,300,5445.556696
-103.359812,300,5451.755735
-66.423425,300,5461.458538
-646.969491,206,5465.628659
-617.013191,72,5467.068712
-93.428502,300,5473.211989
-78.83729,300,5483.67207
-77.717358,300,5489.703659
-608.55017,47,5490.644343
-625.266776,117,5492.920732
-66.033468,300,5505.198628
-82.006413,300,5511.299509
-606.9091,35,5512.017372
-615.202295,52,5513.048663
-72.70463,300,5519.163937
-609.865925,51,5522.150709
-74.662416,300,5528.516041
-63.685504,300,5534.629204
-653.637735,276,5540.227994
-636.913453,165,5546.791903
-43.834574,300,5553.137124
-620.5892,113,5555.4268
-79.241785,300,5561.602624
-615.440147,49,5562.615802
-66.976601,300,5572.184101
-90.915956,300,5578.299634
-59.6834,300,5584.327422
-616.485238,124,5590.657511
-78.826502,300,5596.742171
-100.371844,300,5602.909775
-82.995447,300,5608.9542
-71.865356,300,5616.360985
-665.194101,276,5621.899969
-629.383396,231,5626.417634
-45.574608,300,5638.071217
-85.315324,300,5644.236821
-74.909527,300,5650.428095
-60.178337,300,5660.340304
-622.273068,71,5661.774492
-612.401379,88,5663.530318
-627.660907,130,5666.145055
-71.088444,300,5672.797434
-66.387869,300,5683.28281
-68.603995,300,5689.355209
-605.156206,27,5689.914462
-611.804567,68,5691.298047
-89.524336,300,5697.393923
-636.420092,172,5702.820691
-626.396468,121,5705.238752
-75.582976,300,5711.669209
-607.678137,102,5713.76275
-71.785824,300,5720.077152
-622.260093,139,5724.714861
-610.509741,34,5725.421916
-631.852154,167,5729.013931
-64.384287,300,5735.277652
-617.331848,66,5736.599798
-66.012159,300,5743.105922
-626.863535,138,5747.705313
-68.342247,300,5753.855279
-56.85008,300,5759.993843
-80.289359,300,5773.180727
-608.877646,41,5774.013545
-81.528375,300,5780.149859
-621.558994,182,5783.80468
-611.477591,66,5785.197492
-85.675889,300,5795.276684
-100.641246,300,5801.509215
-617.471651,134,5804.106656
-612.728614,81,5805.770502
-605.73225,47,5812.156746
-610.048797,73,5813.637747
-69.412109,300,5819.833996
-87.283581,300,5825.924925
-610.704983,58,5827.110003
-68.953881,300,5839.692004
-616.300398,87,5841.445462
-82.290453,300,5847.754381
-53.901554,300,5853.908199
-633.157643,246,5861.205033
-84.049172,300,5867.482945
-41.909426,300,5873.876334
-606.182797,42,5879.910218
-63.490107,300,5886.025293
-642.589367,228,5890.632046
-633.086497,191,5894.478181
-607.064451,36,5895.220199
-60.126626,300,5907.207203
-72.475849,300,5913.242668
-75.469338,300,5919.54659
-618.28446,89,5925.233027
-65.552587,300,5931.577689
-41.546649,300,5937.728311
-634.889009,220,5942.227925
-603.321466,31,5946.606793
-34.404255,300,5952.993933
-663.173793,251,5958.166594
-78.063057,300,5964.390216
-615.960156,76,5970.157222
-619.310326,133,5972.865705
-66.779226,300,5978.905888
-64.164167,300,5985.042158
-634.430072,184,5988.749542
-106.526786,300,5997.32904
-76.397068,300,6003.332913
-86.397103,300,6009.467096
-601.525203,21,6014.190023
-641.155363,232,6019.00486
-607.004866,107,6021.219315
-44.360249,300,6027.379273
-42.236357,300,6033.66162
-613.091829,89,6038.189233
-65.57573,300,6044.242038
-605.36588,64,6045.592878
-642.43387,235,6050.555106
-97.146009,300,6056.299609
-69.055149,300,6064.245409
-102.402009,300,6070.642556
-77.114833,300,6076.580831
-614.330571,99,6082.553816
-607.878032,86,6084.29528
-115.27302,300,6090.415742
-97.01918,300,6096.626165
-90.323451,300,6109.061244
-605.777736,67,6110.498068
-54.43381,300,6116.770472
-86.39378,300,6122.973119
-602.407648,24,6123.461194
-630.024846,215,6129.829683
-67.178708,300,6135.895901
-611.891413,114,6138.163566
-26.107165,300,6143.993633
-60.198368,300,6153.642276
-611.780141,96,6155.808008
-79.371254,300,6162.020451
-46.637674,300,6168.381634
-45.867067,300,6176.400431
-40.7678,300,6182.558876
-617.703013,105,6184.67196
-57.923952,300,6190.70408
-59.563758,300,6199.082514
-639.184337,159,6202.371346
-95.578461,300,6208.412383
-69.898097,300,6221.475746
-602.104505,28,6222.050919
-632.371034,173,6225.616718
-71.662453,300,6231.547711
-45.776332,300,6243.319119
-44.361631,300,6249.476872
-64.213742,300,6255.683854
-33.714935,300,6265.535418
-70.999067,300,6271.145277
-81.00379,300,6277.233135
-617.752047,188,6284.756163
-63.133967,300,6290.802047
-56.784573,300,6297.031509
-613.105844,73,6298.494056
-66.760323,300,6309.071178
-32.781525,300,6314.923963
-85.22901,300,6321.027992
-48.169253,300,6330.98705
-58.591434,300,6337.120492
-85.977214,300,6343.288956
-613.84203,51,6344.319999
-34.158136,300,6353.30793
-76.82828,300,6359.35272
-55.168298,300,6365.697386
-81.457159,300,6375.256641
-86.1678,300,6381.565575
-80.184741,300,6387.424569
-91.441533,300,6397.637461
-35.355152,300,6403.426079
-41.332403,300,6409.49648
-88.840415,300,6419.630984
-610.85039,113,6421.952747
-69.056763,300,6428.060647
-71.11892,300,6434.277078
-650.013169,236,6440.914727
-55.589128,300,6446.963997
-88.438936,300,6453.167415
-607.853136,110,6460.699939
-617.262938,114,6462.993195
-605.03466,79,6464.575978
-57.189901,300,6470.625569
-603.653222,56,6471.776021
-606.960956,104,6473.881499
-74.78472,300,6486.656801
-623.26974,141,6489.585967
-59.160437,300,6495.7179
-91.097543,300,6509.256505
-603.484838,72,6510.897314
-604.782872,28,6511.534076
-56.898599,300,6518.015741
-66.184457,300,6524.494366
-106.930626,300,6532.683739
-608.843208,95,6534.570177
-65.887939,300,6540.867367
-617.919679,102,6542.921692
-603.943546,77,6544.496936
-629.760199,123,6551.386151
-80.62243,300,6557.546997
-602.603234,22,6557.994575
-68.522502,300,6564.090879
-613.189879,74,6565.600395
-58.447104,300,6577.284271
-79.692904,300,6583.437916
-88.596065,300,6589.590848
-601.80772,63,6590.879216
-86.165199,300,6599.577125
-67.375454,300,6605.830496
-605.042643,29,6606.422985
-68.211011,300,6612.575158
-68.849208,300,6622.236489
-20.649362,300,6628.601376
-609.304207,48,6629.588482
-72.704387,300,6635.745736
-605.726641,48,6636.725424
-72.956498,300,6644.360554
-98.981719,300,6650.454088
-605.37598,76,6652.011489
-606.168512,41,6652.858127
-83.999695,300,6658.872623
-77.572098,300,6666.517454
-89.328804,300,6672.625191
-45.43995,300,6678.825223
-74.977518,300,6689.188808
-67.687178,300,6695.362638
-92.07893,300,6701.564732
-63.681986,300,6711.647318
-28.852787,300,6717.767052
-103.922376,300,6723.8496
-606.496596,48,6728.873904
-79.80503,300,6734.978184
-78.835984,300,6741.11972
-73.072691,300,6746.840418
-77.241219,300,6755.547434
-49.881071,300,6761.798552
-63.764608,300,6767.736141
-109.455257,300,6779.14137
-30.269314,300,6785.262802
-70.856441,300,6791.363918
-60.439894,300,6801.382531
-68.367705,300,6807.524889
-68.802687,300,6813.914631
-603.006271,30,6818.425831
-610.926461,55,6819.545139
-81.932639,300,6825.800917
-42.897624,300,6831.93209
-49.70532,300,6837.895169
-50.695723,300,6846.447585
-622.969597,122,6848.938746
-623.749887,289,6854.903484
-647.951869,196,6858.890124
-607.234108,80,6860.488901
-606.740426,32,6861.130671
-633.744683,198,6867.015682
-610.688151,53,6868.113363
-85.14335,300,6874.414676
-63.273583,300,6880.452002
-621.841362,136,6883.209723
-73.968816,300,6891.84253
-56.432062,300,6898.015148
-59.646228,300,6904.305666
-618.036169,123,6906.795086
-45.56243,300,6914.639961
-618.476662,106,6916.753723
-39.381183,300,6923.01763
-85.369719,300,6928.863977
-28.83436,300,6937.014578
-86.83463,300,6943.105404
-644.459166,204,6947.181963
-632.488254,156,6950.375553
-48.874637,300,6959.186348
-66.901769,300,6965.454612
-61.153648,300,6971.628533
-608.349169,39,6972.427366
-605.631971,81,6974.088849
-616.411852,60,6976.935463
-603.680351,43,6977.818012
-75.855864,300,6983.836935
-108.012405,300,6990.186226
-70.478953,300,6996.377058
-65.734677,300,7004.607022
-45.57295,300,7010.938167
-618.186305,130,7013.556457
-612.481956,54,7014.652342
-623.565198,208,7018.711114
-611.490902,104,7023.220117
-617.612963,66,7024.552841
-59.947915,300,7030.736097
-71.843971,300,7037.187887
-65.719956,300,7050.220571
-605.093984,71,7051.668589
-93.108284,300,7057.891021
-67.635775,300,7064.094981
-42.429192,300,7072.654234
-85.80269,300,7078.689426
-108.111683,300,7084.776856
-601.828365,40,7089.711236
-65.080628,300,7096.013719
-77.284533,300,7102.103351
-48.308184,300,7108.313697
-608.822828,72,7113.235498
-18.161669,300,7118.887844
-63.758023,300,7125.114999
-675.500055,287,7131.28767
-603.849045,21,7131.733131
-621.190693,80,7135.711523
-65.799471,300,7141.796377
-121.742011,300,7148.156849
-110.267419,300,7154.331088
-59.362096,300,7163.081186
-54.481011,300,7169.374119
-77.18957,300,7175.896293
-604.113314,36,7176.630689
-612.896607,98,7181.918761
-98.268497,300,7188.120562
-79.013188,300,7194.146329
-604.787843,25,7194.653296
-608.099047,243,7199.501934
-127.324999,300,7208.228512
-66.211023,300,7214.108277
-88.558803,300,7220.310155
-614.795196,83,7221.999164
-25.740968,300,7230.641965
-81.874032,300,7236.660249
-84.850717,300,7243.213721
-35.599132,300,7253.839161
-69.24191,300,7260.015169
-50.206598,300,7266.298778
-617.573282,104,7268.499522
-607.911271,28,7271.159688
-34.607738,300,7277.452054
-644.577612,151,7280.524799
-62.366882,300,7286.861238
-615.882121,163,7297.025911
-56.194572,300,7303.004056
-64.439829,300,7309.147358
-25.395687,300,7323.114907
-62.704431,300,7329.390054
-75.07153,300,7335.180655
-88.288984,300,7345.816827
-82.636391,300,7352.120158
-88.406369,300,7358.282345
-611.80212,131,7365.233851
-623.221454,176,7368.749887
-65.856918,300,7374.807622
-81.202216,300,7381.163224
-57.183141,300,7391.693221
-82.627822,300,7398.021436
-52.104562,300,7404.054024
-73.377839,300,7413.950295
-98.313145,300,7420.287796
-44.437952,300,7426.420583
-85.488606,300,7436.898597
-68.739431,300,7443.112393
-78.468955,300,7449.317827
-622.392216,123,7451.775992
-63.721631,300,7459.909338
-69.156693,300,7465.360817
-37.677749,300,7470.627206
-60.575045,300,7481.066068
-53.445119,300,7486.743849
-75.023544,300,7492.905276
-606.673311,53,7498.143149
-114.235205,300,7504.254789
-68.890416,300,7510.241178
-619.412364,69,7511.631897
-607.082777,273,7517.286943
-611.539297,83,7521.179165
-609.775767,91,7523.040103
-56.0647,300,7529.169712
-606.544611,21,7529.598785
-76.403117,300,7535.832073
-95.298306,300,7548.488918
-601.731737,41,7549.323325
-75.852933,300,7555.342368
-26.020389,300,7561.744144
-77.953443,300,7571.216586
-56.572372,300,7577.353905
-21.627857,300,7583.588825
-74.755266,300,7593.968006
-642.710437,178,7597.617166
-69.451243,300,7603.191734
-620.105122,106,7605.295304
-26.038422,300,7615.974535
-616.961113,121,7618.507875
-51.462683,300,7624.604072
-71.191014,300,7630.568177
-62.049565,300,7638.727326
-64.581211,300,7644.839339
-98.050561,300,7650.949659
-61.851653,300,7660.931336
-100.58663,300,7667.209628
-600.91637,43,7668.091529
-73.905889,300,7674.24724
-54.402753,300,7683.697217
-71.658658,300,7689.897202
-62.373332,300,7696.141614
-80.952461,300,7706.619296
-48.061243,300,7712.777463
-58.547348,300,7718.947684
-71.618654,300,7729.34566
-618.802468,219,7733.817392
-603.876502,23,7734.291502
-70.221418,300,7740.397268
-603.034602,37,7741.168595
-612.534421,36,7741.906358
-36.823505,300,7751.973807
-78.410156,300,7757.971752
-57.654994,300,7764.006017
-94.257092,300,7774.599946
-56.152888,300,7780.730467
-611.631344,90,7782.549866
-55.41007,300,7788.597708
-603.893686,31,7791.570225
-72.355202,300,7797.754098
-79.643119,300,7803.94499
-612.994107,46,7804.898821
-62.618197,300,7811.152736
-602.208713,23,7811.638049
-68.758503,300,7820.250216
-604.49456,45,7821.177226
-60.864259,300,7827.198942
-89.041715,300,7833.288568
-90.037409,300,7842.477227
-604.969969,43,7843.350063
-40.137047,300,7849.768706
-627.286408,140,7852.568499
-49.437379,300,7865.568666
-79.255704,300,7871.944074
-37.069642,300,7877.838235
-110.090985,300,7888.322112
-89.061066,300,7894.539727
-602.295512,33,7895.211971
-76.426691,300,7901.405325
-40.240623,300,7911.037174
-614.79338,232,7915.687491
-83.612035,300,7921.770569
-88.881942,300,7933.71969
-66.222998,300,7939.635846
-606.519242,63,7940.885922
-611.655416,66,7942.233624
-56.663906,300,7956.179882
-51.807522,300,7962.402581
-59.646784,300,7968.522744
-29.074403,300,7979.161639
-77.992994,300,7985.5257
-602.279718,43,7986.416987
-53.076145,300,7992.589534
-67.78818,300,8002.600019
-107.871189,300,8008.70739
-57.913142,300,8014.660228
-608.420844,59,8015.844762
-612.034942,66,8020.244949
-607.01958,43,8021.124208
-113.474062,300,8027.275676
-607.044708,59,8028.445642
-608.778971,51,8029.464038
-96.15034,300,8035.611246
-65.312882,300,8047.594581
-603.967515,38,8048.369581
-82.110974,300,8054.671036
-85.015619,300,8060.703444
-84.011048,300,8070.128061
-88.747564,300,8075.515205
-624.992724,176,8079.103235
-635.286019,148,8082.067594
-93.545084,300,8091.959868
-51.394544,300,8097.356525
-617.705736,89,8099.162136
-107.692214,300,8104.652438
-606.336718,52,8108.2577
-96.537032,300,8114.431801
-69.124493,300,8120.509238
-92.35993,300,8126.746565
-603.690693,24,8127.236861
-74.619241,300,8136.85544
-61.550262,300,8143.738219
-69.272804,300,8150.452485
-606.925053,30,8151.049972
-55.127018,300,8160.97435
-63.357336,300,8166.61137
-123.45359,300,8172.801246
-101.301405,300,8183.23246
-76.631756,300,8189.351949
-77.35223,300,8195.500764
-32.528596,300,8206.529353
-49.850203,300,8212.789932
-70.966255,300,8219.343192
-92.635113,300,8230.105419
-56.51152,300,8236.824513
-63.092242,300,8242.990582
-67.678078,300,8255.226
-77.405798,300,8261.299505
-53.454643,300,8267.461482
-77.288932,300,8278.009592
-625.62143,238,8282.877977
-610.896916,54,8283.996172
-60.505975,300,8290.100317
-609.127921,105,8292.18739
-45.527042,300,8300.797336
-617.897884,103,8302.929904
-75.087663,300,8309.016708
-111.745596,300,8315.273326
-88.645196,300,8324.986408
-76.736255,300,8331.171802
-80.166032,300,8337.605975
-603.314383,34,8342.758317
-112.743843,300,8348.72786
-21.529346,300,8354.856397
-57.358228,300,8361.001065
-607.714294,37,8365.567301
-68.227617,300,8371.635838
-51.469717,300,8377.784839
-67.74355,300,8383.858337
-84.308463,300,8393.863191
-97.367635,300,8399.941593
-603.463052,46,8400.87648
-67.305019,300,8406.875006
-64.123433,300,8416.219839
-33.711914,300,8422.234652
-52.047946,300,8428.851673
-84.22578,300,8439.611499
-90.738367,300,8445.809495
-606.584996,91,8447.630787
-74.858993,300,8453.879757
-110.713812,300,8462.660283
-67.635755,300,8468.687
-87.42826,300,8474.270478
-629.263434,191,8482.517372
-47.972973,300,8488.671778
-620.844329,151,8491.68029
-46.924637,300,8497.875253
-76.299055,300,8507.17263
-86.686572,300,8513.08272
-78.76753,300,8518.959655
-634.143733,205,8527.363395
-55.873193,300,8533.480816
-606.386268,53,8534.563269
-68.537947,300,8540.829052
-651.057532,268,8551.665311
-75.432874,300,8557.708093
-78.468129,300,8563.428034
-94.983296,300,8574.304864
-98.910037,300,8580.321309
-605.134595,31,8580.955832
-80.130617,300,8587.126585
-57.79775,300,8596.757137
-602.341723,52,8597.796331
-77.46234,300,8603.961692
-101.912449,300,8609.855031
-66.269111,300,8619.001578
-64.435561,300,8625.155764
-62.561636,300,8630.084923
-67.088153,300,8640.598481
-83.229643,300,8646.356458
-94.589171,300,8652.558747
-82.018154,300,8663.243656
-82.166282,300,8669.685709
-606.280906,44,8670.659135
-56.174438,300,8676.440175
-79.212766,300,8685.977028
-78.794278,300,8692.047959
-637.311901,270,8697.547905
-605.747528,42,8698.399926
-65.08438,300,8708.872132
-66.039525,300,8715.669369
-81.232841,300,8722.047835
-632.522947,118,8724.49206
-57.297824,300,8732.819222
-97.962774,300,8738.969733
-606.634095,88,8740.727782
-52.153071,300,8746.835933
-62.015455,300,8755.78813
-94.063338,300,8761.993618
-613.685612,81,8763.66606
-58.399215,300,8769.220683
-83.958982,300,8778.088259
-632.513216,259,8783.447369
-623.917064,136,8786.17487
-98.097535,300,8792.186508
-76.818382,300,8801.123827
-614.30879,99,8803.139782
-100.27336,300,8809.605828
-92.992892,300,8815.666142
-43.165836,300,8824.262333
-609.389579,63,8825.547482
-633.774028,85,8827.326211
-68.5091,300,8833.308512
-75.245192,300,8846.799603
-96.791324,300,8852.980339
-79.870264,300,8859.093684
-603.315782,51,8864.467148
-621.265921,83,8866.191207
-61.658446,300,8872.197093
-83.863494,300,8878.298733
-64.250426,300,8891.465616
-81.21205,300,8897.602844
-91.321177,300,8903.630942
-49.946094,300,8914.024663
-50.638063,300,8919.947788
-59.631485,300,8925.785723
-606.893705,28,8926.350048
-606.586631,47,8930.922993
-38.050435,300,8937.073606
-608.77468,49,8938.078054
-622.718092,105,8940.220544
-662.880479,292,8946.43348
-73.648493,300,8958.92869
-604.100478,35,8959.638501
-94.53084,300,8965.937937
-83.415536,300,8972.066495
-90.240972,300,8982.056724
-55.730026,300,8988.050627
-96.060874,300,8994.325356
-48.376435,300,9005.431666
-611.795834,212,9009.859139
-94.198304,300,9015.931239
-607.862378,62,9023.693354
-78.753998,300,9029.425252
-603.360315,31,9030.053599
-86.609759,300,9036.48548
-87.125867,300,9042.518965
-84.921644,300,9051.478994
-60.404917,300,9057.4754
-117.830534,300,9063.621811
-604.505086,26,9068.727042
-88.301675,300,9074.960519
-83.869787,300,9081.125846
-607.219739,60,9082.357413
-68.490384,300,9088.397444
-72.495691,300,9097.210646
-605.841552,35,9097.920728
-56.265264,300,9104.234484
-80.087606,300,9110.454285
-96.687463,300,9120.459214
-617.86306,57,9121.612288
-634.033294,155,9124.75759
-63.753946,300,9130.696253
-99.176894,300,9143.831797
-65.736784,300,9149.900869
-88.164525,300,9155.987134
-62.134009,300,9166.573388
-629.602175,223,9171.178594
-605.614513,42,9172.017015
-63.597148,300,9178.075222
-62.600275,300,9189.510218
-67.015579,300,9195.276227
-69.51745,300,9201.362062
-606.967923,44,9206.561194
-602.32494,41,9207.383007
-60.653499,300,9213.361269
-59.401532,300,9219.322104
-96.010732,300,9225.392951
-73.749449,300,9234.353133
-53.675246,300,9240.574493
-67.192938,300,9246.60114
-604.378333,43,9251.777492
-603.163381,82,9253.466212
-612.662982,97,9255.465529
-679.114226,280,9261.336639
-83.665438,300,9267.564936
-48.594482,300,9280.194179
-40.005379,300,9286.168782
-58.928633,300,9292.361373
-82.927714,300,9302.873687
-70.599663,300,9309.47839
-87.690241,300,9316.023653
-53.785513,300,9326.718538
-77.56286,300,9332.893455
-76.379004,300,9339.002949
-602.868352,41,9339.842471
-603.470759,46,9344.699881
-605.589985,61,9345.939335
-78.710775,300,9352.107005
-61.215035,300,9358.311269
-63.460851,300,9364.443266
-636.447517,165,9370.23817
-72.931167,300,9376.344026
-48.642248,300,9382.033868
-20.434675,300,9395.522611
-92.205975,300,9401.676025
-67.080006,300,9407.605631
-63.323086,300,9418.120876
-59.805253,300,9424.29764
-78.824662,300,9430.397323
-55.536821,300,9441.016985
-85.538651,300,9446.451958
-86.523812,300,9452.672105
-47.960233,300,9462.969373
-72.422373,300,9469.212126
-80.563533,300,9475.424407
-50.406262,300,9485.944688
-61.725184,300,9492.209398
-45.050922,300,9498.298506
-610.804293,45,9499.204586
-70.485665,300,9509.209333
-80.952474,300,9515.338398
-41.708082,300,9521.1104
-67.314957,300,9532.14488
-47.287957,300,9537.895419
-610.119257,92,9539.798183
-56.005249,300,9545.618362
-55.294054,300,9554.661659
-616.027479,125,9557.231301
-81.619985,300,9563.749477
-615.67101,109,9565.967992
-603.781525,29,9572.5986
-60.328854,300,9578.91562
-67.893218,300,9585.004377
-118.569196,300,9590.975886
-68.59227,300,9601.481165
-602.778584,29,9602.073525
-82.200948,300,9608.254291
-54.287481,300,9614.005544
-612.89911,94,9615.905255
-606.093452,86,9619.600929
-62.833287,300,9625.399587
-59.181672,300,9631.590915
-83.870077,300,9637.881716
-42.692264,300,9656.395108
-60.808742,300,9662.629155
-102.953729,300,9668.938058
-91.93328,300,9679.716432
-105.351263,300,9685.940216
-29.030673,300,9691.995116
-68.694617,300,9702.740844
-58.985005,300,9708.651604
-71.004107,300,9714.790154
-63.34215,300,9725.244986
-608.065288,83,9726.914381
-611.866992,89,9728.722372
-95.009557,300,9734.408053
-103.04285,300,9747.766604
-677.619778,163,9751.075997
-42.753297,300,9757.254004
-692.160326,247,9769.692056
-628.450207,89,9771.53728
-90.985243,300,9777.755037
-601.480063,25,9778.264524
-80.435239,300,9784.315018
-607.775786,66,9788.917644
-47.066365,300,9794.969569
-616.593417,121,9797.41496
-86.662747,300,9803.421693
-74.947428,300,9816.452151
-103.952163,300,9822.622663
-643.77452,228,9827.383438
-618.305975,107,9835.507966
-71.847775,300,9841.819153
-84.01771,300,9847.778205
-80.360011,300,9853.951406
-609.622217,75,9857.832683
-88.605935,300,9863.876726
-107.367206,300,9869.330077
-90.901741,300,9875.266448
-95.893041,300,9884.007118
-77.374214,300,9890.167319
-604.071866,25,9890.693197
-36.668151,300,9896.949404
-43.283823,300,9907.218075
-77.207425,300,9913.261917
-84.435829,300,9918.905132
-608.039571,73,9920.38505
-45.348979,300,9929.660318
-98.044319,300,9935.744015
-47.5816,300,9941.560438
-33.252547,300,9952.318102
-85.075344,300,9958.355549
-99.599035,300,9964.609453
-64.898596,300,9975.448874
-64.211998,300,9981.654556
-67.794461,300,9987.912595
-614.134886,99,9989.924173
-83.496246,300,9998.597975
-30.75704,300,10005.045981
-86.308877,300,10011.094986
-87.991003,300,10021.935598
-70.37433,300,10027.971197
-84.089466,300,10034.008465
-47.428697,300,10044.547213
-92.339047,300,10050.769599
-74.538934,300,10056.826139
-77.035897,300,10067.585096
-87.855811,300,10073.717832
-611.668726,112,10076.015231
-605.141586,72,10077.500613
-71.117301,300,10090.544693
-114.557409,300,10096.686095
-664.218739,184,10100.492941
-53.98065,300,10113.465795
-52.803972,300,10119.52893
-100.139672,300,10125.715037
-65.02172,300,10136.377188
-92.484361,300,10142.490295
-59.0973,300,10148.602324
-81.839187,300,10159.229342
-605.857777,44,10160.119995
-72.620955,300,10166.079224
-107.518671,300,10172.13866
-56.776144,300,10181.865434
-602.186008,44,10182.746874
-44.740753,300,10188.700499
-73.941447,300,10194.771288
-607.981217,72,10199.820502
-52.636632,300,10206.094047
-84.783301,300,10212.199496
-81.601037,300,10218.090756
-59.742424,300,10227.293889
-45.987638,300,10233.313432
-619.454265,170,10236.876832
-59.139121,300,10250.119645
-59.882356,300,10256.189292
-81.051925,300,10262.386797
-48.535267,300,10272.924195
-83.759477,300,10279.153226
-114.686289,300,10285.261413
-85.961467,300,10295.947139
-59.425928,300,10302.224979
-95.878213,300,10308.353725
-33.782976,300,10318.995722
-620.802249,83,10320.651156
-48.872517,300,10326.790376
-95.73795,300,10332.520659
-80.093757,300,10341.594647
-54.099848,300,10347.53934
-605.371084,27,10348.088352
-48.748581,300,10353.757006
-606.736356,44,10358.713864
-702.954882,245,10363.726155
-62.997946,300,10369.940554
-128.402023,300,10376.224624
-606.858576,107,10383.23262
-28.905279,300,10389.264546
-90.465571,300,10395.420191
-65.606341,300,10401.457095
-606.460355,38,10404.768073
-72.81146,300,10410.907679
-30.621932,300,10416.846412
-94.807719,300,10422.891282
-69.595523,300,10432.823019
-602.042199,59,10434.015932
-624.38247,188,10437.911469
-614.487425,72,10439.363464
-76.882495,300,10445.484523
-601.316553,20,10450.074856
-73.170897,300,10456.245164
-103.12965,300,10462.323524
-82.566641,300,10468.409667
-603.700874,43,10473.481035
-71.006094,300,10479.24242
-52.046144,300,10485.36552
-71.397246,300,10491.157313
-75.965198,300,10501.084903
-48.74887,300,10507.156086
-63.502732,300,10513.277829
-70.455002,300,10523.994499
-604.990389,76,10525.562162
-70.746766,300,10531.475369
-604.02942,35,10532.198428
-606.734612,63,10533.496857
-602.431712,38,10541.323864
-96.27677,300,10547.488968
-82.178374,300,10553.718245
-63.126509,300,10559.964719
-91.528714,300,10569.914169
-70.465058,300,10575.8964
-92.694906,300,10582.033697
-613.302755,76,10583.606087
-68.953753,300,10592.750336
-625.400916,183,10596.430336
-53.065219,300,10602.662752
-60.324065,300,10615.407611
-50.160349,300,10621.597321
-39.640527,300,10627.770619
-48.697403,300,10639.066682
-44.760461,300,10645.464508
-634.446619,193,10649.223513
-641.012206,250,10661.656313
-69.855429,300,10667.713134
-61.685601,300,10673.479242
-609.908636,73,10680.528471
-613.117475,160,10683.748636
-25.925541,300,10690.161054
-62.327795,300,10696.449924
-109.117731,300,10708.621938
-90.962651,300,10714.869945
-609.348779,68,10716.272106
-71.00189,300,10722.067306
-606.998626,41,10726.165809
-66.999598,300,10732.116899
-81.996025,300,10738.466652
-609.240939,71,10739.926394
-85.662534,300,10745.989624
-63.373907,300,10754.380266
-614.867207,171,10757.906932
-82.907402,300,10764.014538
-602.058363,46,10764.947307
-608.960547,46,10772.03763
-105.309678,300,10778.098812
-70.571683,300,10784.145624
-59.278496,300,10790.111544
-52.072547,300,10799.838794
-51.156147,300,10805.908791
-69.853068,300,10811.851266
-604.64169,53,10812.919304
-86.05528,300,10822.382002
-68.095323,300,10828.427756
-77.709164,300,10834.634481
-600.877412,37,10835.389933
-605.275727,149,10842.285691
-72.818564,300,10848.672588
-87.437331,300,10854.819625
-625.821465,146,10865.578558
-62.68565,300,10871.700664
-63.889151,300,10877.812879
